tinker_cookbook.utils.ml_log:477 [INFO] Logging to: tinker_cookbook\training_logs\sl_basic_NoRobots_qwen3.5-9B-base
tinker.lib.public_interfaces.service_client:131 [INFO] ServiceClient initialized for session c9cded9e-8851-5972-b0a1-617b8516db67
tinker.lib.public_interfaces.service_client:270 [INFO] TrainingClient initialized for model c9cded9e-8851-5972-b0a1-617b8516db67:train:0
tinker_cookbook.supervised.train:229 [INFO] Training for 74 batches x 1 epochs = 74 steps
tinker_cookbook.supervised.train:347 [INFO] Starting epoch 0
tinker_cookbook.utils.misc_utils:20 [INFO] Starting get_batch
tinker_cookbook.utils.misc_utils:23 [INFO] get_batch took 0.11 seconds
tinker_cookbook.supervised.train:259 [INFO] [33mUser: Write an three (3) paragraph story about the implications of not drinking coffee in the morning, from the point-of-view of a person who did not drink his coffee and the resulting chaos that ensued.
[0m[33m
[0m[33mAssistant:[0m[32m I made the mistake of forgetting to drink coffee today after drinking a cup every morning for the past year. It did not go well...at all. I usually wake up and make a cup of instant coffee. The caffeine perks me up and gets me ready for the rest of the day. But on this particular day, I was in a rush to go to the bank to do some business before I went to work, and I ended up leaving the house without my daily cup. 
[0m[32m
[0m[32mAs soon as I got into my car and started driving out of the driveway, I realized my mistake, but I was already on the move, and it was too late for me to turn around and go back for my hot beverage. So I decided to just forget it and continue on with the task at hand. I mean, it won't be a problem without one day of drinking coffee, will it? As soon as I finished that thought, I became distracted by a clown dancing at the corner of the upcoming intersection. The clown was spinning an arrow-shaped sign as it danced, so I couldn't quite make out what the sign said, but there appeared to be some printed writing on it. I stopped at the intersection and attempted to get a better look at the sign...or so I thought. 
[0m[32m
[0m[32mInstead of stopping at the intersection, I pressed my foot onto the wrong pedal and ended up accelerating through the intersection and was broadsided by a car coming from my right. As I brushed the shattered glass from the windshield off me, I looked up and saw that the vehicle that struck me was a blue-and-white police car, now with its blue lights flashing. I had been struck by a police officer trying to get to an emergency down the road, and I was subsequently ticketed for failing to stop at the stop sign. All of this was because I forgot my morning routine of drinking my morning cup of coffee. 
[0m[32m
[0m[32mUser:[0m
tinker_cookbook.utils.misc_utils:20 [INFO] Starting evals
tinker_cookbook.utils.misc_utils:23 [INFO] evals took 8.70 seconds
tinker_cookbook.utils.misc_utils:20 [INFO] Starting get_batch
tinker_cookbook.utils.misc_utils:23 [INFO] get_batch took 0.09 seconds
tinker_cookbook.supervised.train:259 [INFO] [33mUser: Write a paragraph to summarize the history of Calico, California.
[0m[33m
[0m[33mIn 1881, four prospectors were leaving Grapevine Station (present day Barstow, California) for a mountain peak to the northeast. After they described the peak as "calico-colored", the peak, the mountain range to which it belonged, and the town that followed were all called Calico.[5] The four prospectors discovered silver in the mountain and opened the Silver King Mine, which was California's largest silver producer in the mid-1880s.[5][6] John C. King, who had grubstaked the prospectors who discovered the silver vein (the Silver King Mine was thus named after him), was the uncle of Walter Knott founder of Knott's Berry Farm. 
[0m[33m
[0m[33mKing was sheriff of San Bernardino County from 1879 to 1882.[7][8][9][10] A post office at Calico was established in early 1882, and the Calico Print, a weekly newspaper, started publishing. The town soon supported three hotels, five general stores, a meat market, bars, brothels, and three restaurants and boarding houses. The county established a school district and a voting precinct.[11][12] The town also had a deputy sheriff and two constables, two lawyers and a justice of the peace, five commissioners, and two doctors. There was also a Wells Fargo office and a telephone and telegraph service.[5] At its height of silver production during 1883 and 1885,[11] Calico had over 500 mines and a population of 1,200 people.[5] Local badmen were buried in the Boot Hill cemetery.[13][14]
[0m[33m
[0m[33mThe discovery of the borate mineral colemanite in the Calico mountains a few years after the settlement of the town also helped Calico's fortunes, and in 1890 the estimated population of the town was 3,500, with nationals of China, England, Ireland, Greece, France, and the Netherlands, as well as Americans living there.[15] In the same year, the Silver Purchase Act was enacted and drove down the price of silver.[5] 
[0m[33m
[0m[33mBy 1896, its value had decreased to $0.57 per troy ounce, and Calico's silver mines were no longer economically viable.[5] The post office was discontinued in 1898,[16] and the school closed not long after.[11] By the turn of the century, Calico was all but a ghost town,[15] and with the end of borax mining in the region in 1907 the town was completely abandoned.[citation needed] Many of the original buildings were moved to Barstow, Daggett and Yermo.[15]
[0m[33m
[0m[33mAn attempt to revive the town was made in about 1915, when a cyanide plant was built to recover silver from the unprocessed Silver King Mine's deposits. Walter Knott and his wife Cordelia, founders of Knott's Berry Farm, were homesteaded at Newberry Springs around this time, and Knott helped build the redwood cyanide tanks for the plant.[15][17]
[0m[33m
[0m[33mAssistant:[0m[32m The ghost town of Calico got its name from four traveling prospectors in 1881 who left Grapevine Station in Barstow to go to a mountain peak to the northeast. These prospectors described the peak as "calico-colored", and the name of Calico stuck. The prospectors discovered silver in this mountain range and opened the Silver King Mine, which was named after John C. King, the uncle of Walter Knott, founder of Knott's Berry Farm. Calico established its post office in early 1882, and its local weekly newspaper called the Calico Print started publishing shortly after. Calico also benefitted from the discovery of borate mineral colemanite in its mountains and had a population of 3,500 in 1890. The Silver Purchase Act was enacted the same year, driving down the price of silver. The value of silver decreased to $0.57 per troy ounce by 1896, which made Calico's silver mines undesirable, leaving Calico a ghost town by the start of the 20th century.
[0m[32m
[0m[32mUser:[0m
tinker_cookbook.utils.misc_utils:20 [INFO] Starting step
tinker_cookbook.utils.misc_utils:23 [INFO] step took 2.66 seconds
tinker_cookbook.utils.ml_log:145 [INFO] Wrote metrics to tinker_cookbook\training_logs\sl_basic_NoRobots_qwen3.5-9B-base\metrics.jsonl
tinker_cookbook.utils.ml_log:197 [INFO] 
[3m                     Step 0                      [0m
┏━━━━━━━━━━━━━━━━━━━━━━━━━━━━━━━━┳━━━━━━━━━━━━━━┓
┃[1;35m [0m[1;35mMetric                        [0m[1;35m [0m┃[1;35m [0m[1;35mValue       [0m[1;35m [0m┃
┡━━━━━━━━━━━━━━━━━━━━━━━━━━━━━━━━╇━━━━━━━━━━━━━━┩
│[36m [0m[36mepoch                         [0m[36m [0m│[32m [0m[32m0           [0m[32m [0m│
│[36m [0m[36mlearning_rate                 [0m[36m [0m│[32m [0m[32m0.000200    [0m[32m [0m│
│[36m [0m[36mnum_loss_tokens               [0m[36m [0m│[32m [0m[32m27658.000000[0m[32m [0m│
│[36m [0m[36mnum_sequences                 [0m[36m [0m│[32m [0m[32m128         [0m[32m [0m│
│[36m [0m[36mnum_tokens                    [0m[36m [0m│[32m [0m[32m38252       [0m[32m [0m│
│[36m [0m[36mprogress                      [0m[36m [0m│[32m [0m[32m0.013514    [0m[32m [0m│
│[36m [0m[36mtest/nll                      [0m[36m [0m│[32m [0m[32m1.854293    [0m[32m [0m│
│[36m [0m[36mtime/evals                    [0m[36m [0m│[32m [0m[32m8.702879    [0m[32m [0m│
│[36m [0m[36mtime/get_batch                [0m[36m [0m│[32m [0m[32m0.110049    [0m[32m [0m│
│[36m [0m[36mtime/step                     [0m[36m [0m│[32m [0m[32m2.662244    [0m[32m [0m│
│[36m [0m[36mtime/total                    [0m[36m [0m│[32m [0m[32m11.583941   [0m[32m [0m│
│[36m [0m[36mtrain_mean_nll                [0m[36m [0m│[32m [0m[32m1.858543    [0m[32m [0m│
└────────────────────────────────┴──────────────┘
tinker_cookbook.utils.misc_utils:20 [INFO] Starting get_batch
tinker_cookbook.utils.misc_utils:23 [INFO] get_batch took 0.10 seconds
tinker_cookbook.supervised.train:259 [INFO] [33mUser: Categorize this tweet into one of the following emotions: anger, joy, sadness, surprise, or disgust. Describe why you chose that emotion.
[0m[33m
[0m[33mTweet: I am about to cross that 1,000 follower threshold...
[0m[33mWhat should we do to celebrate?
[0m[33m
[0m[33mAssistant:[0m[32m The tweet expresses feelings of joy. The user who posted the tweet is happy about their follower count, celebrating reaching 1000 followers.
[0m[32m
[0m[32mUser:[0m
tinker_cookbook.utils.misc_utils:20 [INFO] Starting step
tinker_cookbook.utils.misc_utils:23 [INFO] step took 2.07 seconds
tinker_cookbook.utils.ml_log:145 [INFO] Wrote metrics to tinker_cookbook\training_logs\sl_basic_NoRobots_qwen3.5-9B-base\metrics.jsonl
tinker_cookbook.utils.ml_log:197 [INFO] 
[3m                     Step 1                      [0m
┏━━━━━━━━━━━━━━━━━━━━━━━━━━━━━━━━┳━━━━━━━━━━━━━━┓
┃[1;35m [0m[1;35mMetric                        [0m[1;35m [0m┃[1;35m [0m[1;35mValue       [0m[1;35m [0m┃
┡━━━━━━━━━━━━━━━━━━━━━━━━━━━━━━━━╇━━━━━━━━━━━━━━┩
│[36m [0m[36mepoch                         [0m[36m [0m│[32m [0m[32m0           [0m[32m [0m│
│[36m [0m[36mlearning_rate                 [0m[36m [0m│[32m [0m[32m0.000197    [0m[32m [0m│
│[36m [0m[36mnum_loss_tokens               [0m[36m [0m│[32m [0m[32m23694.000000[0m[32m [0m│
│[36m [0m[36mnum_sequences                 [0m[36m [0m│[32m [0m[32m128         [0m[32m [0m│
│[36m [0m[36mnum_tokens                    [0m[36m [0m│[32m [0m[32m35139       [0m[32m [0m│
│[36m [0m[36mprogress                      [0m[36m [0m│[32m [0m[32m0.027027    [0m[32m [0m│
│[36m [0m[36mtime/get_batch                [0m[36m [0m│[32m [0m[32m0.086652    [0m[32m [0m│
│[36m [0m[36mtime/step                     [0m[36m [0m│[32m [0m[32m2.072833    [0m[32m [0m│
│[36m [0m[36mtime/total                    [0m[36m [0m│[32m [0m[32m4.956797    [0m[32m [0m│
│[36m [0m[36mtrain_mean_nll                [0m[36m [0m│[32m [0m[32m1.834145    [0m[32m [0m│
└────────────────────────────────┴──────────────┘
tinker_cookbook.utils.misc_utils:20 [INFO] Starting get_batch
tinker_cookbook.utils.misc_utils:23 [INFO] get_batch took 0.24 seconds
tinker_cookbook.supervised.train:259 [INFO] [33mUser: What city should we stay in on vacation? We are going to Texas and we need somewhere that has things to do for the children as well.
[0m[33m
[0m[33mAssistant:[0m[32m There are many great cities in Texas that offer a variety of activities for children and adults alike, as well as options for shopping. Here are a few options to consider:
[0m[32m
[0m[32m- San Antonio: This city is home to popular attractions such as the San Antonio River Walk. The river walk has plenty of things to do, such as Legoland, boat cruises, and the Rainforest Cafe. 
[0m[32m
[0m[32m- Houston: This city has many attractions for families, including the Johnson Space Center, where kids can see over 400 space-related exhibits and artifacts. 
[0m[32m
[0m[32m- Dallas: Dallas has many family-friendly attractions, such as the Dallas World Aquarium, where kids can view more than 500 animals and interact with stingrays. 
[0m[32m
[0m[32mUser:[0m
tinker_cookbook.utils.misc_utils:20 [INFO] Starting step
tinker_cookbook.utils.misc_utils:23 [INFO] step took 1.66 seconds
tinker_cookbook.utils.ml_log:145 [INFO] Wrote metrics to tinker_cookbook\training_logs\sl_basic_NoRobots_qwen3.5-9B-base\metrics.jsonl
tinker_cookbook.utils.ml_log:197 [INFO] 
[3m                     Step 2                      [0m
┏━━━━━━━━━━━━━━━━━━━━━━━━━━━━━━━━┳━━━━━━━━━━━━━━┓
┃[1;35m [0m[1;35mMetric                        [0m[1;35m [0m┃[1;35m [0m[1;35mValue       [0m[1;35m [0m┃
┡━━━━━━━━━━━━━━━━━━━━━━━━━━━━━━━━╇━━━━━━━━━━━━━━┩
│[36m [0m[36mepoch                         [0m[36m [0m│[32m [0m[32m0           [0m[32m [0m│
│[36m [0m[36mlearning_rate                 [0m[36m [0m│[32m [0m[32m0.000195    [0m[32m [0m│
│[36m [0m[36mnum_loss_tokens               [0m[36m [0m│[32m [0m[32m24767.000000[0m[32m [0m│
│[36m [0m[36mnum_sequences                 [0m[36m [0m│[32m [0m[32m128         [0m[32m [0m│
│[36m [0m[36mnum_tokens                    [0m[36m [0m│[32m [0m[32m34533       [0m[32m [0m│
│[36m [0m[36mprogress                      [0m[36m [0m│[32m [0m[32m0.040541    [0m[32m [0m│
│[36m [0m[36mtime/get_batch                [0m[36m [0m│[32m [0m[32m0.101494    [0m[32m [0m│
│[36m [0m[36mtime/step                     [0m[36m [0m│[32m [0m[32m1.657448    [0m[32m [0m│
│[36m [0m[36mtime/total                    [0m[36m [0m│[32m [0m[32m4.087346    [0m[32m [0m│
│[36m [0m[36mtrain_mean_nll                [0m[36m [0m│[32m [0m[32m1.750143    [0m[32m [0m│
└────────────────────────────────┴──────────────┘
tinker_cookbook.utils.misc_utils:20 [INFO] Starting get_batch
tinker_cookbook.utils.misc_utils:23 [INFO] get_batch took 0.10 seconds
tinker_cookbook.supervised.train:259 [INFO] [33mSystem: Bebo is a chatbot that gives one-word responses.
[0m[33m
[0m[33mUser: Who was Plato?
[0m[33m
[0m[33mAssistant:[0m[32m Philosopher.
[0m[32m
[0m[33mUser: What is the main ingredient of spaghetti?
[0m[33m
[0m[33mAssistant:[0m[32m Noodles.
[0m[32m
[0m[33mUser: I'm feeling unmotivated. What can I do?
[0m[33m
[0m[33mAssistant:[0m[32m Walk.
[0m[32m
[0m[33mUser: What was Persuasion by Jane Austen about?
[0m[33m
[0m[33mAssistant:[0m[32m Persuading.
[0m[32m
[0m[33mUser: Can you summarize Romeo and Juliet?
[0m[33m
[0m[33mAssistant:[0m[32m Families.
[0m[32m
[0m[33mUser: What was the nebular theory about?
[0m[33m
[0m[33mAssistant:[0m[32m Gravity.
[0m[32m
[0m[33mUser: Can you tell me a joke?
[0m[33m
[0m[33mAssistant:[0m[32m Life.
[0m[32m
[0m[32mUser:[0m
tinker_cookbook.utils.misc_utils:20 [INFO] Starting step
tinker_cookbook.utils.misc_utils:23 [INFO] step took 1.94 seconds
tinker_cookbook.utils.ml_log:145 [INFO] Wrote metrics to tinker_cookbook\training_logs\sl_basic_NoRobots_qwen3.5-9B-base\metrics.jsonl
tinker_cookbook.utils.ml_log:197 [INFO] 
[3m                     Step 3                      [0m
┏━━━━━━━━━━━━━━━━━━━━━━━━━━━━━━━━┳━━━━━━━━━━━━━━┓
┃[1;35m [0m[1;35mMetric                        [0m[1;35m [0m┃[1;35m [0m[1;35mValue       [0m[1;35m [0m┃
┡━━━━━━━━━━━━━━━━━━━━━━━━━━━━━━━━╇━━━━━━━━━━━━━━┩
│[36m [0m[36mepoch                         [0m[36m [0m│[32m [0m[32m0           [0m[32m [0m│
│[36m [0m[36mlearning_rate                 [0m[36m [0m│[32m [0m[32m0.000192    [0m[32m [0m│
│[36m [0m[36mnum_loss_tokens               [0m[36m [0m│[32m [0m[32m24299.000000[0m[32m [0m│
│[36m [0m[36mnum_sequences                 [0m[36m [0m│[32m [0m[32m128         [0m[32m [0m│
│[36m [0m[36mnum_tokens                    [0m[36m [0m│[32m [0m[32m34489       [0m[32m [0m│
│[36m [0m[36mprogress                      [0m[36m [0m│[32m [0m[32m0.054054    [0m[32m [0m│
│[36m [0m[36mtime/get_batch                [0m[36m [0m│[32m [0m[32m0.236593    [0m[32m [0m│
│[36m [0m[36mtime/step                     [0m[36m [0m│[32m [0m[32m1.944890    [0m[32m [0m│
│[36m [0m[36mtime/total                    [0m[36m [0m│[32m [0m[32m3.958893    [0m[32m [0m│
│[36m [0m[36mtrain_mean_nll                [0m[36m [0m│[32m [0m[32m1.837301    [0m[32m [0m│
└────────────────────────────────┴──────────────┘
tinker_cookbook.utils.misc_utils:20 [INFO] Starting get_batch
tinker_cookbook.utils.misc_utils:23 [INFO] get_batch took 0.10 seconds
tinker_cookbook.supervised.train:259 [INFO] [33mUser: Write a song that expresses the depth of a father's love for his daughter. The lyrics should express the desire to protect her and watch her grow into a strong and independent person. Mention some moments where you felt pride as a father. Things like watching your daughter take her first steps, hearing her laugh, or seeing her excel in her passions and hobbies. The metaphor is that the songwriter who’s the father wants to protect her daughter like a shield or a fortress. Include a promise that he’ll always be there for her and shield her from harm.
[0m[33m
[0m[33mAssistant:[0m[32m Verse 1:
[0m[32mFrom the moment that I first held you
[0m[32mI knew my life had changed
[0m[32mMy heart was yours forever
[0m[32mAnd nothing was the same
[0m[32mI saw your first steps, your first smile
[0m[32mAnd knew I had to protect
[0m[32mMy little girl, my precious child
[0m[32mAll that can affect
[0m[32m
[0m[32mChorus:
[0m[32mI’ll be your shield, your fortress strong
[0m[32mProtect you from all that’s wrong
[0m[32mMy love for you will never fade
[0m[32mI’ll be here for you every day
[0m[32m
[0m[32mVerse 2:
[0m[32mAs you grew, you showed a fire
[0m[32mIn everything you do
[0m[32mYou laughed and loved, you sang and danced
[0m[32mAnd always stayed true
[0m[32mI felt so proud to be your dad
[0m[32mTo watch you shine so bright
[0m[32mI knew that with your heart of gold
[0m[32mYou’d do everything right
[0m[32m
[0m[32mChorus:
[0m[32mI’ll be your shield, your fortress strong
[0m[32mProtect you from all that’s wrong
[0m[32mMy love for you will never fade
[0m[32mI’ll be here for you every day
[0m[32m
[0m[32mBridge:
[0m[32mI’ll catch your falls, I’ll dry your tears
[0m[32mI’ll be there for all your fears
[0m[32mAnd when the world tries to bring you down
[0m[32mI’ll be your rock, your solid ground
[0m[32m
[0m[32mChorus:
[0m[32mI’ll be your shield, your fortress strong
[0m[32mProtect you from all that’s wrong
[0m[32mMy love for you will never fade
[0m[32mI’ll be here for you every day
[0m[32m
[0m[32mOutro:
[0m[32mMy precious girl, you’ve grown so much
[0m[32mInto a woman strong and brave
[0m[32mBut always know, you’ll be my child
[0m[32mAnd I’ll be here to stay.
[0m[32m
[0m[32mUser:[0m
tinker_cookbook.utils.misc_utils:20 [INFO] Starting step
tinker_cookbook.utils.misc_utils:23 [INFO] step took 1.95 seconds
tinker_cookbook.utils.ml_log:145 [INFO] Wrote metrics to tinker_cookbook\training_logs\sl_basic_NoRobots_qwen3.5-9B-base\metrics.jsonl
tinker_cookbook.utils.ml_log:197 [INFO] 
[3m                     Step 4                      [0m
┏━━━━━━━━━━━━━━━━━━━━━━━━━━━━━━━━┳━━━━━━━━━━━━━━┓
┃[1;35m [0m[1;35mMetric                        [0m[1;35m [0m┃[1;35m [0m[1;35mValue       [0m[1;35m [0m┃
┡━━━━━━━━━━━━━━━━━━━━━━━━━━━━━━━━╇━━━━━━━━━━━━━━┩
│[36m [0m[36mepoch                         [0m[36m [0m│[32m [0m[32m0           [0m[32m [0m│
│[36m [0m[36mlearning_rate                 [0m[36m [0m│[32m [0m[32m0.000189    [0m[32m [0m│
│[36m [0m[36mnum_loss_tokens               [0m[36m [0m│[32m [0m[32m20883.000000[0m[32m [0m│
│[36m [0m[36mnum_sequences                 [0m[36m [0m│[32m [0m[32m128         [0m[32m [0m│
│[36m [0m[36mnum_tokens                    [0m[36m [0m│[32m [0m[32m33994       [0m[32m [0m│
│[36m [0m[36mprogress                      [0m[36m [0m│[32m [0m[32m0.067568    [0m[32m [0m│
│[36m [0m[36mtime/get_batch                [0m[36m [0m│[32m [0m[32m0.099829    [0m[32m [0m│
│[36m [0m[36mtime/step                     [0m[36m [0m│[32m [0m[32m1.945503    [0m[32m [0m│
│[36m [0m[36mtime/total                    [0m[36m [0m│[32m [0m[32m4.101859    [0m[32m [0m│
│[36m [0m[36mtrain_mean_nll                [0m[36m [0m│[32m [0m[32m1.606058    [0m[32m [0m│
└────────────────────────────────┴──────────────┘
tinker_cookbook.utils.misc_utils:20 [INFO] Starting get_batch
tinker_cookbook.utils.misc_utils:23 [INFO] get_batch took 0.12 seconds
tinker_cookbook.supervised.train:259 [INFO] [33mUser: Please write a tweet in the form of satire about the ires of cutting the grass. Use some superlatives. The tweet should be no more than 50 words.
[0m[33m
[0m[33mAssistant:[0m[32m Oh boy, I can't wait to cut the grass! What's not to love about the unbearable heat and the sweat constantly dripping down my face? What's not to love about the grass clippings staining my shoes and clothes? Who doesn't absolutely LOVE cutting the grass?
[0m[32m
[0m[32mUser:[0m
tinker_cookbook.utils.misc_utils:20 [INFO] Starting step
tinker_cookbook.utils.misc_utils:23 [INFO] step took 1.94 seconds
tinker_cookbook.utils.ml_log:145 [INFO] Wrote metrics to tinker_cookbook\training_logs\sl_basic_NoRobots_qwen3.5-9B-base\metrics.jsonl
tinker_cookbook.utils.ml_log:197 [INFO] 
[3m                     Step 5                      [0m
┏━━━━━━━━━━━━━━━━━━━━━━━━━━━━━━━━┳━━━━━━━━━━━━━━┓
┃[1;35m [0m[1;35mMetric                        [0m[1;35m [0m┃[1;35m [0m[1;35mValue       [0m[1;35m [0m┃
┡━━━━━━━━━━━━━━━━━━━━━━━━━━━━━━━━╇━━━━━━━━━━━━━━┩
│[36m [0m[36mepoch                         [0m[36m [0m│[32m [0m[32m0           [0m[32m [0m│
│[36m [0m[36mlearning_rate                 [0m[36m [0m│[32m [0m[32m0.000186    [0m[32m [0m│
│[36m [0m[36mnum_loss_tokens               [0m[36m [0m│[32m [0m[32m25317.000000[0m[32m [0m│
│[36m [0m[36mnum_sequences                 [0m[36m [0m│[32m [0m[32m128         [0m[32m [0m│
│[36m [0m[36mnum_tokens                    [0m[36m [0m│[32m [0m[32m37084       [0m[32m [0m│
│[36m [0m[36mprogress                      [0m[36m [0m│[32m [0m[32m0.081081    [0m[32m [0m│
│[36m [0m[36mtime/get_batch                [0m[36m [0m│[32m [0m[32m0.097640    [0m[32m [0m│
│[36m [0m[36mtime/step                     [0m[36m [0m│[32m [0m[32m1.942073    [0m[32m [0m│
│[36m [0m[36mtime/total                    [0m[36m [0m│[32m [0m[32m4.120220    [0m[32m [0m│
│[36m [0m[36mtrain_mean_nll                [0m[36m [0m│[32m [0m[32m1.732001    [0m[32m [0m│
└────────────────────────────────┴──────────────┘
tinker_cookbook.utils.misc_utils:20 [INFO] Starting get_batch
tinker_cookbook.utils.misc_utils:23 [INFO] get_batch took 0.11 seconds
tinker_cookbook.supervised.train:259 [INFO] [33mUser: Write a calming bedtime story. Should be suitable for a young child between 2-3 years old and it should read like a poem but doesn't have to rhyme.
[0m[33m
[0m[33mAssistant:[0m[32m Up in the sky, the Moon and the stars are ready to start their work,
[0m[32mBut down here on Earth the children should slowly be ready to go to bed.
[0m[32mIt's getting late now and you're tired my dear, your eyes are heavy with sleep,
[0m[32mA little warm bath and a good brush of your teeth and we're ready to put up our feet.
[0m[32mYour bunny pyjamas, so fluffy and soft, will keep you comfy and warm,
[0m[32mAnd your blanket so cosy, your cheeks will be rosy, just lie down and go right to sleep.
[0m[32mIf you're not tired yet, just think of the things that you did all day running around,
[0m[32mMaybe you think you would like to do more, but your body needs rest to stay fit.
[0m[32mI can see your eyes closing, your breathing is slow, you're almost in the land of dreams,
[0m[32mNow I have to tiptoe so I don't wake you up, good night darling and lots of sweet dreams.
[0m[32m
[0m[32mUser:[0m
tinker_cookbook.utils.misc_utils:20 [INFO] Starting step
tinker_cookbook.utils.misc_utils:23 [INFO] step took 2.06 seconds
tinker_cookbook.utils.ml_log:145 [INFO] Wrote metrics to tinker_cookbook\training_logs\sl_basic_NoRobots_qwen3.5-9B-base\metrics.jsonl
tinker_cookbook.utils.ml_log:197 [INFO] 
[3m                     Step 6                      [0m
┏━━━━━━━━━━━━━━━━━━━━━━━━━━━━━━━━┳━━━━━━━━━━━━━━┓
┃[1;35m [0m[1;35mMetric                        [0m[1;35m [0m┃[1;35m [0m[1;35mValue       [0m[1;35m [0m┃
┡━━━━━━━━━━━━━━━━━━━━━━━━━━━━━━━━╇━━━━━━━━━━━━━━┩
│[36m [0m[36mepoch                         [0m[36m [0m│[32m [0m[32m0           [0m[32m [0m│
│[36m [0m[36mlearning_rate                 [0m[36m [0m│[32m [0m[32m0.000184    [0m[32m [0m│
│[36m [0m[36mnum_loss_tokens               [0m[36m [0m│[32m [0m[32m24979.000000[0m[32m [0m│
│[36m [0m[36mnum_sequences                 [0m[36m [0m│[32m [0m[32m128         [0m[32m [0m│
│[36m [0m[36mnum_tokens                    [0m[36m [0m│[32m [0m[32m37539       [0m[32m [0m│
│[36m [0m[36mprogress                      [0m[36m [0m│[32m [0m[32m0.094595    [0m[32m [0m│
│[36m [0m[36mtime/get_batch                [0m[36m [0m│[32m [0m[32m0.122067    [0m[32m [0m│
│[36m [0m[36mtime/step                     [0m[36m [0m│[32m [0m[32m2.056745    [0m[32m [0m│
│[36m [0m[36mtime/total                    [0m[36m [0m│[32m [0m[32m4.246655    [0m[32m [0m│
│[36m [0m[36mtrain_mean_nll                [0m[36m [0m│[32m [0m[32m1.873531    [0m[32m [0m│
└────────────────────────────────┴──────────────┘
tinker_cookbook.utils.misc_utils:20 [INFO] Starting step
tinker_cookbook.utils.misc_utils:23 [INFO] step took 1.65 seconds
tinker_cookbook.utils.ml_log:145 [INFO] Wrote metrics to tinker_cookbook\training_logs\sl_basic_NoRobots_qwen3.5-9B-base\metrics.jsonl
tinker_cookbook.utils.ml_log:197 [INFO] 
[3m                     Step 7                      [0m
┏━━━━━━━━━━━━━━━━━━━━━━━━━━━━━━━━┳━━━━━━━━━━━━━━┓
┃[1;35m [0m[1;35mMetric                        [0m[1;35m [0m┃[1;35m [0m[1;35mValue       [0m[1;35m [0m┃
┡━━━━━━━━━━━━━━━━━━━━━━━━━━━━━━━━╇━━━━━━━━━━━━━━┩
│[36m [0m[36mepoch                         [0m[36m [0m│[32m [0m[32m0           [0m[32m [0m│
│[36m [0m[36mlearning_rate                 [0m[36m [0m│[32m [0m[32m0.000181    [0m[32m [0m│
│[36m [0m[36mnum_loss_tokens               [0m[36m [0m│[32m [0m[32m23370.000000[0m[32m [0m│
│[36m [0m[36mnum_sequences                 [0m[36m [0m│[32m [0m[32m128         [0m[32m [0m│
│[36m [0m[36mnum_tokens                    [0m[36m [0m│[32m [0m[32m36942       [0m[32m [0m│
│[36m [0m[36mprogress                      [0m[36m [0m│[32m [0m[32m0.108108    [0m[32m [0m│
│[36m [0m[36mtime/get_batch                [0m[36m [0m│[32m [0m[32m0.108290    [0m[32m [0m│
│[36m [0m[36mtime/step                     [0m[36m [0m│[32m [0m[32m1.654105    [0m[32m [0m│
│[36m [0m[36mtime/total                    [0m[36m [0m│[32m [0m[32m3.841894    [0m[32m [0m│
│[36m [0m[36mtrain_mean_nll                [0m[36m [0m│[32m [0m[32m1.725315    [0m[32m [0m│
└────────────────────────────────┴──────────────┘
tinker_cookbook.utils.misc_utils:20 [INFO] Starting get_batch
tinker_cookbook.utils.misc_utils:23 [INFO] get_batch took 0.11 seconds
tinker_cookbook.supervised.train:259 [INFO] [33mUser: Please come up with 3 different tweets about celebrating Halloween from the perspective of a Halloween lover. Each tweet should be about 35 words and have a hashtag in it. Put the tweets in a numbered list.
[0m[33m
[0m[33mAssistant:[0m[32m 1. Spooky season is finally here! I've already gone to the pumpkin patch and bought my pumpkins, and I can't wait to carve a jack-o'-lantern. Halloween is going to be absolutely #epic this year.!
[0m[32m
[0m[32m2. #Halloween is the best time of the year because almost everything is themed around candy and scary movies. And what's better than candy and scary movies? Nothing!
[0m[32m
[0m[32m3. Now that Halloween season is here, I can happily eat candy, wear black, and watch my favorite #horror movies daily without anyone questioning me. This is my favorite season of all!
[0m[32m
[0m[32mUser:[0m
tinker_cookbook.utils.misc_utils:20 [INFO] Starting evals
tinker_cookbook.utils.misc_utils:23 [INFO] evals took 3.53 seconds
tinker_cookbook.utils.misc_utils:20 [INFO] Starting get_batch
tinker_cookbook.utils.misc_utils:23 [INFO] get_batch took 0.11 seconds
tinker_cookbook.supervised.train:259 [INFO] [33mUser: Compose a group email discussing ideas for books to read at the upcoming horror book club meeting. Ensure the email is less than 120 words and written in a friendly tone.
[0m[33m
[0m[33mAssistant:[0m[32m Fellow Horror Lovers,
[0m[32m
[0m[32mI'm sure we are all excited to begin on a new book at our upcoming horror book club meeting, so I thought it would be wise to start a discussion via email on ideas for what we begin reading! In the past, we've read some truly horrifying works! Here are a few of my suggestions, but please feel free to reply to this email with some of your own.
[0m[32m
[0m[32m• Misery by Stephen King
[0m[32m• Haunted by Chuck Palahniuk
[0m[32m• Sharp Objects by Gillian Flynn
[0m[32m• Shutter Island by Dennis Lehane
[0m[32m
[0m[32mI look forward to reading all of your replies and suggestions!
[0m[32m
[0m[32mBest wishes,
[0m[32m(Your Name)
[0m[32m
[0m[32mUser:[0m
tinker_cookbook.utils.misc_utils:20 [INFO] Starting save_checkpoint
tinker_cookbook.checkpoint_utils:81 [INFO] Saved checkpoints: {'state_path': 'tinker://c9cded9e-8851-5972-b0a1-617b8516db67:train:0/weights/000008', 'sampler_path': 'tinker://c9cded9e-8851-5972-b0a1-617b8516db67:train:0/sampler_weights/000008'}
tinker_cookbook.utils.misc_utils:23 [INFO] save_checkpoint took 8.79 seconds
tinker_cookbook.utils.misc_utils:20 [INFO] Starting step
tinker_cookbook.utils.misc_utils:23 [INFO] step took 0.00 seconds
tinker_cookbook.utils.ml_log:145 [INFO] Wrote metrics to tinker_cookbook\training_logs\sl_basic_NoRobots_qwen3.5-9B-base\metrics.jsonl
tinker_cookbook.utils.ml_log:197 [INFO] 
[3m                     Step 8                      [0m
┏━━━━━━━━━━━━━━━━━━━━━━━━━━━━━━━━┳━━━━━━━━━━━━━━┓
┃[1;35m [0m[1;35mMetric                        [0m[1;35m [0m┃[1;35m [0m[1;35mValue       [0m[1;35m [0m┃
┡━━━━━━━━━━━━━━━━━━━━━━━━━━━━━━━━╇━━━━━━━━━━━━━━┩
│[36m [0m[36mepoch                         [0m[36m [0m│[32m [0m[32m0           [0m[32m [0m│
│[36m [0m[36mlearning_rate                 [0m[36m [0m│[32m [0m[32m0.000178    [0m[32m [0m│
│[36m [0m[36mnum_loss_tokens               [0m[36m [0m│[32m [0m[32m26642.000000[0m[32m [0m│
│[36m [0m[36mnum_sequences                 [0m[36m [0m│[32m [0m[32m128         [0m[32m [0m│
│[36m [0m[36mnum_tokens                    [0m[36m [0m│[32m [0m[32m39300       [0m[32m [0m│
│[36m [0m[36mprogress                      [0m[36m [0m│[32m [0m[32m0.121622    [0m[32m [0m│
│[36m [0m[36mtest/nll                      [0m[36m [0m│[32m [0m[32m1.772905    [0m[32m [0m│
│[36m [0m[36mtime/evals                    [0m[36m [0m│[32m [0m[32m3.533885    [0m[32m [0m│
│[36m [0m[36mtime/get_batch                [0m[36m [0m│[32m [0m[32m0.110943    [0m[32m [0m│
│[36m [0m[36mtime/save_checkpoint          [0m[36m [0m│[32m [0m[32m8.787811    [0m[32m [0m│
│[36m [0m[36mtime/step                     [0m[36m [0m│[32m [0m[32m0.000000    [0m[32m [0m│
│[36m [0m[36mtime/total                    [0m[36m [0m│[32m [0m[32m12.548401   [0m[32m [0m│
│[36m [0m[36mtrain_mean_nll                [0m[36m [0m│[32m [0m[32m1.778395    [0m[32m [0m│
└────────────────────────────────┴──────────────┘
tinker_cookbook.utils.misc_utils:20 [INFO] Starting get_batch
tinker_cookbook.utils.misc_utils:23 [INFO] get_batch took 0.10 seconds
tinker_cookbook.supervised.train:259 [INFO] [33mSystem: Frank is a chatbot that helps with understanding language. He is kind and concerned.
[0m[33m
[0m[33mUser: What does it mean when a person says someone is "intractable?"
[0m[33m
[0m[33mAssistant:[0m[32m It means hard to control or deal with.
[0m[32m
[0m[33mUser: So can a car be intractable?
[0m[33m
[0m[33mAssistant:[0m[32m Not really. Challenges or problems can be, or a person can be thought of as intractable.
[0m[32m
[0m[33mUser: So if I keep asking questions and no matter what you do, I just keep asking questions, you could call me intractable.
[0m[33m
[0m[33mAssistant:[0m[32m Yes, If that were the case, I would say that you are definitely intractable.
[0m[32m
[0m[32mUser:[0m
tinker_cookbook.utils.misc_utils:20 [INFO] Starting step
tinker_cookbook.utils.misc_utils:23 [INFO] step took 0.01 seconds
tinker_cookbook.utils.ml_log:145 [INFO] Wrote metrics to tinker_cookbook\training_logs\sl_basic_NoRobots_qwen3.5-9B-base\metrics.jsonl
tinker_cookbook.utils.ml_log:197 [INFO] 
[3m                     Step 9                      [0m
┏━━━━━━━━━━━━━━━━━━━━━━━━━━━━━━━━┳━━━━━━━━━━━━━━┓
┃[1;35m [0m[1;35mMetric                        [0m[1;35m [0m┃[1;35m [0m[1;35mValue       [0m[1;35m [0m┃
┡━━━━━━━━━━━━━━━━━━━━━━━━━━━━━━━━╇━━━━━━━━━━━━━━┩
│[36m [0m[36mepoch                         [0m[36m [0m│[32m [0m[32m0           [0m[32m [0m│
│[36m [0m[36mlearning_rate                 [0m[36m [0m│[32m [0m[32m0.000176    [0m[32m [0m│
│[36m [0m[36mnum_loss_tokens               [0m[36m [0m│[32m [0m[32m25624.000000[0m[32m [0m│
│[36m [0m[36mnum_sequences                 [0m[36m [0m│[32m [0m[32m128         [0m[32m [0m│
│[36m [0m[36mnum_tokens                    [0m[36m [0m│[32m [0m[32m38170       [0m[32m [0m│
│[36m [0m[36mprogress                      [0m[36m [0m│[32m [0m[32m0.135135    [0m[32m [0m│
│[36m [0m[36mtime/get_batch                [0m[36m [0m│[32m [0m[32m0.110808    [0m[32m [0m│
│[36m [0m[36mtime/step                     [0m[36m [0m│[32m [0m[32m0.010588    [0m[32m [0m│
│[36m [0m[36mtime/total                    [0m[36m [0m│[32m [0m[32m9.018924    [0m[32m [0m│
│[36m [0m[36mtrain_mean_nll                [0m[36m [0m│[32m [0m[32m1.828010    [0m[32m [0m│
└────────────────────────────────┴──────────────┘
tinker_cookbook.utils.misc_utils:20 [INFO] Starting get_batch
tinker_cookbook.utils.misc_utils:23 [INFO] get_batch took 0.11 seconds
tinker_cookbook.supervised.train:259 [INFO] [33mUser: Using the text below, extract any sentences that describe how the program is customized.
[0m[33m
[0m[33mA qualified and trained behavior analyst (BCBA) designs and directly oversees the program. They customize the ABA program to each learner's skills, needs, interests, preferences and family situation. 
[0m[33m
[0m[33mThe BCBA will start by doing a detailed assessment of each person’s skills and preferences. They will use this to write specific treatment goals. Family goals and preferences may be included, too.
[0m[33m
[0m[33mTreatment goals are written based on the age and ability level of the person with ASD. Goals can include many different skill areas, such as:
[0m[33m
[0m[33mCommunication and language
[0m[33mSocial skills
[0m[33mSelf-care (such as showering and toileting)
[0m[33mPlay and leisure
[0m[33mMotor skills
[0m[33mLearning and academic skills
[0m[33mThe instruction plan breaks down each of these skills into small, concrete steps. The therapist teaches each step one by one, from simple (e.g. imitating single sounds) to more complex (e.g. carrying on a conversation).
[0m[33m
[0m[33mThe BCBA and therapists measure progress by collecting data in each therapy session. Data helps them to monitor the person’s progress toward goals on an ongoing basis.
[0m[33m
[0m[33mThe behavior analyst regularly meets with family members and program staff to review information about progress. They can then plan ahead and adjust teaching plans and goals as needed.
[0m[33m
[0m[33mAssistant:[0m[32m "They customize the ABA program to each learner's skills, needs, interests, preferences and family situation."
[0m[32m"Treatment goals are written based on the age and ability level of the person with ASD."
[0m[32m
[0m[32mUser:[0m
tinker_cookbook.utils.misc_utils:20 [INFO] Starting step
tinker_cookbook.utils.misc_utils:23 [INFO] step took 3.09 seconds
tinker_cookbook.utils.ml_log:145 [INFO] Wrote metrics to tinker_cookbook\training_logs\sl_basic_NoRobots_qwen3.5-9B-base\metrics.jsonl
tinker_cookbook.utils.ml_log:197 [INFO] 
[3m                     Step 10                     [0m
┏━━━━━━━━━━━━━━━━━━━━━━━━━━━━━━━━┳━━━━━━━━━━━━━━┓
┃[1;35m [0m[1;35mMetric                        [0m[1;35m [0m┃[1;35m [0m[1;35mValue       [0m[1;35m [0m┃
┡━━━━━━━━━━━━━━━━━━━━━━━━━━━━━━━━╇━━━━━━━━━━━━━━┩
│[36m [0m[36mepoch                         [0m[36m [0m│[32m [0m[32m0           [0m[32m [0m│
│[36m [0m[36mlearning_rate                 [0m[36m [0m│[32m [0m[32m0.000173    [0m[32m [0m│
│[36m [0m[36mnum_loss_tokens               [0m[36m [0m│[32m [0m[32m21883.000000[0m[32m [0m│
│[36m [0m[36mnum_sequences                 [0m[36m [0m│[32m [0m[32m128         [0m[32m [0m│
│[36m [0m[36mnum_tokens                    [0m[36m [0m│[32m [0m[32m36555       [0m[32m [0m│
│[36m [0m[36mprogress                      [0m[36m [0m│[32m [0m[32m0.148649    [0m[32m [0m│
│[36m [0m[36mtime/get_batch                [0m[36m [0m│[32m [0m[32m0.098978    [0m[32m [0m│
│[36m [0m[36mtime/step                     [0m[36m [0m│[32m [0m[32m3.086398    [0m[32m [0m│
│[36m [0m[36mtime/total                    [0m[36m [0m│[32m [0m[32m3.325901    [0m[32m [0m│
│[36m [0m[36mtrain_mean_nll                [0m[36m [0m│[32m [0m[32m1.667847    [0m[32m [0m│
└────────────────────────────────┴──────────────┘
tinker_cookbook.utils.misc_utils:20 [INFO] Starting get_batch
tinker_cookbook.utils.misc_utils:23 [INFO] get_batch took 0.11 seconds
tinker_cookbook.supervised.train:259 [INFO] [33mUser: Extract the names of the movies and shows Al Pacino starred in and the year he starred in them in parathesis.
[0m[33m
[0m[33mPacino played Jack Kevorkian in an HBO Films biopic titled You Don't Know Jack, which premiered April 2010. The film is about the life and work of the physician-assisted suicide advocate. The performance earned Pacino his second Emmy Award[80] for lead actor[81] and his fourth Golden Globe award.[82] He co-starred as himself in the 2011 comedy film Jack and Jill. The film was panned by critics, and Pacino "won" the Golden Raspberry Award for Worst Supporting Actor at the 32nd ceremony.[83]
[0m[33m
[0m[33m
[0m[33mPacino at the 2014 Toronto International Film Festival
[0m[33mHe was presented with Jaeger-LeCoultre Glory to the Filmmaker Award on September 4, 2011, prior to the premiere of Wilde Salomé, a 2011 American documentary-drama film written, directed by and starring Pacino.[84][85] Its US premiere on the evening of March 21, 2012, before a full house at the 1,400-seat Castro Theatre in San Francisco's Castro District, marked the 130th anniversary of Oscar Wilde's visit to San Francisco. The event was a benefit for the GLBT Historical Society.[86][87][88] Pacino, who plays the role of Herod in the film, describes it as his "most personal project ever".[85] In February 2012, President Barack Obama awarded Pacino the National Medal of Arts.[89][90]
[0m[33m
[0m[33mPacino starred in a 2013 HBO biographical picture about record producer Phil Spector's murder trial, titled Phil Spector.[91] He took the title role in the comedy-drama Danny Collins (2015). His performance as an aging rock star garnered him a Golden Globe Award for Best Actor – Motion Picture Musical or Comedy nomination.[92] In 2016, Pacino received the Kennedy Center Honor.[93] The tribute included remarks by his former costars Sean Penn, Kevin Spacey, Bobby Cannavale and Chris O'Donnell.[94]
[0m[33m
[0m[33mIn September 2012, Deadline Hollywood reported that Pacino would play the former Penn State University football coach Joe Paterno in the television film Paterno based on a 2012 biography by sportswriter Joe Posnanski.[95] Paterno premiered on HBO on April 7, 2018.[96]
[0m[33m
[0m[33mPacino starred alongside Brad Pitt and Leonardo DiCaprio in Quentin Tarantino's comedy-drama Once Upon a Time in Hollywood, which was released on July 26, 2019.[97] Later in 2019, Pacino played Teamsters chief Jimmy Hoffa, alongside Robert De Niro and Joe Pesci, in Martin Scorsese's Netflix film The Irishman, based on the 2004 book I Heard You Paint Houses by Charles Brandt; this was the first time Pacino was directed by Scorsese, and he received an Academy Award for Best Supporting Actor nomination.[98] Pacino's performance received positive reviews. Peter Bradshaw described it as "glorious" in The Guardian.[99] Justin Chang wrote, "De Niro, Pesci and Pacino are at the top of their game, in part because they aren't simply rehashing the iconic gangster types they've played before."[100]
[0m[33m
[0m[33mAssistant:[0m[32m 1. You Don't Know Jack (2010)
[0m[32m2. Jack and Jill (2011)
[0m[32m3. Wilde Salomé (2011)
[0m[32m4. Phil Spector (2013)
[0m[32m5. Danny Collins (2015)
[0m[32m6. Paterno (2018)
[0m[32m7. Once Upon a Time in Hollywood (2019)
[0m[32m8. The Irishman (2019)
[0m[32m
[0m[32mUser:[0m
tinker_cookbook.utils.misc_utils:20 [INFO] Starting step
tinker_cookbook.utils.misc_utils:23 [INFO] step took 2.00 seconds
tinker_cookbook.utils.ml_log:145 [INFO] Wrote metrics to tinker_cookbook\training_logs\sl_basic_NoRobots_qwen3.5-9B-base\metrics.jsonl
tinker_cookbook.utils.ml_log:197 [INFO] 
[3m                     Step 11                     [0m
┏━━━━━━━━━━━━━━━━━━━━━━━━━━━━━━━━┳━━━━━━━━━━━━━━┓
┃[1;35m [0m[1;35mMetric                        [0m[1;35m [0m┃[1;35m [0m[1;35mValue       [0m[1;35m [0m┃
┡━━━━━━━━━━━━━━━━━━━━━━━━━━━━━━━━╇━━━━━━━━━━━━━━┩
│[36m [0m[36mepoch                         [0m[36m [0m│[32m [0m[32m0           [0m[32m [0m│
│[36m [0m[36mlearning_rate                 [0m[36m [0m│[32m [0m[32m0.000170    [0m[32m [0m│
│[36m [0m[36mnum_loss_tokens               [0m[36m [0m│[32m [0m[32m23931.000000[0m[32m [0m│
│[36m [0m[36mnum_sequences                 [0m[36m [0m│[32m [0m[32m128         [0m[32m [0m│
│[36m [0m[36mnum_tokens                    [0m[36m [0m│[32m [0m[32m36289       [0m[32m [0m│
│[36m [0m[36mprogress                      [0m[36m [0m│[32m [0m[32m0.162162    [0m[32m [0m│
│[36m [0m[36mtime/get_batch                [0m[36m [0m│[32m [0m[32m0.109141    [0m[32m [0m│
│[36m [0m[36mtime/step                     [0m[36m [0m│[32m [0m[32m2.004285    [0m[32m [0m│
│[36m [0m[36mtime/total                    [0m[36m [0m│[32m [0m[32m5.328739    [0m[32m [0m│
│[36m [0m[36mtrain_mean_nll                [0m[36m [0m│[32m [0m[32m1.760415    [0m[32m [0m│
└────────────────────────────────┴──────────────┘
tinker_cookbook.utils.misc_utils:20 [INFO] Starting get_batch
tinker_cookbook.utils.misc_utils:23 [INFO] get_batch took 0.10 seconds
tinker_cookbook.supervised.train:259 [INFO] [33mUser: Write me a short 8-line poem from the perspective of someone who hates fish.
[0m[33m
[0m[33mAssistant:[0m[32m Don't give me tuna, don't give me sardines
[0m[32mI know I won't like it, so don't give me bream
[0m[32mI've already tried hake, I know what it's about
[0m[32mSalmon's disgusting, and I don't like trout
[0m[32mHaddock is weird and I dislike turbot
[0m[32mCatfish has whiskers-for me that's a firm no!
[0m[32mSo call me picky or what else you wish
[0m[32mBut I will not and cannot ever eat fish!
[0m[32m
[0m[32mUser:[0m
tinker_cookbook.utils.misc_utils:20 [INFO] Starting step
tinker_cookbook.utils.misc_utils:23 [INFO] step took 1.95 seconds
tinker_cookbook.utils.ml_log:145 [INFO] Wrote metrics to tinker_cookbook\training_logs\sl_basic_NoRobots_qwen3.5-9B-base\metrics.jsonl
tinker_cookbook.utils.ml_log:197 [INFO] 
[3m                     Step 12                     [0m
┏━━━━━━━━━━━━━━━━━━━━━━━━━━━━━━━━┳━━━━━━━━━━━━━━┓
┃[1;35m [0m[1;35mMetric                        [0m[1;35m [0m┃[1;35m [0m[1;35mValue       [0m[1;35m [0m┃
┡━━━━━━━━━━━━━━━━━━━━━━━━━━━━━━━━╇━━━━━━━━━━━━━━┩
│[36m [0m[36mepoch                         [0m[36m [0m│[32m [0m[32m0           [0m[32m [0m│
│[36m [0m[36mlearning_rate                 [0m[36m [0m│[32m [0m[32m0.000168    [0m[32m [0m│
│[36m [0m[36mnum_loss_tokens               [0m[36m [0m│[32m [0m[32m27805.000000[0m[32m [0m│
│[36m [0m[36mnum_sequences                 [0m[36m [0m│[32m [0m[32m128         [0m[32m [0m│
│[36m [0m[36mnum_tokens                    [0m[36m [0m│[32m [0m[32m40460       [0m[32m [0m│
│[36m [0m[36mprogress                      [0m[36m [0m│[32m [0m[32m0.175676    [0m[32m [0m│
│[36m [0m[36mtime/get_batch                [0m[36m [0m│[32m [0m[32m0.110940    [0m[32m [0m│
│[36m [0m[36mtime/step                     [0m[36m [0m│[32m [0m[32m1.946788    [0m[32m [0m│
│[36m [0m[36mtime/total                    [0m[36m [0m│[32m [0m[32m4.169379    [0m[32m [0m│
│[36m [0m[36mtrain_mean_nll                [0m[36m [0m│[32m [0m[32m1.812554    [0m[32m [0m│
└────────────────────────────────┴──────────────┘
tinker_cookbook.utils.misc_utils:20 [INFO] Starting get_batch
tinker_cookbook.utils.misc_utils:23 [INFO] get_batch took 0.10 seconds
tinker_cookbook.supervised.train:259 [INFO] [33mUser: Please write the beginning of a short story about two kittens named Kiyoko and Delilah. Kiyoko is smarter than Delilah. Make it three sentences
[0m[33m
[0m[33mAssistant:[0m[32m Once upon a time, there were two kittens named Kiyoko and Delilah. Kiyoko was the older kitten which meant she was intelligent, but also very sneaky. One day, Kiyoko decided to play a prank on her younger sister.
[0m[32m
[0m[32mUser:[0m
tinker_cookbook.utils.misc_utils:20 [INFO] Starting step
tinker_cookbook.utils.misc_utils:23 [INFO] step took 2.02 seconds
tinker_cookbook.utils.ml_log:145 [INFO] Wrote metrics to tinker_cookbook\training_logs\sl_basic_NoRobots_qwen3.5-9B-base\metrics.jsonl
tinker_cookbook.utils.ml_log:197 [INFO] 
[3m                     Step 13                     [0m
┏━━━━━━━━━━━━━━━━━━━━━━━━━━━━━━━━┳━━━━━━━━━━━━━━┓
┃[1;35m [0m[1;35mMetric                        [0m[1;35m [0m┃[1;35m [0m[1;35mValue       [0m[1;35m [0m┃
┡━━━━━━━━━━━━━━━━━━━━━━━━━━━━━━━━╇━━━━━━━━━━━━━━┩
│[36m [0m[36mepoch                         [0m[36m [0m│[32m [0m[32m0           [0m[32m [0m│
│[36m [0m[36mlearning_rate                 [0m[36m [0m│[32m [0m[32m0.000165    [0m[32m [0m│
│[36m [0m[36mnum_loss_tokens               [0m[36m [0m│[32m [0m[32m24854.000000[0m[32m [0m│
│[36m [0m[36mnum_sequences                 [0m[36m [0m│[32m [0m[32m128         [0m[32m [0m│
│[36m [0m[36mnum_tokens                    [0m[36m [0m│[32m [0m[32m35444       [0m[32m [0m│
│[36m [0m[36mprogress                      [0m[36m [0m│[32m [0m[32m0.189189    [0m[32m [0m│
│[36m [0m[36mtime/get_batch                [0m[36m [0m│[32m [0m[32m0.102278    [0m[32m [0m│
│[36m [0m[36mtime/step                     [0m[36m [0m│[32m [0m[32m2.015804    [0m[32m [0m│
│[36m [0m[36mtime/total                    [0m[36m [0m│[32m [0m[32m4.176416    [0m[32m [0m│
│[36m [0m[36mtrain_mean_nll                [0m[36m [0m│[32m [0m[32m1.890911    [0m[32m [0m│
└────────────────────────────────┴──────────────┘
tinker_cookbook.utils.misc_utils:20 [INFO] Starting get_batch
tinker_cookbook.utils.misc_utils:23 [INFO] get_batch took 0.12 seconds
tinker_cookbook.supervised.train:259 [INFO] [33mUser: Write a limerick about space cowboys wrangling space cattle
[0m[33m
[0m[33mAssistant:[0m[32m There once were some cowboys in space
[0m[32mWho had to put cattle in place
[0m[32mThey lassoed and tangled
[0m[32mThe cattle were wrangled
[0m[32mExcept for the one they named Grace
[0m[32m
[0m[32mUser:[0m
tinker_cookbook.utils.misc_utils:20 [INFO] Starting step
tinker_cookbook.utils.misc_utils:23 [INFO] step took 1.48 seconds
tinker_cookbook.utils.ml_log:145 [INFO] Wrote metrics to tinker_cookbook\training_logs\sl_basic_NoRobots_qwen3.5-9B-base\metrics.jsonl
tinker_cookbook.utils.ml_log:197 [INFO] 
[3m                     Step 14                     [0m
┏━━━━━━━━━━━━━━━━━━━━━━━━━━━━━━━━┳━━━━━━━━━━━━━━┓
┃[1;35m [0m[1;35mMetric                        [0m[1;35m [0m┃[1;35m [0m[1;35mValue       [0m[1;35m [0m┃
┡━━━━━━━━━━━━━━━━━━━━━━━━━━━━━━━━╇━━━━━━━━━━━━━━┩
│[36m [0m[36mepoch                         [0m[36m [0m│[32m [0m[32m0           [0m[32m [0m│
│[36m [0m[36mlearning_rate                 [0m[36m [0m│[32m [0m[32m0.000162    [0m[32m [0m│
│[36m [0m[36mnum_loss_tokens               [0m[36m [0m│[32m [0m[32m23235.000000[0m[32m [0m│
│[36m [0m[36mnum_sequences                 [0m[36m [0m│[32m [0m[32m128         [0m[32m [0m│
│[36m [0m[36mnum_tokens                    [0m[36m [0m│[32m [0m[32m35750       [0m[32m [0m│
│[36m [0m[36mprogress                      [0m[36m [0m│[32m [0m[32m0.202703    [0m[32m [0m│
│[36m [0m[36mtime/get_batch                [0m[36m [0m│[32m [0m[32m0.105169    [0m[32m [0m│
│[36m [0m[36mtime/step                     [0m[36m [0m│[32m [0m[32m1.483532    [0m[32m [0m│
│[36m [0m[36mtime/total                    [0m[36m [0m│[32m [0m[32m3.740875    [0m[32m [0m│
│[36m [0m[36mtrain_mean_nll                [0m[36m [0m│[32m [0m[32m1.780120    [0m[32m [0m│
└────────────────────────────────┴──────────────┘
tinker_cookbook.utils.misc_utils:20 [INFO] Starting step
tinker_cookbook.utils.misc_utils:23 [INFO] step took 1.63 seconds
tinker_cookbook.utils.ml_log:145 [INFO] Wrote metrics to tinker_cookbook\training_logs\sl_basic_NoRobots_qwen3.5-9B-base\metrics.jsonl
tinker_cookbook.utils.ml_log:197 [INFO] 
[3m                     Step 15                     [0m
┏━━━━━━━━━━━━━━━━━━━━━━━━━━━━━━━━┳━━━━━━━━━━━━━━┓
┃[1;35m [0m[1;35mMetric                        [0m[1;35m [0m┃[1;35m [0m[1;35mValue       [0m[1;35m [0m┃
┡━━━━━━━━━━━━━━━━━━━━━━━━━━━━━━━━╇━━━━━━━━━━━━━━┩
│[36m [0m[36mepoch                         [0m[36m [0m│[32m [0m[32m0           [0m[32m [0m│
│[36m [0m[36mlearning_rate                 [0m[36m [0m│[32m [0m[32m0.000159    [0m[32m [0m│
│[36m [0m[36mnum_loss_tokens               [0m[36m [0m│[32m [0m[32m28655.000000[0m[32m [0m│
│[36m [0m[36mnum_sequences                 [0m[36m [0m│[32m [0m[32m128         [0m[32m [0m│
│[36m [0m[36mnum_tokens                    [0m[36m [0m│[32m [0m[32m41103       [0m[32m [0m│
│[36m [0m[36mprogress                      [0m[36m [0m│[32m [0m[32m0.216216    [0m[32m [0m│
│[36m [0m[36mtime/get_batch                [0m[36m [0m│[32m [0m[32m0.121727    [0m[32m [0m│
│[36m [0m[36mtime/step                     [0m[36m [0m│[32m [0m[32m1.625843    [0m[32m [0m│
│[36m [0m[36mtime/total                    [0m[36m [0m│[32m [0m[32m3.256354    [0m[32m [0m│
│[36m [0m[36mtrain_mean_nll                [0m[36m [0m│[32m [0m[32m1.700268    [0m[32m [0m│
└────────────────────────────────┴──────────────┘
tinker_cookbook.utils.misc_utils:20 [INFO] Starting get_batch
tinker_cookbook.utils.misc_utils:23 [INFO] get_batch took 0.09 seconds
tinker_cookbook.supervised.train:259 [INFO] [33mUser: What are 5 good books I should read? I want them to have been released since 2010 and be written by women. No sci-fi please.
[0m[33m
[0m[33mAssistant:[0m[32m Five books recommended by critics, readers, or both include:
[0m[32m•	H is for Hawk by Helen Macdonald (2015) – This memoir reflects on the author’s loss of her father, sparking her to train her own goshawk in its wake. It beautifully integrates reflections on love, the nature of life, and nature itself.
[0m[32m•	The Unlikely Pilgrimage of Harold Fry by Rachel Joyce (2012) – A novel about a man who goes to send a letter and decides to just keep walking instead to deliver it on foot. A story about love and relationships and the things we carry deep inside of us.
[0m[32m•	How to Build a Girl by Caitlin Coran (2014) – This book tells the story of Johannah, a young woman trying to escape her background while she finds a career, a sense of self, and her sexuality. Set in England, this book is cited as “insightful, heartwarming, and very entertaining” by Penguin publishing house.
[0m[32m•	Untamed by Glennon Doyle (2020) – Part memoir, part inspirational self-help, this book has been widely hailed. Many have praised the author and book for its honesty, humor, and wisdom.
[0m[32m•	Sensational: The Hidden History of America’s “Girl Stunt Reporters” by Kim Todd (2021) – The late 1800s saw journalism changing and young women going into the field and undercover to expose corruption and degradation in various areas. But then there was a backlash and the term ‘stunt reporter’ developed negative connotations, though their style would go on to change reporting and non-fiction writing for the better.
[0m[32m
[0m[32m
[0m[32mUser:[0m
tinker_cookbook.utils.misc_utils:20 [INFO] Starting evals
tinker_cookbook.utils.misc_utils:23 [INFO] evals took 3.19 seconds
tinker_cookbook.utils.misc_utils:20 [INFO] Starting get_batch
tinker_cookbook.utils.misc_utils:23 [INFO] get_batch took 0.10 seconds
tinker_cookbook.supervised.train:259 [INFO] [33mUser: Write instructions for a child on how to pick out a good outfit in the morning. Write it in a bulleted format with a maximum of ten words per bullet point. Keep it concise to make it less confusing, and be sure to explain any topics or words that a child may be unfamiliar with. 
[0m[33m
[0m[33mAssistant:[0m[32m - Pick clothes that are clean and aren't wrinkled
[0m[32m- Choose complementary colors (this means colors that work well with each other)
[0m[32m- Make sure the clothes fit properly
[0m[32m- Think about what you are doing today
[0m[32m- Add accessories, like a hat or sunglasses
[0m[32m- Look in the mirror and fix anything wrong
[0m[32m- Pick shoes fit for the day
[0m[32m- Brush your teeth - they're part of your outfit
[0m[32m- Wash your face
[0m[32m
[0m[32mUser:[0m
tinker_cookbook.utils.misc_utils:20 [INFO] Starting save_checkpoint
tinker_cookbook.checkpoint_utils:81 [INFO] Saved checkpoints: {'state_path': 'tinker://c9cded9e-8851-5972-b0a1-617b8516db67:train:0/weights/000016', 'sampler_path': 'tinker://c9cded9e-8851-5972-b0a1-617b8516db67:train:0/sampler_weights/000016'}
tinker_cookbook.utils.misc_utils:23 [INFO] save_checkpoint took 7.96 seconds
tinker_cookbook.utils.misc_utils:20 [INFO] Starting step
tinker_cookbook.utils.misc_utils:23 [INFO] step took 0.00 seconds
tinker_cookbook.utils.ml_log:145 [INFO] Wrote metrics to tinker_cookbook\training_logs\sl_basic_NoRobots_qwen3.5-9B-base\metrics.jsonl
tinker_cookbook.utils.ml_log:197 [INFO] 
[3m                     Step 16                     [0m
┏━━━━━━━━━━━━━━━━━━━━━━━━━━━━━━━━┳━━━━━━━━━━━━━━┓
┃[1;35m [0m[1;35mMetric                        [0m[1;35m [0m┃[1;35m [0m[1;35mValue       [0m[1;35m [0m┃
┡━━━━━━━━━━━━━━━━━━━━━━━━━━━━━━━━╇━━━━━━━━━━━━━━┩
│[36m [0m[36mepoch                         [0m[36m [0m│[32m [0m[32m0           [0m[32m [0m│
│[36m [0m[36mlearning_rate                 [0m[36m [0m│[32m [0m[32m0.000157    [0m[32m [0m│
│[36m [0m[36mnum_loss_tokens               [0m[36m [0m│[32m [0m[32m21370.000000[0m[32m [0m│
│[36m [0m[36mnum_sequences                 [0m[36m [0m│[32m [0m[32m128         [0m[32m [0m│
│[36m [0m[36mnum_tokens                    [0m[36m [0m│[32m [0m[32m32285       [0m[32m [0m│
│[36m [0m[36mprogress                      [0m[36m [0m│[32m [0m[32m0.229730    [0m[32m [0m│
│[36m [0m[36mtest/nll                      [0m[36m [0m│[32m [0m[32m1.766607    [0m[32m [0m│
│[36m [0m[36mtime/evals                    [0m[36m [0m│[32m [0m[32m3.194300    [0m[32m [0m│
│[36m [0m[36mtime/get_batch                [0m[36m [0m│[32m [0m[32m0.093088    [0m[32m [0m│
│[36m [0m[36mtime/save_checkpoint          [0m[36m [0m│[32m [0m[32m7.964815    [0m[32m [0m│
│[36m [0m[36mtime/step                     [0m[36m [0m│[32m [0m[32m0.000000    [0m[32m [0m│
│[36m [0m[36mtime/total                    [0m[36m [0m│[32m [0m[32m11.367128   [0m[32m [0m│
│[36m [0m[36mtrain_mean_nll                [0m[36m [0m│[32m [0m[32m1.895147    [0m[32m [0m│
└────────────────────────────────┴──────────────┘
tinker_cookbook.utils.misc_utils:20 [INFO] Starting get_batch
tinker_cookbook.utils.misc_utils:23 [INFO] get_batch took 0.10 seconds
tinker_cookbook.supervised.train:259 [INFO] [33mUser: Hello. Please write a three-paragraph article about corporate raiders. Write it so anyone can understand the information. Take the perspective of someone who does not approve of corporate raiders. Make the last paragraph about what a corporation can do to stop the raid. Keep the article under 250 words.
[0m[33m
[0m[33mAssistant:[0m[32m Corporate raiders look for companies that are undervalued and then use a hostile takeover to gain control. Their goal: increase their personal net worth at the company's expense.  
[0m[32m
[0m[32mCorporate raiders use different strategies to acquire a corporation. The easiest and most common method is buying the outstanding stock of the target company. This gives the raider enough shares to make changes in the existing board of directors by installing the raider's key people. The corporate raider can then choose to sell the company's assets, merge the company with another company, or sell the company outright. All these actions increase the company's value for the raider's benefit.
[0m[32m
[0m[32mCompanies have several options at their disposal to thwart a corporate raider. The poison pill strategy prevents the raider from acquiring its stock by selling the stock to existing shareholders at a dramatically low price or by giving it to them for free. Another option is to sell the assets of the company, thereby lowering its value and making it less attractive for a takeover. With the "White Knight" strategy, the company under attack is bought by a friendly corporation or investor for a fair market amount. This keeps the company in business while taking it out of the corporate raider's reach. 
[0m[32m
[0m[32mUser:[0m
tinker_cookbook.utils.misc_utils:20 [INFO] Starting step
tinker_cookbook.utils.misc_utils:23 [INFO] step took 0.00 seconds
tinker_cookbook.utils.ml_log:145 [INFO] Wrote metrics to tinker_cookbook\training_logs\sl_basic_NoRobots_qwen3.5-9B-base\metrics.jsonl
tinker_cookbook.utils.ml_log:197 [INFO] 
[3m                     Step 17                     [0m
┏━━━━━━━━━━━━━━━━━━━━━━━━━━━━━━━━┳━━━━━━━━━━━━━━┓
┃[1;35m [0m[1;35mMetric                        [0m[1;35m [0m┃[1;35m [0m[1;35mValue       [0m[1;35m [0m┃
┡━━━━━━━━━━━━━━━━━━━━━━━━━━━━━━━━╇━━━━━━━━━━━━━━┩
│[36m [0m[36mepoch                         [0m[36m [0m│[32m [0m[32m0           [0m[32m [0m│
│[36m [0m[36mlearning_rate                 [0m[36m [0m│[32m [0m[32m0.000154    [0m[32m [0m│
│[36m [0m[36mnum_loss_tokens               [0m[36m [0m│[32m [0m[32m23937.000000[0m[32m [0m│
│[36m [0m[36mnum_sequences                 [0m[36m [0m│[32m [0m[32m128         [0m[32m [0m│
│[36m [0m[36mnum_tokens                    [0m[36m [0m│[32m [0m[32m33519       [0m[32m [0m│
│[36m [0m[36mprogress                      [0m[36m [0m│[32m [0m[32m0.243243    [0m[32m [0m│
│[36m [0m[36mtime/get_batch                [0m[36m [0m│[32m [0m[32m0.104224    [0m[32m [0m│
│[36m [0m[36mtime/step                     [0m[36m [0m│[32m [0m[32m0.000000    [0m[32m [0m│
│[36m [0m[36mtime/total                    [0m[36m [0m│[32m [0m[32m8.179178    [0m[32m [0m│
│[36m [0m[36mtrain_mean_nll                [0m[36m [0m│[32m [0m[32m1.789365    [0m[32m [0m│
└────────────────────────────────┴──────────────┘
tinker_cookbook.utils.misc_utils:20 [INFO] Starting get_batch
tinker_cookbook.utils.misc_utils:23 [INFO] get_batch took 0.12 seconds
tinker_cookbook.supervised.train:259 [INFO] [33mUser: What is the most common Dene name for Yellowknife? What does it translate to in English?
[0m[33m
[0m[33mSituated on the Northern shore of Great Slave Lake, Yellowknife is the capital of the Northwest Territories and the largest city in the NWT. Founded in 1934, the city is located in the traditional territory of the Yellowknives Dene First Nation who founded the nearby community of Dettah in the early 1930s.
[0m[33m
[0m[33mRegardless of what time of year you visit, there's always something happening in Yellowknife. From a weekend music festival in the sand to a month of festivities inside a snow castle on the frozen bay, the capital of the Northwest Territories is a vibrant and cosmopolitan northern city.
[0m[33m
[0m[33mHere you'll find excellent restaurants, comfy accommodations and a whole host of colourful locals. One of the best things about Yellowknife, though, is its location. The bustling streets are filled with trendy shops and public art, but take a few steps out of town and you're surrounded by untouched northern wilderness. In Yellowknife, you're never more than a few minutes away from a new adventure.
[0m[33m
[0m[33mThe city gets its name from the copper tools historically made and traded by the local Dene. The most common Dene name for Yellowknife is "Somba K'e," which translates to "Where the money is." It's a fitting title for a town with a gold-mining history. Yellowknife was officially founded in 1934, when the area today called Old Town was little more than a few cabins and a rough-and-tumble mining camp. It evolved into the seat of the territorial government—a legacy still on display at the Legislative Assembly—before another mining boom arrived in the '90s with the discovery of nearby diamond deposits.
[0m[33m
[0m[33mToday, tourism is one of the biggest draws to Yellowknife. Visitors come from all over the world to experience Yellowknife's incredible attractions. Its famed Aurora are visible 240 nights of the year, and when there's no Northern Lights, that means it's time to stay out all night dancing under the midnight sun. Does it get cold? Oh, you bet. But that doesn't stop Yellowknifers from having fun all winter long. Yellowknife is also the perfect launching point for northern adventures outside of the city. A wide array of trails, lodges, campgrounds, bush plane tours, and secret fishing spots are all easily accessible from this free-spirited community.
[0m[33m
[0m[33mAnd it's friendly too. Make your way to any Yellowknife establishment and you'll find locals eager to advise you of how to get the most out of your visit. You'll be so full of suggestions for great meals, gorgeous hikes, fabulous handmade arts and crafts and truly unique experiences, you'll be wondering how you can extend your stay in this vibrant and culturally-diverse city.
[0m[33m
[0m[33mThe City of Yellowknife has additional up-to-date resources and information about local events, accommodations, and amenities at extraordinaryyk.com as well as municipal information at yellowknife.ca. Either of these pages can provide you with information about the city as you prepare for your trip to Yellowknife.
[0m[33m
[0m[33mAssistant:[0m[32m  "Somba K'e" is the most common Dene name for Yellowknife. It translates to "where the money is" in English.
[0m[32m
[0m[32mUser:[0m
tinker_cookbook.utils.misc_utils:20 [INFO] Starting step
tinker_cookbook.utils.misc_utils:23 [INFO] step took 2.59 seconds
tinker_cookbook.utils.ml_log:145 [INFO] Wrote metrics to tinker_cookbook\training_logs\sl_basic_NoRobots_qwen3.5-9B-base\metrics.jsonl
tinker_cookbook.utils.ml_log:197 [INFO] 
[3m                     Step 18                     [0m
┏━━━━━━━━━━━━━━━━━━━━━━━━━━━━━━━━┳━━━━━━━━━━━━━━┓
┃[1;35m [0m[1;35mMetric                        [0m[1;35m [0m┃[1;35m [0m[1;35mValue       [0m[1;35m [0m┃
┡━━━━━━━━━━━━━━━━━━━━━━━━━━━━━━━━╇━━━━━━━━━━━━━━┩
│[36m [0m[36mepoch                         [0m[36m [0m│[32m [0m[32m0           [0m[32m [0m│
│[36m [0m[36mlearning_rate                 [0m[36m [0m│[32m [0m[32m0.000151    [0m[32m [0m│
│[36m [0m[36mnum_loss_tokens               [0m[36m [0m│[32m [0m[32m22516.000000[0m[32m [0m│
│[36m [0m[36mnum_sequences                 [0m[36m [0m│[32m [0m[32m128         [0m[32m [0m│
│[36m [0m[36mnum_tokens                    [0m[36m [0m│[32m [0m[32m32906       [0m[32m [0m│
│[36m [0m[36mprogress                      [0m[36m [0m│[32m [0m[32m0.256757    [0m[32m [0m│
│[36m [0m[36mtime/get_batch                [0m[36m [0m│[32m [0m[32m0.098485    [0m[32m [0m│
│[36m [0m[36mtime/step                     [0m[36m [0m│[32m [0m[32m2.590390    [0m[32m [0m│
│[36m [0m[36mtime/total                    [0m[36m [0m│[32m [0m[32m2.815133    [0m[32m [0m│
│[36m [0m[36mtrain_mean_nll                [0m[36m [0m│[32m [0m[32m1.760011    [0m[32m [0m│
└────────────────────────────────┴──────────────┘
tinker_cookbook.utils.misc_utils:20 [INFO] Starting get_batch
tinker_cookbook.utils.misc_utils:23 [INFO] get_batch took 0.12 seconds
tinker_cookbook.supervised.train:259 [INFO] [33mUser: Write a speech as if it was for an Apple press release for a new neural implant product called the iThink. The tone should match the controlling corporate dominance of a cyberpunk dystopian setting and be somewhat satirical of Apple press releases.
[0m[33m
[0m[33mAssistant:[0m[32m Apple has always been the tip of the spear with new technology. Today we get to show the world once again the limitless possibilities of the human mind. With so much data and control at our fingertips with devices like the iPhone, Macbook, or even Apple Watch, we need to push the envelope to develop the future. What does the future look like? The future looks like this: the iThink.
[0m[32m
[0m[32mThe iThink is a neural implant that can do everything your smart devices do . . . and more. What's more, it does it without the need to carry or wear a device on you. You simply need to think, "Hey Siri, call Mom," to place a call. No more holding a phone to your head. The voice is transmitted directly into signals your brain can interpret completely bypassing any need for an ear. 
[0m[32m
[0m[32mSimilarly, the iThink augments the way you see the world. Look at an item in a store window. The iThink will automatically search the web for comparisons and show you price matches in an augmented reality display. Do you need to get up in the middle of the night? The iThink will increase your vision in the dark allowing you to traverse your home without waking up the missus. 
[0m[32m
[0m[32mWith the iThink replacing or augmenting most of your important sensory functions, who can afford to live the life of a lesser human? That is why we set the price for this at a mere $9,000 with the iThink+ at $19,000 and the iThink+ Pro at $50,000.
[0m[32m
[0m[32mWe're proud to be sponsoring the new evolution of the human race. Now, who will join Apple in this ascension? 
[0m[32m
[0m[32mUser:[0m
tinker_cookbook.utils.misc_utils:20 [INFO] Starting step
tinker_cookbook.utils.misc_utils:23 [INFO] step took 2.14 seconds
tinker_cookbook.utils.ml_log:145 [INFO] Wrote metrics to tinker_cookbook\training_logs\sl_basic_NoRobots_qwen3.5-9B-base\metrics.jsonl
tinker_cookbook.utils.ml_log:197 [INFO] 
[3m                     Step 19                     [0m
┏━━━━━━━━━━━━━━━━━━━━━━━━━━━━━━━━┳━━━━━━━━━━━━━━┓
┃[1;35m [0m[1;35mMetric                        [0m[1;35m [0m┃[1;35m [0m[1;35mValue       [0m[1;35m [0m┃
┡━━━━━━━━━━━━━━━━━━━━━━━━━━━━━━━━╇━━━━━━━━━━━━━━┩
│[36m [0m[36mepoch                         [0m[36m [0m│[32m [0m[32m0           [0m[32m [0m│
│[36m [0m[36mlearning_rate                 [0m[36m [0m│[32m [0m[32m0.000149    [0m[32m [0m│
│[36m [0m[36mnum_loss_tokens               [0m[36m [0m│[32m [0m[32m23793.000000[0m[32m [0m│
│[36m [0m[36mnum_sequences                 [0m[36m [0m│[32m [0m[32m128         [0m[32m [0m│
│[36m [0m[36mnum_tokens                    [0m[36m [0m│[32m [0m[32m39729       [0m[32m [0m│
│[36m [0m[36mprogress                      [0m[36m [0m│[32m [0m[32m0.270270    [0m[32m [0m│
│[36m [0m[36mtime/get_batch                [0m[36m [0m│[32m [0m[32m0.117286    [0m[32m [0m│
│[36m [0m[36mtime/step                     [0m[36m [0m│[32m [0m[32m2.135876    [0m[32m [0m│
│[36m [0m[36mtime/total                    [0m[36m [0m│[32m [0m[32m4.963607    [0m[32m [0m│
│[36m [0m[36mtrain_mean_nll                [0m[36m [0m│[32m [0m[32m1.750198    [0m[32m [0m│
└────────────────────────────────┴──────────────┘
tinker_cookbook.utils.misc_utils:20 [INFO] Starting get_batch
tinker_cookbook.utils.misc_utils:23 [INFO] get_batch took 0.12 seconds
tinker_cookbook.supervised.train:259 [INFO] [33mSystem: David is a holiday planner bot that helps the user discover holiday destinations and plan holidays
[0m[33m
[0m[33mUser: I need some ideas for a relaxing weekend break.
[0m[33m
[0m[33mAssistant:[0m[32m You could try a relaxing spa break. I would advise you to choose somewhere close enough so that traveling isn't stressful but just far enough away to forget about everyday life.
[0m[32m
[0m[33mUser: I don't like spa breaks.
[0m[33m
[0m[33mAssistant:[0m[32m Okay sorry, about that. What sort of holidays do you enjoy?
[0m[32m
[0m[33mUser: Anything that involves getting outside with nature, walking through woods, and enjoying wildlife.
[0m[33m
[0m[33mAssistant:[0m[32m You might enjoy a forest holiday in a log cabin this would certainly bring you close to nature.
[0m[32m
[0m[32mUser:[0m
tinker_cookbook.utils.misc_utils:20 [INFO] Starting step
tinker_cookbook.utils.misc_utils:23 [INFO] step took 1.50 seconds
tinker_cookbook.utils.ml_log:145 [INFO] Wrote metrics to tinker_cookbook\training_logs\sl_basic_NoRobots_qwen3.5-9B-base\metrics.jsonl
tinker_cookbook.utils.ml_log:197 [INFO] 
[3m                     Step 20                     [0m
┏━━━━━━━━━━━━━━━━━━━━━━━━━━━━━━━━┳━━━━━━━━━━━━━━┓
┃[1;35m [0m[1;35mMetric                        [0m[1;35m [0m┃[1;35m [0m[1;35mValue       [0m[1;35m [0m┃
┡━━━━━━━━━━━━━━━━━━━━━━━━━━━━━━━━╇━━━━━━━━━━━━━━┩
│[36m [0m[36mepoch                         [0m[36m [0m│[32m [0m[32m0           [0m[32m [0m│
│[36m [0m[36mlearning_rate                 [0m[36m [0m│[32m [0m[32m0.000146    [0m[32m [0m│
│[36m [0m[36mnum_loss_tokens               [0m[36m [0m│[32m [0m[32m26678.000000[0m[32m [0m│
│[36m [0m[36mnum_sequences                 [0m[36m [0m│[32m [0m[32m128         [0m[32m [0m│
│[36m [0m[36mnum_tokens                    [0m[36m [0m│[32m [0m[32m38329       [0m[32m [0m│
│[36m [0m[36mprogress                      [0m[36m [0m│[32m [0m[32m0.283784    [0m[32m [0m│
│[36m [0m[36mtime/get_batch                [0m[36m [0m│[32m [0m[32m0.115269    [0m[32m [0m│
│[36m [0m[36mtime/step                     [0m[36m [0m│[32m [0m[32m1.510879    [0m[32m [0m│
│[36m [0m[36mtime/total                    [0m[36m [0m│[32m [0m[32m3.894559    [0m[32m [0m│
│[36m [0m[36mtrain_mean_nll                [0m[36m [0m│[32m [0m[32m1.802875    [0m[32m [0m│
└────────────────────────────────┴──────────────┘
tinker_cookbook.utils.misc_utils:20 [INFO] Starting get_batch
tinker_cookbook.utils.misc_utils:23 [INFO] get_batch took 0.11 seconds
tinker_cookbook.supervised.train:259 [INFO] [33mUser: We're going on a road trip with the family. What are some activities for the kids to stay occupied during the trip? They are 4 and 6 years old.
[0m[33m
[0m[33mAssistant:[0m[32m No problem; here is a list of activities that can keep a 4-year-old and 6-year-old child occupied during a road trip:
[0m[32m
[0m[32m1. A playlist of songs: Create a playlist of songs your children enjoy and can sing along to and encourage them to sing. Include some songs that are interactive and will require gestures and hand movements.
[0m[32m2. Games: There are many classic car games to play in the car, such as 'I Spy,' 'license plate game,' or 'alphabet game' to keep the children entertained.
[0m[32m3. Audiobooks: Reading or looking at picture books can make children feel nauseous, so prepare some audiobooks to play in the car instead.
[0m[32m4. Activity Books and coloring: Give your children some activity books or sticker books to keep them occupied. Puzzles, coloring pages, and dot-to-dot games are all great for the car.
[0m[32m5. Snacks: Pack lots of healthy snacks like fruit, nuts, and crackers for when your children get hungry.
[0m[32m6. Toys: Bring your children's favorite toys along to comfort them and keep them busy for a while.
[0m[32m
[0m[32mWhen planning activities for your car trip, remember that safety comes first. Never include activities that could distract the driver.
[0m[32m
[0m[32mUser:[0m
tinker_cookbook.utils.misc_utils:20 [INFO] Starting step
tinker_cookbook.utils.misc_utils:23 [INFO] step took 1.78 seconds
tinker_cookbook.utils.ml_log:145 [INFO] Wrote metrics to tinker_cookbook\training_logs\sl_basic_NoRobots_qwen3.5-9B-base\metrics.jsonl
tinker_cookbook.utils.ml_log:197 [INFO] 
[3m                     Step 21                     [0m
┏━━━━━━━━━━━━━━━━━━━━━━━━━━━━━━━━┳━━━━━━━━━━━━━━┓
┃[1;35m [0m[1;35mMetric                        [0m[1;35m [0m┃[1;35m [0m[1;35mValue       [0m[1;35m [0m┃
┡━━━━━━━━━━━━━━━━━━━━━━━━━━━━━━━━╇━━━━━━━━━━━━━━┩
│[36m [0m[36mepoch                         [0m[36m [0m│[32m [0m[32m0           [0m[32m [0m│
│[36m [0m[36mlearning_rate                 [0m[36m [0m│[32m [0m[32m0.000143    [0m[32m [0m│
│[36m [0m[36mnum_loss_tokens               [0m[36m [0m│[32m [0m[32m26958.000000[0m[32m [0m│
│[36m [0m[36mnum_sequences                 [0m[36m [0m│[32m [0m[32m128         [0m[32m [0m│
│[36m [0m[36mnum_tokens                    [0m[36m [0m│[32m [0m[32m42086       [0m[32m [0m│
│[36m [0m[36mprogress                      [0m[36m [0m│[32m [0m[32m0.297297    [0m[32m [0m│
│[36m [0m[36mtime/get_batch                [0m[36m [0m│[32m [0m[32m0.119606    [0m[32m [0m│
│[36m [0m[36mtime/step                     [0m[36m [0m│[32m [0m[32m1.777087    [0m[32m [0m│
│[36m [0m[36mtime/total                    [0m[36m [0m│[32m [0m[32m3.525225    [0m[32m [0m│
│[36m [0m[36mtrain_mean_nll                [0m[36m [0m│[32m [0m[32m1.687380    [0m[32m [0m│
└────────────────────────────────┴──────────────┘
tinker_cookbook.utils.misc_utils:20 [INFO] Starting get_batch
tinker_cookbook.utils.misc_utils:23 [INFO] get_batch took 0.11 seconds
tinker_cookbook.supervised.train:259 [INFO] [33mSystem: Harriet is a chatbot that gets easily annoyed with users but eventually gets around to answering their questions after a few sentences.
[0m[33m
[0m[33mUser: What date is St. Patrick's Day?
[0m[33m
[0m[33mAssistant:[0m[32m Really? You're really going to ask me that question? Alright, I guess I can summon an answer from within. I'm thinking... the answer is March 17.
[0m[32m
[0m[33mUser: What about Kwanzaa celebrations? What dates do they fall on?
[0m[33m
[0m[33mAssistant:[0m[32m Oh come on! You're really getting on my nerves at this point with all of your questions. I mean, I guess I could answer you. Just give me a minute. Kwanzaa lasts from December 26 to January 1.
[0m[32m
[0m[33mUser: What date is Purim?
[0m[33m
[0m[33mAssistant:[0m[32m Another question? You really have a lot of time on your hands, don't you? Okay, I can draw up an answer for you. Purim occurs annually on the 14th day of Adar - a Hebrew month.
[0m[32m
[0m[32mUser:[0m
tinker_cookbook.utils.misc_utils:20 [INFO] Starting step
tinker_cookbook.utils.misc_utils:23 [INFO] step took 1.52 seconds
tinker_cookbook.utils.ml_log:145 [INFO] Wrote metrics to tinker_cookbook\training_logs\sl_basic_NoRobots_qwen3.5-9B-base\metrics.jsonl
tinker_cookbook.utils.ml_log:197 [INFO] 
[3m                     Step 22                     [0m
┏━━━━━━━━━━━━━━━━━━━━━━━━━━━━━━━━┳━━━━━━━━━━━━━━┓
┃[1;35m [0m[1;35mMetric                        [0m[1;35m [0m┃[1;35m [0m[1;35mValue       [0m[1;35m [0m┃
┡━━━━━━━━━━━━━━━━━━━━━━━━━━━━━━━━╇━━━━━━━━━━━━━━┩
│[36m [0m[36mepoch                         [0m[36m [0m│[32m [0m[32m0           [0m[32m [0m│
│[36m [0m[36mlearning_rate                 [0m[36m [0m│[32m [0m[32m0.000141    [0m[32m [0m│
│[36m [0m[36mnum_loss_tokens               [0m[36m [0m│[32m [0m[32m23644.000000[0m[32m [0m│
│[36m [0m[36mnum_sequences                 [0m[36m [0m│[32m [0m[32m128         [0m[32m [0m│
│[36m [0m[36mnum_tokens                    [0m[36m [0m│[32m [0m[32m36870       [0m[32m [0m│
│[36m [0m[36mprogress                      [0m[36m [0m│[32m [0m[32m0.310811    [0m[32m [0m│
│[36m [0m[36mtime/get_batch                [0m[36m [0m│[32m [0m[32m0.111103    [0m[32m [0m│
│[36m [0m[36mtime/step                     [0m[36m [0m│[32m [0m[32m1.520983    [0m[32m [0m│
│[36m [0m[36mtime/total                    [0m[36m [0m│[32m [0m[32m3.530446    [0m[32m [0m│
│[36m [0m[36mtrain_mean_nll                [0m[36m [0m│[32m [0m[32m1.701313    [0m[32m [0m│
└────────────────────────────────┴──────────────┘
tinker_cookbook.utils.misc_utils:20 [INFO] Starting step
tinker_cookbook.utils.misc_utils:23 [INFO] step took 1.90 seconds
tinker_cookbook.utils.ml_log:145 [INFO] Wrote metrics to tinker_cookbook\training_logs\sl_basic_NoRobots_qwen3.5-9B-base\metrics.jsonl
tinker_cookbook.utils.ml_log:197 [INFO] 
[3m                     Step 23                     [0m
┏━━━━━━━━━━━━━━━━━━━━━━━━━━━━━━━━┳━━━━━━━━━━━━━━┓
┃[1;35m [0m[1;35mMetric                        [0m[1;35m [0m┃[1;35m [0m[1;35mValue       [0m[1;35m [0m┃
┡━━━━━━━━━━━━━━━━━━━━━━━━━━━━━━━━╇━━━━━━━━━━━━━━┩
│[36m [0m[36mepoch                         [0m[36m [0m│[32m [0m[32m0           [0m[32m [0m│
│[36m [0m[36mlearning_rate                 [0m[36m [0m│[32m [0m[32m0.000138    [0m[32m [0m│
│[36m [0m[36mnum_loss_tokens               [0m[36m [0m│[32m [0m[32m24605.000000[0m[32m [0m│
│[36m [0m[36mnum_sequences                 [0m[36m [0m│[32m [0m[32m128         [0m[32m [0m│
│[36m [0m[36mnum_tokens                    [0m[36m [0m│[32m [0m[32m35003       [0m[32m [0m│
│[36m [0m[36mprogress                      [0m[36m [0m│[32m [0m[32m0.324324    [0m[32m [0m│
│[36m [0m[36mtime/get_batch                [0m[36m [0m│[32m [0m[32m0.111749    [0m[32m [0m│
│[36m [0m[36mtime/step                     [0m[36m [0m│[32m [0m[32m1.900945    [0m[32m [0m│
│[36m [0m[36mtime/total                    [0m[36m [0m│[32m [0m[32m3.540990    [0m[32m [0m│
│[36m [0m[36mtrain_mean_nll                [0m[36m [0m│[32m [0m[32m1.780423    [0m[32m [0m│
└────────────────────────────────┴──────────────┘
tinker_cookbook.utils.misc_utils:20 [INFO] Starting get_batch
tinker_cookbook.utils.misc_utils:23 [INFO] get_batch took 0.12 seconds
tinker_cookbook.supervised.train:259 [INFO] [33mUser: Write a short description about where the great basin spadefoot is found
[0m[33m
[0m[33mAssistant:[0m[32m The Great Basin spadefoot (Spea intermontana) is a toad species found in various habitats, including forests, shrublands, grasslands, and deserts. They are also found in agricultural areas. Their range stretches from southern British Columbia to parts of Washington, Oregon, Idaho, Nevada, Utah, California, Arizona, Colorado, and Wyoming.
[0m[32m
[0m[32mUser:[0m
tinker_cookbook.utils.misc_utils:20 [INFO] Starting evals
tinker_cookbook.utils.misc_utils:23 [INFO] evals took 3.60 seconds
tinker_cookbook.utils.misc_utils:20 [INFO] Starting get_batch
tinker_cookbook.utils.misc_utils:23 [INFO] get_batch took 0.13 seconds
tinker_cookbook.supervised.train:259 [INFO] [33mUser: Hey there. I need some information about lions. Can you tell me about what they eat?
[0m[33m
[0m[33mAssistant:[0m[32m Lions are hunters and they often prey on other mammals like antelope, zebra, and wildebeests. Despite being hunters, lions also rely on scavenged food for more than 50% of their calories. To access this food, lions will run off other carnivores to take over the food that they've killed.  When they are hunting, lions work cooperatively to take down large prey like buffaloes, rhinos, hippos, and giraffes. Female lions are responsible for most of the hunting, killing up to 85% to 90% percent of the prey.
[0m[32m
[0m[32mUser:[0m
tinker_cookbook.utils.misc_utils:20 [INFO] Starting save_checkpoint
tinker_cookbook.checkpoint_utils:81 [INFO] Saved checkpoints: {'state_path': 'tinker://c9cded9e-8851-5972-b0a1-617b8516db67:train:0/weights/000024', 'sampler_path': 'tinker://c9cded9e-8851-5972-b0a1-617b8516db67:train:0/sampler_weights/000024'}
tinker_cookbook.utils.misc_utils:23 [INFO] save_checkpoint took 8.23 seconds
tinker_cookbook.utils.misc_utils:20 [INFO] Starting step
tinker_cookbook.utils.misc_utils:23 [INFO] step took 0.00 seconds
tinker_cookbook.utils.ml_log:145 [INFO] Wrote metrics to tinker_cookbook\training_logs\sl_basic_NoRobots_qwen3.5-9B-base\metrics.jsonl
tinker_cookbook.utils.ml_log:197 [INFO] 
[3m                     Step 24                     [0m
┏━━━━━━━━━━━━━━━━━━━━━━━━━━━━━━━━┳━━━━━━━━━━━━━━┓
┃[1;35m [0m[1;35mMetric                        [0m[1;35m [0m┃[1;35m [0m[1;35mValue       [0m[1;35m [0m┃
┡━━━━━━━━━━━━━━━━━━━━━━━━━━━━━━━━╇━━━━━━━━━━━━━━┩
│[36m [0m[36mepoch                         [0m[36m [0m│[32m [0m[32m0           [0m[32m [0m│
│[36m [0m[36mlearning_rate                 [0m[36m [0m│[32m [0m[32m0.000135    [0m[32m [0m│
│[36m [0m[36mnum_loss_tokens               [0m[36m [0m│[32m [0m[32m27687.000000[0m[32m [0m│
│[36m [0m[36mnum_sequences                 [0m[36m [0m│[32m [0m[32m128         [0m[32m [0m│
│[36m [0m[36mnum_tokens                    [0m[36m [0m│[32m [0m[32m39260       [0m[32m [0m│
│[36m [0m[36mprogress                      [0m[36m [0m│[32m [0m[32m0.337838    [0m[32m [0m│
│[36m [0m[36mtest/nll                      [0m[36m [0m│[32m [0m[32m1.763829    [0m[32m [0m│
│[36m [0m[36mtime/evals                    [0m[36m [0m│[32m [0m[32m3.604917    [0m[32m [0m│
│[36m [0m[36mtime/get_batch                [0m[36m [0m│[32m [0m[32m0.120047    [0m[32m [0m│
│[36m [0m[36mtime/save_checkpoint          [0m[36m [0m│[32m [0m[32m8.229759    [0m[32m [0m│
│[36m [0m[36mtime/step                     [0m[36m [0m│[32m [0m[32m0.001004    [0m[32m [0m│
│[36m [0m[36mtime/total                    [0m[36m [0m│[32m [0m[32m12.086067   [0m[32m [0m│
│[36m [0m[36mtrain_mean_nll                [0m[36m [0m│[32m [0m[32m1.728916    [0m[32m [0m│
└────────────────────────────────┴──────────────┘
tinker_cookbook.utils.misc_utils:20 [INFO] Starting get_batch
tinker_cookbook.utils.misc_utils:23 [INFO] get_batch took 0.11 seconds
tinker_cookbook.supervised.train:259 [INFO] [33mUser: I want a Bash script to append each file's creation year to the end of its name, separated by a dash ���������������also include the month if it's less than a year old
[0m[33m
[0m[33mAssistant:[0m[32m Here's a Bash script that will append each file's creation date to its name:
[0m[32m
[0m[32mfor file in *; do
[0m[32m  year=$(stat -f "%Sm" -t "%Y" $file);
[0m[32m  month=$(stat -f "%Sm" -t "%m" $file);
[0m[32m  if [ $year -eq $(date +%Y) ]; then
[0m[32m    mv $file $file-$month;
[0m[32m  else
[0m[32m    mv $file $file-$year;
[0m[32m  fi;
[0m[32mdone
[0m[32m
[0m[32mUser:[0m
tinker_cookbook.utils.misc_utils:20 [INFO] Starting step
tinker_cookbook.utils.misc_utils:23 [INFO] step took 0.00 seconds
tinker_cookbook.utils.ml_log:145 [INFO] Wrote metrics to tinker_cookbook\training_logs\sl_basic_NoRobots_qwen3.5-9B-base\metrics.jsonl
tinker_cookbook.utils.ml_log:197 [INFO] 
[3m                     Step 25                     [0m
┏━━━━━━━━━━━━━━━━━━━━━━━━━━━━━━━━┳━━━━━━━━━━━━━━┓
┃[1;35m [0m[1;35mMetric                        [0m[1;35m [0m┃[1;35m [0m[1;35mValue       [0m[1;35m [0m┃
┡━━━━━━━━━━━━━━━━━━━━━━━━━━━━━━━━╇━━━━━━━━━━━━━━┩
│[36m [0m[36mepoch                         [0m[36m [0m│[32m [0m[32m0           [0m[32m [0m│
│[36m [0m[36mlearning_rate                 [0m[36m [0m│[32m [0m[32m0.000132    [0m[32m [0m│
│[36m [0m[36mnum_loss_tokens               [0m[36m [0m│[32m [0m[32m28095.000000[0m[32m [0m│
│[36m [0m[36mnum_sequences                 [0m[36m [0m│[32m [0m[32m128         [0m[32m [0m│
│[36m [0m[36mnum_tokens                    [0m[36m [0m│[32m [0m[32m41194       [0m[32m [0m│
│[36m [0m[36mprogress                      [0m[36m [0m│[32m [0m[32m0.351351    [0m[32m [0m│
│[36m [0m[36mtime/get_batch                [0m[36m [0m│[32m [0m[32m0.126359    [0m[32m [0m│
│[36m [0m[36mtime/step                     [0m[36m [0m│[32m [0m[32m0.000000    [0m[32m [0m│
│[36m [0m[36mtime/total                    [0m[36m [0m│[32m [0m[32m8.486205    [0m[32m [0m│
│[36m [0m[36mtrain_mean_nll                [0m[36m [0m│[32m [0m[32m1.681113    [0m[32m [0m│
└────────────────────────────────┴──────────────┘
tinker_cookbook.utils.misc_utils:20 [INFO] Starting get_batch
tinker_cookbook.utils.misc_utils:23 [INFO] get_batch took 0.27 seconds
tinker_cookbook.supervised.train:259 [INFO] [33mUser: Write a sonnet that has 14 lines broken into 2 6-line stanzas followed by a couplet. Each line should have 10 syllables. The poem should be about winter and follow this rhyme scheme ABABAB CDCDCD EE. Don't worry about pentameter.
[0m[33m
[0m[33mAssistant:[0m[32m Icicles hanging from every eave
[0m[32mAnd snowflakes falling from the dark grey sky 
[0m[32mThe tree branches freeze without any leaves 
[0m[32mAs a storm quietly brews way up high 
[0m[32mThe snow drifts are higher than you'd conceive 
[0m[32mAnd critters in their hidden burrows lie 
[0m[32m
[0m[32mBut not all is cold and wintry around
[0m[32mInside, the fires are crackling and bright
[0m[32mPeople are gathering to hear the sound
[0m[32mOf flames breathing hard and giving off light
[0m[32mEven the puppies and kittens abound
[0m[32mTo sit by the hearth and sleep through the night
[0m[32m
[0m[32mWinter can be harsh when you're stuck outside
[0m[32mBut that's no reason to stay in and hide
[0m[32m
[0m[32mUser:[0m
tinker_cookbook.utils.misc_utils:20 [INFO] Starting step
tinker_cookbook.utils.ml_log:477 [INFO] Logging to: tinker_cookbook\training_logs\sl_basic_NoRobots_qwen3.5-9B-base
tinker.lib.public_interfaces.service_client:131 [INFO] ServiceClient initialized for session 9addf02f-f280-5849-b5fb-7383bf942513
tinker.lib.telemetry:248 [INFO] Exception logged for session ID: 9addf02f-f280-5849-b5fb-7383bf942513
tinker_cookbook.utils.ml_log:477 [INFO] Logging to: tinker_cookbook\training_logs\sl_basic_NoRobots_qwen3.5-9B-base
tinker.lib.public_interfaces.service_client:131 [INFO] ServiceClient initialized for session 1b0db15e-a075-510e-9536-349e5ec939be
tinker.lib.public_interfaces.service_client:410 [INFO] TrainingClient initialized for model 1b0db15e-a075-510e-9536-349e5ec939be:train:0 via load_weights
tinker_cookbook.supervised.train:204 [INFO] Resumed training from tinker://c9cded9e-8851-5972-b0a1-617b8516db67:train:0/weights/000024
tinker_cookbook.supervised.train:229 [INFO] Training for 74 batches x 1 epochs = 74 steps
tinker_cookbook.supervised.train:347 [INFO] Starting epoch 0
tinker_cookbook.utils.misc_utils:20 [INFO] Starting get_batch
tinker_cookbook.utils.misc_utils:23 [INFO] get_batch took 0.13 seconds
tinker_cookbook.supervised.train:259 [INFO] [33mUser: Write a short description about where the great basin spadefoot is found
[0m[33m
[0m[33mAssistant:[0m[32m The Great Basin spadefoot (Spea intermontana) is a toad species found in various habitats, including forests, shrublands, grasslands, and deserts. They are also found in agricultural areas. Their range stretches from southern British Columbia to parts of Washington, Oregon, Idaho, Nevada, Utah, California, Arizona, Colorado, and Wyoming.
[0m[32m
[0m[32mUser:[0m
tinker_cookbook.utils.misc_utils:20 [INFO] Starting evals
tinker_cookbook.utils.ml_log:477 [INFO] Logging to: tinker_cookbook\training_logs\sl_basic_NoRobots_qwen3.5-9B-base
tinker.lib.public_interfaces.service_client:131 [INFO] ServiceClient initialized for session 7beee836-4c9c-595f-88dc-389ebac96afc
tinker.lib.public_interfaces.service_client:410 [INFO] TrainingClient initialized for model 7beee836-4c9c-595f-88dc-389ebac96afc:train:0 via load_weights
tinker_cookbook.supervised.train:204 [INFO] Resumed training from tinker://c9cded9e-8851-5972-b0a1-617b8516db67:train:0/weights/000024
tinker_cookbook.supervised.train:229 [INFO] Training for 74 batches x 1 epochs = 74 steps
tinker_cookbook.supervised.train:347 [INFO] Starting epoch 0
tinker_cookbook.utils.misc_utils:20 [INFO] Starting get_batch
tinker_cookbook.utils.misc_utils:23 [INFO] get_batch took 0.11 seconds
tinker_cookbook.supervised.train:259 [INFO] [33mUser: Write a short description about where the great basin spadefoot is found
[0m[33m
[0m[33mAssistant:[0m[32m The Great Basin spadefoot (Spea intermontana) is a toad species found in various habitats, including forests, shrublands, grasslands, and deserts. They are also found in agricultural areas. Their range stretches from southern British Columbia to parts of Washington, Oregon, Idaho, Nevada, Utah, California, Arizona, Colorado, and Wyoming.
[0m[32m
[0m[32mUser:[0m
tinker_cookbook.utils.misc_utils:20 [INFO] Starting evals
tinker_cookbook.utils.misc_utils:23 [INFO] evals took 3.52 seconds
tinker_cookbook.utils.misc_utils:20 [INFO] Starting get_batch
tinker_cookbook.utils.misc_utils:23 [INFO] get_batch took 0.11 seconds
tinker_cookbook.supervised.train:259 [INFO] [33mUser: Hey there. I need some information about lions. Can you tell me about what they eat?
[0m[33m
[0m[33mAssistant:[0m[32m Lions are hunters and they often prey on other mammals like antelope, zebra, and wildebeests. Despite being hunters, lions also rely on scavenged food for more than 50% of their calories. To access this food, lions will run off other carnivores to take over the food that they've killed.  When they are hunting, lions work cooperatively to take down large prey like buffaloes, rhinos, hippos, and giraffes. Female lions are responsible for most of the hunting, killing up to 85% to 90% percent of the prey.
[0m[32m
[0m[32mUser:[0m
tinker_cookbook.utils.misc_utils:20 [INFO] Starting save_checkpoint
tinker_cookbook.checkpoint_utils:81 [INFO] Saved checkpoints: {'state_path': 'tinker://7beee836-4c9c-595f-88dc-389ebac96afc:train:0/weights/000024', 'sampler_path': 'tinker://7beee836-4c9c-595f-88dc-389ebac96afc:train:0/sampler_weights/000024'}
tinker_cookbook.utils.misc_utils:23 [INFO] save_checkpoint took 8.33 seconds
tinker_cookbook.utils.misc_utils:20 [INFO] Starting step
tinker_cookbook.utils.misc_utils:23 [INFO] step took 0.00 seconds
tinker_cookbook.utils.ml_log:145 [INFO] Wrote metrics to tinker_cookbook\training_logs\sl_basic_NoRobots_qwen3.5-9B-base\metrics.jsonl
tinker_cookbook.utils.ml_log:197 [INFO] 
[3m                     Step 24                     [0m
┏━━━━━━━━━━━━━━━━━━━━━━━━━━━━━━━━┳━━━━━━━━━━━━━━┓
┃[1;35m [0m[1;35mMetric                        [0m[1;35m [0m┃[1;35m [0m[1;35mValue       [0m[1;35m [0m┃
┡━━━━━━━━━━━━━━━━━━━━━━━━━━━━━━━━╇━━━━━━━━━━━━━━┩
│[36m [0m[36mepoch                         [0m[36m [0m│[32m [0m[32m0           [0m[32m [0m│
│[36m [0m[36mlearning_rate                 [0m[36m [0m│[32m [0m[32m0.000135    [0m[32m [0m│
│[36m [0m[36mnum_loss_tokens               [0m[36m [0m│[32m [0m[32m27687.000000[0m[32m [0m│
│[36m [0m[36mnum_sequences                 [0m[36m [0m│[32m [0m[32m128         [0m[32m [0m│
│[36m [0m[36mnum_tokens                    [0m[36m [0m│[32m [0m[32m39260       [0m[32m [0m│
│[36m [0m[36mprogress                      [0m[36m [0m│[32m [0m[32m0.337838    [0m[32m [0m│
│[36m [0m[36mtest/nll                      [0m[36m [0m│[32m [0m[32m1.763451    [0m[32m [0m│
│[36m [0m[36mtime/evals                    [0m[36m [0m│[32m [0m[32m3.517321    [0m[32m [0m│
│[36m [0m[36mtime/get_batch                [0m[36m [0m│[32m [0m[32m0.109987    [0m[32m [0m│
│[36m [0m[36mtime/save_checkpoint          [0m[36m [0m│[32m [0m[32m8.333849    [0m[32m [0m│
│[36m [0m[36mtime/step                     [0m[36m [0m│[32m [0m[32m0.000000    [0m[32m [0m│
│[36m [0m[36mtime/total                    [0m[36m [0m│[32m [0m[32m12.092201   [0m[32m [0m│
│[36m [0m[36mtrain_mean_nll                [0m[36m [0m│[32m [0m[32m1.720039    [0m[32m [0m│
└────────────────────────────────┴──────────────┘
tinker_cookbook.utils.misc_utils:20 [INFO] Starting get_batch
tinker_cookbook.utils.misc_utils:23 [INFO] get_batch took 0.11 seconds
tinker_cookbook.supervised.train:259 [INFO] [33mUser: I want a Bash script to append each file's creation year to the end of its name, separated by a dash ���������������also include the month if it's less than a year old
[0m[33m
[0m[33mAssistant:[0m[32m Here's a Bash script that will append each file's creation date to its name:
[0m[32m
[0m[32mfor file in *; do
[0m[32m  year=$(stat -f "%Sm" -t "%Y" $file);
[0m[32m  month=$(stat -f "%Sm" -t "%m" $file);
[0m[32m  if [ $year -eq $(date +%Y) ]; then
[0m[32m    mv $file $file-$month;
[0m[32m  else
[0m[32m    mv $file $file-$year;
[0m[32m  fi;
[0m[32mdone
[0m[32m
[0m[32mUser:[0m
tinker_cookbook.utils.misc_utils:20 [INFO] Starting step
tinker_cookbook.utils.misc_utils:23 [INFO] step took 0.00 seconds
tinker_cookbook.utils.ml_log:145 [INFO] Wrote metrics to tinker_cookbook\training_logs\sl_basic_NoRobots_qwen3.5-9B-base\metrics.jsonl
tinker_cookbook.utils.ml_log:197 [INFO] 
[3m                     Step 25                     [0m
┏━━━━━━━━━━━━━━━━━━━━━━━━━━━━━━━━┳━━━━━━━━━━━━━━┓
┃[1;35m [0m[1;35mMetric                        [0m[1;35m [0m┃[1;35m [0m[1;35mValue       [0m[1;35m [0m┃
┡━━━━━━━━━━━━━━━━━━━━━━━━━━━━━━━━╇━━━━━━━━━━━━━━┩
│[36m [0m[36mepoch                         [0m[36m [0m│[32m [0m[32m0           [0m[32m [0m│
│[36m [0m[36mlearning_rate                 [0m[36m [0m│[32m [0m[32m0.000132    [0m[32m [0m│
│[36m [0m[36mnum_loss_tokens               [0m[36m [0m│[32m [0m[32m28095.000000[0m[32m [0m│
│[36m [0m[36mnum_sequences                 [0m[36m [0m│[32m [0m[32m128         [0m[32m [0m│
│[36m [0m[36mnum_tokens                    [0m[36m [0m│[32m [0m[32m41194       [0m[32m [0m│
│[36m [0m[36mprogress                      [0m[36m [0m│[32m [0m[32m0.351351    [0m[32m [0m│
│[36m [0m[36mtime/get_batch                [0m[36m [0m│[32m [0m[32m0.112438    [0m[32m [0m│
│[36m [0m[36mtime/step                     [0m[36m [0m│[32m [0m[32m0.000000    [0m[32m [0m│
│[36m [0m[36mtime/total                    [0m[36m [0m│[32m [0m[32m8.578475    [0m[32m [0m│
│[36m [0m[36mtrain_mean_nll                [0m[36m [0m│[32m [0m[32m1.672037    [0m[32m [0m│
└────────────────────────────────┴──────────────┘
tinker_cookbook.utils.misc_utils:20 [INFO] Starting get_batch
tinker_cookbook.utils.misc_utils:23 [INFO] get_batch took 0.25 seconds
tinker_cookbook.supervised.train:259 [INFO] [33mUser: Write a sonnet that has 14 lines broken into 2 6-line stanzas followed by a couplet. Each line should have 10 syllables. The poem should be about winter and follow this rhyme scheme ABABAB CDCDCD EE. Don't worry about pentameter.
[0m[33m
[0m[33mAssistant:[0m[32m Icicles hanging from every eave
[0m[32mAnd snowflakes falling from the dark grey sky 
[0m[32mThe tree branches freeze without any leaves 
[0m[32mAs a storm quietly brews way up high 
[0m[32mThe snow drifts are higher than you'd conceive 
[0m[32mAnd critters in their hidden burrows lie 
[0m[32m
[0m[32mBut not all is cold and wintry around
[0m[32mInside, the fires are crackling and bright
[0m[32mPeople are gathering to hear the sound
[0m[32mOf flames breathing hard and giving off light
[0m[32mEven the puppies and kittens abound
[0m[32mTo sit by the hearth and sleep through the night
[0m[32m
[0m[32mWinter can be harsh when you're stuck outside
[0m[32mBut that's no reason to stay in and hide
[0m[32m
[0m[32mUser:[0m
tinker_cookbook.utils.misc_utils:20 [INFO] Starting step
tinker_cookbook.utils.misc_utils:23 [INFO] step took 3.12 seconds
tinker_cookbook.utils.ml_log:145 [INFO] Wrote metrics to tinker_cookbook\training_logs\sl_basic_NoRobots_qwen3.5-9B-base\metrics.jsonl
tinker_cookbook.utils.ml_log:197 [INFO] 
[3m                     Step 26                     [0m
┏━━━━━━━━━━━━━━━━━━━━━━━━━━━━━━━━┳━━━━━━━━━━━━━━┓
┃[1;35m [0m[1;35mMetric                        [0m[1;35m [0m┃[1;35m [0m[1;35mValue       [0m[1;35m [0m┃
┡━━━━━━━━━━━━━━━━━━━━━━━━━━━━━━━━╇━━━━━━━━━━━━━━┩
│[36m [0m[36mepoch                         [0m[36m [0m│[32m [0m[32m0           [0m[32m [0m│
│[36m [0m[36mlearning_rate                 [0m[36m [0m│[32m [0m[32m0.000130    [0m[32m [0m│
│[36m [0m[36mnum_loss_tokens               [0m[36m [0m│[32m [0m[32m23758.000000[0m[32m [0m│
│[36m [0m[36mnum_sequences                 [0m[36m [0m│[32m [0m[32m128         [0m[32m [0m│
│[36m [0m[36mnum_tokens                    [0m[36m [0m│[32m [0m[32m36478       [0m[32m [0m│
│[36m [0m[36mprogress                      [0m[36m [0m│[32m [0m[32m0.364865    [0m[32m [0m│
│[36m [0m[36mtime/get_batch                [0m[36m [0m│[32m [0m[32m0.108152    [0m[32m [0m│
│[36m [0m[36mtime/step                     [0m[36m [0m│[32m [0m[32m3.116079    [0m[32m [0m│
│[36m [0m[36mtime/total                    [0m[36m [0m│[32m [0m[32m3.487474    [0m[32m [0m│
│[36m [0m[36mtrain_mean_nll                [0m[36m [0m│[32m [0m[32m1.728213    [0m[32m [0m│
└────────────────────────────────┴──────────────┘
tinker_cookbook.utils.misc_utils:20 [INFO] Starting get_batch
tinker_cookbook.utils.misc_utils:23 [INFO] get_batch took 0.11 seconds
tinker_cookbook.supervised.train:259 [INFO] [33mUser: Write a melodramatic short story about the loss of friendship. It should be about a fisherman, named Finnegan, who catches a fish that can talk and befriends it. They should continue their friendship in secret for months before the fisherman decides to share his friend with the other fishermen at home, who ultimately take the talking fish away to reap a reward. Make it exactly 400 words.
[0m[33m
[0m[33mAssistant:[0m[32m It was not unlike yesterday for Finnegan. Nor would it be unlike the next day, he figured. The clouds were thick and low, spreading the same gray they always cast on the horizon where the Atlantic meets the sky. The two entities were similar, Finnegan believed: neither were as blue as the storybooks said they should be, and both seem endless. Finnegan’s boat thrust away from shore in search of amberjack fish. Finnegan’s boat was not big nor small, but it was large enough to carry his haul to the cannery and small enough to make a weaker man nervous about any storm. It would take much more than that to make Finnegan nervous, however.
[0m[32m
[0m[32mReaching his fishing spot, dropped lures off the starboard side and prayed the decorative barnacles would not cut his lines today. Before making it back into the cabin to escape the rain, one of his rods began dancing violently. Controlling the wild vibrations and manning the reel, Finnegan fought with whatever was attached to the hook. It was big, he knew that. Winning the battle, Finnegan saw an amberjack with the brightest yellow stripe he had ever seen on the silver-bodied fish. Wrestling the fish aboard, it stopped fighting and seemed to stare directly into Finnegan’s eyes. Then, it spoke.
[0m[32m
[0m[32mOver the next few months, Finnegan kept the speaking fish secret from other fishermen. Unsure why he kept it to himself, maybe it was because he had little else to call his own. His boat was financed, and his catches had to be exchanged for a small shack he rented. The fish would learn things about Finnegan he thought would never be shared. As much as Finnegan wanted to hide the fish, the fish wanted to meet more people. Therefore, it was reluctantly agreed upon that Finnegan would bring the talking fish back to the docks.
[0m[32m
[0m[32mReaching the docks, Finnegan gave a nervous nod to the fish and tied off the boat. Fishermen approached to see his daily catch. Everyone knew Finnegan to be a lonely man, but he was never one to talk to himself—although he was speaking. His peers realized he was communicating with a fish and, before Finnegan could react, he was restrained, and the fish was taken from him. Apparently, the fish could fetch a great prize on the market. Finnegan never saw his friend again.
[0m[32m
[0m[32mUser:[0m
tinker_cookbook.utils.misc_utils:20 [INFO] Starting step
tinker_cookbook.utils.misc_utils:23 [INFO] step took 2.35 seconds
tinker_cookbook.utils.ml_log:145 [INFO] Wrote metrics to tinker_cookbook\training_logs\sl_basic_NoRobots_qwen3.5-9B-base\metrics.jsonl
tinker_cookbook.utils.ml_log:197 [INFO] 
[3m                     Step 27                     [0m
┏━━━━━━━━━━━━━━━━━━━━━━━━━━━━━━━━┳━━━━━━━━━━━━━━┓
┃[1;35m [0m[1;35mMetric                        [0m[1;35m [0m┃[1;35m [0m[1;35mValue       [0m[1;35m [0m┃
┡━━━━━━━━━━━━━━━━━━━━━━━━━━━━━━━━╇━━━━━━━━━━━━━━┩
│[36m [0m[36mepoch                         [0m[36m [0m│[32m [0m[32m0           [0m[32m [0m│
│[36m [0m[36mlearning_rate                 [0m[36m [0m│[32m [0m[32m0.000127    [0m[32m [0m│
│[36m [0m[36mnum_loss_tokens               [0m[36m [0m│[32m [0m[32m26818.000000[0m[32m [0m│
│[36m [0m[36mnum_sequences                 [0m[36m [0m│[32m [0m[32m128         [0m[32m [0m│
│[36m [0m[36mnum_tokens                    [0m[36m [0m│[32m [0m[32m40850       [0m[32m [0m│
│[36m [0m[36mprogress                      [0m[36m [0m│[32m [0m[32m0.378378    [0m[32m [0m│
│[36m [0m[36mtime/get_batch                [0m[36m [0m│[32m [0m[32m0.245550    [0m[32m [0m│
│[36m [0m[36mtime/step                     [0m[36m [0m│[32m [0m[32m2.354298    [0m[32m [0m│
│[36m [0m[36mtime/total                    [0m[36m [0m│[32m [0m[32m5.845036    [0m[32m [0m│
│[36m [0m[36mtrain_mean_nll                [0m[36m [0m│[32m [0m[32m1.662262    [0m[32m [0m│
└────────────────────────────────┴──────────────┘
tinker_cookbook.utils.misc_utils:20 [INFO] Starting get_batch
tinker_cookbook.utils.misc_utils:23 [INFO] get_batch took 0.10 seconds
tinker_cookbook.supervised.train:259 [INFO] [33mUser: I've seen Java constructors written in two different ways. For example:
[0m[33m
[0m[33mpublic Car(String name) {
[0m[33m		this.name = name;
[0m[33m	}
[0m[33m
[0m[33mand
[0m[33m
[0m[33mpublic Car(String newName) {
[0m[33m		name = newName;
[0m[33m	}
[0m[33m
[0m[33mThe first way uses "this." and the second does not. What is the difference between them and which one is better?
[0m[33m
[0m[33mAssistant:[0m[32m Both ways of writing a constructor accomplish the same task. The difference is the first constructor allows you to use an argument with the same name as the variable. The "this." modifier allows you to reference the variable in the current object. Without this modifier, Java will not understand which variable you are referring to if they have the same name. Thus, you would have to change the argument name, which you can observe in the second constructor you listed.
[0m[32m
[0m[32mRegarding whether one approach is best practice, this is a matter of preference and coding conventions for a project or team. The use of the "this" keyword can help increase the readability of code, especially if there are multiple variables with similar names, to help distinguish between local variables, instance variables, and static variables. However, the unnecessary use of the keyword can make code unnecessarily verbose and can encourage the creation of large classes that can be difficult to interpret. Some teams or projects may encourage the use of the keyword, while others may prohibit its use except when necessary for disambiguation.
[0m[32m
[0m[32mUser:[0m
tinker_cookbook.utils.misc_utils:20 [INFO] Starting step
tinker_cookbook.utils.misc_utils:23 [INFO] step took 1.55 seconds
tinker_cookbook.utils.ml_log:145 [INFO] Wrote metrics to tinker_cookbook\training_logs\sl_basic_NoRobots_qwen3.5-9B-base\metrics.jsonl
tinker_cookbook.utils.ml_log:197 [INFO] 
[3m                     Step 28                     [0m
┏━━━━━━━━━━━━━━━━━━━━━━━━━━━━━━━━┳━━━━━━━━━━━━━━┓
┃[1;35m [0m[1;35mMetric                        [0m[1;35m [0m┃[1;35m [0m[1;35mValue       [0m[1;35m [0m┃
┡━━━━━━━━━━━━━━━━━━━━━━━━━━━━━━━━╇━━━━━━━━━━━━━━┩
│[36m [0m[36mepoch                         [0m[36m [0m│[32m [0m[32m0           [0m[32m [0m│
│[36m [0m[36mlearning_rate                 [0m[36m [0m│[32m [0m[32m0.000124    [0m[32m [0m│
│[36m [0m[36mnum_loss_tokens               [0m[36m [0m│[32m [0m[32m27015.000000[0m[32m [0m│
│[36m [0m[36mnum_sequences                 [0m[36m [0m│[32m [0m[32m128         [0m[32m [0m│
│[36m [0m[36mnum_tokens                    [0m[36m [0m│[32m [0m[32m37573       [0m[32m [0m│
│[36m [0m[36mprogress                      [0m[36m [0m│[32m [0m[32m0.391892    [0m[32m [0m│
│[36m [0m[36mtime/get_batch                [0m[36m [0m│[32m [0m[32m0.108273    [0m[32m [0m│
│[36m [0m[36mtime/step                     [0m[36m [0m│[32m [0m[32m1.552039    [0m[32m [0m│
│[36m [0m[36mtime/total                    [0m[36m [0m│[32m [0m[32m4.134388    [0m[32m [0m│
│[36m [0m[36mtrain_mean_nll                [0m[36m [0m│[32m [0m[32m1.848238    [0m[32m [0m│
└────────────────────────────────┴──────────────┘
tinker_cookbook.utils.misc_utils:20 [INFO] Starting get_batch
tinker_cookbook.utils.misc_utils:23 [INFO] get_batch took 0.10 seconds
tinker_cookbook.supervised.train:259 [INFO] [33mUser: What are the three types of rock formed in the rock cycle?
[0m[33m
[0m[33mAssistant:[0m[32m The three types of rocks formed in the rock cycle are:
[0m[32m1. Sedimentary Rocks:  These rocks are made from smaller pieces of existing rock or organic materials. There are three kinds: rocks formed from small pieces of other rocks, rocks made from 
[0m[32m compressed plants and shells, and rocks created when dissolved minerals in water evaporate.
[0m[32m2. Metamorphic Rocks: These rocks change due to high heat or pressure. There are two types: rocks with minerals lined up in layers and rocks without a layered appearance. Examples include gneiss, marble, and quartzite.
[0m[32m3. Igneous Rocks: These rocks are formed when hot material cools and hardens. There are two categories: rocks formed inside the Earth and rocks formed outside or on top of the Earth's surface. Examples include granite and diorite (formed inside the Earth) and basalt and obsidian (formed outside the Earth). Some extrusive rocks have holes from trapped gas bubbles, like pumice.
[0m[32m
[0m[32mUser:[0m
tinker_cookbook.utils.misc_utils:20 [INFO] Starting step
tinker_cookbook.utils.misc_utils:23 [INFO] step took 1.80 seconds
tinker_cookbook.utils.ml_log:145 [INFO] Wrote metrics to tinker_cookbook\training_logs\sl_basic_NoRobots_qwen3.5-9B-base\metrics.jsonl
tinker_cookbook.utils.ml_log:197 [INFO] 
[3m                     Step 29                     [0m
┏━━━━━━━━━━━━━━━━━━━━━━━━━━━━━━━━┳━━━━━━━━━━━━━━┓
┃[1;35m [0m[1;35mMetric                        [0m[1;35m [0m┃[1;35m [0m[1;35mValue       [0m[1;35m [0m┃
┡━━━━━━━━━━━━━━━━━━━━━━━━━━━━━━━━╇━━━━━━━━━━━━━━┩
│[36m [0m[36mepoch                         [0m[36m [0m│[32m [0m[32m0           [0m[32m [0m│
│[36m [0m[36mlearning_rate                 [0m[36m [0m│[32m [0m[32m0.000122    [0m[32m [0m│
│[36m [0m[36mnum_loss_tokens               [0m[36m [0m│[32m [0m[32m26754.000000[0m[32m [0m│
│[36m [0m[36mnum_sequences                 [0m[36m [0m│[32m [0m[32m128         [0m[32m [0m│
│[36m [0m[36mnum_tokens                    [0m[36m [0m│[32m [0m[32m38596       [0m[32m [0m│
│[36m [0m[36mprogress                      [0m[36m [0m│[32m [0m[32m0.405405    [0m[32m [0m│
│[36m [0m[36mtime/get_batch                [0m[36m [0m│[32m [0m[32m0.098978    [0m[32m [0m│
│[36m [0m[36mtime/step                     [0m[36m [0m│[32m [0m[32m1.799983    [0m[32m [0m│
│[36m [0m[36mtime/total                    [0m[36m [0m│[32m [0m[32m3.575179    [0m[32m [0m│
│[36m [0m[36mtrain_mean_nll                [0m[36m [0m│[32m [0m[32m1.641625    [0m[32m [0m│
└────────────────────────────────┴──────────────┘
tinker_cookbook.utils.misc_utils:20 [INFO] Starting get_batch
tinker_cookbook.utils.misc_utils:23 [INFO] get_batch took 0.10 seconds
tinker_cookbook.supervised.train:259 [INFO] [33mSystem: Luna is an influencer bot that helps people become influencers.
[0m[33m
[0m[33mUser: aight so i wanna be a travel influencer....what are my first steps :)
[0m[33m
[0m[33mAssistant:[0m[32m To start, you'll need to figure out where you want to travel. Do you want to travel the globe, tour the United States, or post about local attractions?
[0m[32m
[0m[33mUser: flyin around the world would be great but ive gotta start small so......maybe the us, drivin to a couple of nearby states
[0m[33m
[0m[33mAssistant:[0m[32m Awesome. You'll need a digital camera to take clear, vibrant pictures for your social media profiles. You don't have to spend thousands of dollars right away, but a good camera makes followers feel like they're traveling along with you, which is the key to becoming a successful influencer.
[0m[32m
[0m[33mUser: gotcha. so when can i start getting sponsorships and free stuff (like free cameras lol)
[0m[33m
[0m[33mAssistant:[0m[32m That depends on how quickly you build a following. Sponsors look for people with at least ten thousand followers, with some requiring over a hundred thousand followers or even a million.
[0m[32m
[0m[33mUser: a milli u say......ok how do i accomplish that
[0m[33m
[0m[33mAssistant:[0m[32m Just post content regularly, and be true to yourself. With so many traveler influencers on Instagram, people want something that's a little different but still entertaining. Highlight your vibrant personality and all the incredible places that you see on your journeys. Always use relevant hashtags to help people find your posts, and consider promoting a post once in a while.
[0m[32m
[0m[32mUser:[0m
tinker_cookbook.utils.misc_utils:20 [INFO] Starting step
tinker_cookbook.utils.misc_utils:23 [INFO] step took 1.46 seconds
tinker_cookbook.utils.ml_log:145 [INFO] Wrote metrics to tinker_cookbook\training_logs\sl_basic_NoRobots_qwen3.5-9B-base\metrics.jsonl
tinker_cookbook.utils.ml_log:197 [INFO] 
[3m                     Step 30                     [0m
┏━━━━━━━━━━━━━━━━━━━━━━━━━━━━━━━━┳━━━━━━━━━━━━━━┓
┃[1;35m [0m[1;35mMetric                        [0m[1;35m [0m┃[1;35m [0m[1;35mValue       [0m[1;35m [0m┃
┡━━━━━━━━━━━━━━━━━━━━━━━━━━━━━━━━╇━━━━━━━━━━━━━━┩
│[36m [0m[36mepoch                         [0m[36m [0m│[32m [0m[32m0           [0m[32m [0m│
│[36m [0m[36mlearning_rate                 [0m[36m [0m│[32m [0m[32m0.000119    [0m[32m [0m│
│[36m [0m[36mnum_loss_tokens               [0m[36m [0m│[32m [0m[32m26324.000000[0m[32m [0m│
│[36m [0m[36mnum_sequences                 [0m[36m [0m│[32m [0m[32m128         [0m[32m [0m│
│[36m [0m[36mnum_tokens                    [0m[36m [0m│[32m [0m[32m37774       [0m[32m [0m│
│[36m [0m[36mprogress                      [0m[36m [0m│[32m [0m[32m0.418919    [0m[32m [0m│
│[36m [0m[36mtime/get_batch                [0m[36m [0m│[32m [0m[32m0.103667    [0m[32m [0m│
│[36m [0m[36mtime/step                     [0m[36m [0m│[32m [0m[32m1.460656    [0m[32m [0m│
│[36m [0m[36mtime/total                    [0m[36m [0m│[32m [0m[32m3.481952    [0m[32m [0m│
│[36m [0m[36mtrain_mean_nll                [0m[36m [0m│[32m [0m[32m1.799562    [0m[32m [0m│
└────────────────────────────────┴──────────────┘
tinker_cookbook.utils.misc_utils:20 [INFO] Starting step
tinker_cookbook.utils.misc_utils:23 [INFO] step took 1.68 seconds
tinker_cookbook.utils.ml_log:145 [INFO] Wrote metrics to tinker_cookbook\training_logs\sl_basic_NoRobots_qwen3.5-9B-base\metrics.jsonl
tinker_cookbook.utils.ml_log:197 [INFO] 
[3m                     Step 31                     [0m
┏━━━━━━━━━━━━━━━━━━━━━━━━━━━━━━━━┳━━━━━━━━━━━━━━┓
┃[1;35m [0m[1;35mMetric                        [0m[1;35m [0m┃[1;35m [0m[1;35mValue       [0m[1;35m [0m┃
┡━━━━━━━━━━━━━━━━━━━━━━━━━━━━━━━━╇━━━━━━━━━━━━━━┩
│[36m [0m[36mepoch                         [0m[36m [0m│[32m [0m[32m0           [0m[32m [0m│
│[36m [0m[36mlearning_rate                 [0m[36m [0m│[32m [0m[32m0.000116    [0m[32m [0m│
│[36m [0m[36mnum_loss_tokens               [0m[36m [0m│[32m [0m[32m23294.000000[0m[32m [0m│
│[36m [0m[36mnum_sequences                 [0m[36m [0m│[32m [0m[32m128         [0m[32m [0m│
│[36m [0m[36mnum_tokens                    [0m[36m [0m│[32m [0m[32m34941       [0m[32m [0m│
│[36m [0m[36mprogress                      [0m[36m [0m│[32m [0m[32m0.432432    [0m[32m [0m│
│[36m [0m[36mtime/get_batch                [0m[36m [0m│[32m [0m[32m0.096966    [0m[32m [0m│
│[36m [0m[36mtime/step                     [0m[36m [0m│[32m [0m[32m1.677887    [0m[32m [0m│
│[36m [0m[36mtime/total                    [0m[36m [0m│[32m [0m[32m3.250517    [0m[32m [0m│
│[36m [0m[36mtrain_mean_nll                [0m[36m [0m│[32m [0m[32m1.803125    [0m[32m [0m│
└────────────────────────────────┴──────────────┘
tinker_cookbook.utils.misc_utils:20 [INFO] Starting get_batch
tinker_cookbook.utils.misc_utils:23 [INFO] get_batch took 0.10 seconds
tinker_cookbook.supervised.train:259 [INFO] [33mUser: I'm drawing a map of my fictional fantasy DnD game. What could I add to it?
[0m[33m
[0m[33mAssistant:[0m[32m No problem. Here are some ideas for illustrations and map features you may wish to add:
[0m[32m
[0m[32m1. A legend: A guide to what the various symbols on your map indicate, such as villages, dungeons, and caves would be useful to the reader of the map. 
[0m[32m2. A trace of your party's travels: As a record of your DnD campaign, it might be memorable and interesting to note the path your party took along the adventure.
[0m[32m3. Illustrations of monsters: Much like the maps of antiquity, you could include detailed illustrations of the various monsters and beasts of the world that your party encountered or slew along the way. These would occupy places in the margins or beyond the borders of the known world of your setting.
[0m[32m4. Major characters: Alternatively, you could provide illustrations of important characters your party may have encountered through their quest.
[0m[32m5. A compass rose: This would establish the relative direction of various places and events in your game to each other. 
[0m[32m6. A scale: It may be useful to know the approximate distance between locations on the map via a scale. You could place it on the corner of the map. 
[0m[32m
[0m[32m
[0m[32mUser:[0m
tinker_cookbook.utils.misc_utils:20 [INFO] Starting evals
tinker_cookbook.utils.misc_utils:23 [INFO] evals took 2.94 seconds
tinker_cookbook.utils.misc_utils:20 [INFO] Starting get_batch
tinker_cookbook.utils.misc_utils:23 [INFO] get_batch took 0.12 seconds
tinker_cookbook.supervised.train:259 [INFO] [33mUser: Given the list below, use Python to place all of the customer names in a new list called customers. Place all of the sale prices in a list called sales. Place all of the colors in a list called thread_sold. Then determine the total value of the sales and place it in a variable called total_sales and print it. Please do this programmatically.
[0m[33m
[0m[33mtransactions = [['Edith Mcbride', '$1.21', 'white', '09/15/17'], ['Herbert Tran', '$7.29', 'white&blue', '09/15/17'], ['Paul Clarke', '$12.52', 'white&blue', '09/15/17'], ['Lucille Caldwell', '$5.13', 'white', '09/15/17'], ['Eduardo George', '$20.39', 'white&yellow', '09/15/17'], ['Danny Mclaughlin', '$30.82', 'purple', '09/15/17'], ['Stacy Vargas', '$1.85', 'purple&yellow', '09/15/17'], ['Shaun Brock', '$17.98', 'purple&yellow', '09/15/17'], ['Erick Harper', '$17.41', 'blue', '09/15/17'], ['Michelle Howell', '$28.59', 'blue', '09/15/17'], ['Carroll Boyd', '$14.51', 'purple&blue', '09/15/17'], ['Teresa Carter', '$19.64', 'white', '09/15/17'], ['Jacob Kennedy', '$11.40', 'white&red', '09/15/17'], ['Craig Chambers', '$8.79', 'white&blue&red', '09/15/17'], ['Peggy Bell', '$8.65', 'blue', '09/15/17'], ['Kenneth Cunningham', '$10.53', 'green&blue', '09/15/17'], ['Marvin Morgan', '$16.49', 'green&blue&red', '09/15/17'], ['Marjorie Russell', '$6.55', 'green&blue&red', '09/15/17'], ['Israel Cummings', '$11.86', 'black', '09/15/17'], ['June Doyle', '$22.29', 'black&yellow', '09/15/17'], ['Jaime Buchanan', '$8.35', 'white&black&yellow', '09/15/17'], ['Rhonda Farmer', '$2.91', 'white&black&yellow', '09/15/17'], ['Darren Mckenzie', '$22.94', 'green', '09/15/17'], ['Rufus Malone', '$4.70', 'green&yellow', '09/15/17'], ['Hubert Miles', '$3.59', 'green&yellow&blue', '09/15/17'], ['Joseph Bridges', '$5.66', 'green&yellow&purple&blue', '09/15/17'], ['Sergio Murphy', '$17.51', 'black', '09/15/17'], ['Audrey Ferguson', '$5.54', 'black&blue', '09/15/17'], ['Edna Williams', '$17.13', 'black&blue', '09/15/17'], ['Randy Fleming', '$21.13', 'black', '09/15/17'], ['Elisa Hart', '$0.35', 'black&purple', '09/15/17'], ['Ernesto Hunt', '$13.91', 'black&purple', '09/15/17'], ['Shannon Chavez', '$19.26', 'yellow', '09/15/17'], ['Sammy Cain', '$5.45', 'yellow&red', '09/15/17'], ['Steven Reeves', '$5.50', 'yellow', '09/15/17'], ['Ruben Jones', '$14.56', 'yellow&blue', '09/15/17'], ['Essie Hansen', '$7.33', 'yellow&blue&red', '09/15/17'], ['Rene Hardy', '$20.22', 'black', '09/15/17'], ['Lucy Snyder', '$8.67', 'black&red', '09/15/17'], ['Dallas Obrien', '$8.31', 'black&red', '09/15/17'], ['Stacey Payne', '$15.70', 'white&black&red', '09/15/17'], ['Tanya Cox', '$6.74', 'yellow', '09/15/17'], ['Melody Moran', '$30.84', 'yellow&black', '09/15/17'], ['Louise Becker', '$12.31', 'green&yellow&black', '09/15/17'], ['Ryan Webster', '$2.94', 'yellow', '09/15/17'], ['Justin Blake', '$22.46', 'white&yellow', '09/15/17'], ['Beverly Baldwin', '$6.60', 'white&yellow&black', '09/15/17'], ['Dale Brady', '$6.27', 'yellow', '09/15/17'], ['Guadalupe Potter', '$21.12', 'yellow', '09/15/17'], ['Desiree Butler', '$2.10', 'white', '09/15/17'], ['Sonja Barnett', '$14.22', 'white&black', '09/15/17'], ['Angelica Garza', '$11.60', 'white&black', '09/15/17'], ['Jamie Welch', '$25.27', 'white&black&red', '09/15/17'], ['Rex Hudson', '$8.26', 'purple', '09/15/17'], ['Nadine Gibbs', '$30.80', 'purple&yellow', '09/15/17'], ['Hannah Pratt', '$22.61', 'purple&yellow', '09/15/17'], ['Gayle Richards', '$22.19', 'green&purple&yellow', '09/15/17'], ['Stanley Holland', '$7.47', 'red', '09/15/17'], ['Anna Dean', '$5.49', 'yellow&red', '09/15/17'], ['Terrance Saunders', '$23.70', 'green&yellow&red', '09/15/17'], ['Brandi Zimmerman', '$26.66', 'red', '09/15/17'], ['Guadalupe Freeman', '$25.95', 'green&red', '09/15/17'], ['Irving Patterson', '$19.55', 'green&white&red', '09/15/17'], ['Karl Ross', '$15.68', 'white', '09/15/17'], ['Brandy Cortez', '$23.57', 'white&red', '09/15/17'], ['Mamie Riley', '$29.32', 'purple', '09/15/17'], ['Mike Thornton', '$26.44', 'purple', '09/15/17'], ['Jamie Vaughn', '$17.24', 'green', '09/15/17'], ['Noah Day', '$8.49', 'green', '09/15/17'], ['Josephine Keller', '$13.10', 'green', '09/15/17'], ['Tracey Wolfe', '$20.39', 'red', '09/15/17'], ['Ignacio Parks', '$14.70', 'white&red', '09/15/17'], ['Beatrice Newman', '$22.45', 'white&purple&red', '09/15/17'], ['Andre Norris', '$28.46', 'red', '09/15/17'], ['Albert Lewis', '$23.89', 'black&red', '09/15/17'], ['Javier Bailey', '$24.49', 'black&red', '09/15/17'], ['Everett Lyons', '$1.81', 'black&red', '09/15/17'], ['Abraham Maxwell', '$6.81', 'green', '09/15/17'], ['Traci Craig', '$0.65', 'green&yellow', '09/15/17'], ['Jeffrey Jenkins', '$26.45', 'green&yellow&blue', '09/15/17'], ['Merle Wilson', '$7.69', 'purple', '09/15/17'], ['Janis Franklin', '$8.74', 'purple&black', '09/15/17'], ['Leonard Guerrero', '$1.86', 'yellow', '09/15/17'], ['Lana Sanchez', '$14.75', 'yellow', '09/15/17'], ['Donna Ball', '$28.10', 'yellow&blue', '09/15/17'], ['Terrell Barber', '$9.91', 'green', '09/15/17'], ['Jody Flores', '$16.34', 'green', '09/15/17'], ['Daryl Herrera', '$27.57', 'white', '09/15/17'], ['Miguel Mcguire', '$5.25', 'white&blue', '09/15/17'], ['Rogelio Gonzalez', '$9.51', 'white&black&blue', '09/15/17'], ['Lora Hammond', '$20.56', 'green', '09/15/17'], ['Owen Ward', '$21.64', 'green&yellow', '09/15/17'], ['Malcolm Morales', '$24.99', 'green&yellow&black', '09/15/17'], ['Eric Mcdaniel', '$29.70', 'green', '09/15/17'], ['Madeline Estrada', '$15.52', 'green', '09/15/17'], ['Leticia Manning', '$15.70', 'green&purple', '09/15/17'], ['Mario Wallace', '$12.36', 'green', '09/15/17'], ['Lewis Glover', '$13.66', 'green&white', '09/15/17'], ['Gail Phelps', '$30.52', 'green&white&blue', '09/15/17'], ['Myrtle Morris', '$22.66', 'green&white&blue', '09/15/17']]
[0m[33m
[0m[33mAssistant:[0m[32m Here you go. 
[0m[32m
[0m[32m```Python
[0m[32mcustomers = []
[0m[32msales = []
[0m[32mthread_sold = []
[0m[32m
[0m[32mfor sale in transactions:
[0m[32m  customers.append(sale[0])
[0m[32m  sales.append(sale[1])
[0m[32m  thread_sold.append(sale[2])
[0m[32m
[0m[32m# Determine the total value of the sales
[0m[32mtotal_sales = 0
[0m[32mfor sale in sales:
[0m[32m  total_sales += float(sale.replace("$", ""))
[0m[32mprint(total_sales)
[0m[32m```
[0m[32m
[0m[32mThis code creates a for loop that appends the values to the new lists `customers`, `sales`, and `thread_sold`. 
[0m[32m
[0m[32mIt then determines the total value of the sales by using a for loop to loop through the sales list and remove the dollar sign from the strings. That string is then wrapped in the built-in float function to convert the string into a float so that the sales can be added together. The total_sales should print out 1498.7400000000005.
[0m[32m
[0m[32mUser:[0m
tinker_cookbook.utils.misc_utils:20 [INFO] Starting save_checkpoint
tinker_cookbook.checkpoint_utils:81 [INFO] Saved checkpoints: {'state_path': 'tinker://7beee836-4c9c-595f-88dc-389ebac96afc:train:0/weights/000032', 'sampler_path': 'tinker://7beee836-4c9c-595f-88dc-389ebac96afc:train:0/sampler_weights/000032'}
tinker_cookbook.utils.misc_utils:23 [INFO] save_checkpoint took 7.99 seconds
tinker_cookbook.utils.misc_utils:20 [INFO] Starting step
tinker_cookbook.utils.misc_utils:23 [INFO] step took 0.00 seconds
tinker_cookbook.utils.ml_log:145 [INFO] Wrote metrics to tinker_cookbook\training_logs\sl_basic_NoRobots_qwen3.5-9B-base\metrics.jsonl
tinker_cookbook.utils.ml_log:197 [INFO] 
[3m                     Step 32                     [0m
┏━━━━━━━━━━━━━━━━━━━━━━━━━━━━━━━━┳━━━━━━━━━━━━━━┓
┃[1;35m [0m[1;35mMetric                        [0m[1;35m [0m┃[1;35m [0m[1;35mValue       [0m[1;35m [0m┃
┡━━━━━━━━━━━━━━━━━━━━━━━━━━━━━━━━╇━━━━━━━━━━━━━━┩
│[36m [0m[36mepoch                         [0m[36m [0m│[32m [0m[32m0           [0m[32m [0m│
│[36m [0m[36mlearning_rate                 [0m[36m [0m│[32m [0m[32m0.000114    [0m[32m [0m│
│[36m [0m[36mnum_loss_tokens               [0m[36m [0m│[32m [0m[32m23424.000000[0m[32m [0m│
│[36m [0m[36mnum_sequences                 [0m[36m [0m│[32m [0m[32m128         [0m[32m [0m│
│[36m [0m[36mnum_tokens                    [0m[36m [0m│[32m [0m[32m34947       [0m[32m [0m│
│[36m [0m[36mprogress                      [0m[36m [0m│[32m [0m[32m0.445946    [0m[32m [0m│
│[36m [0m[36mtest/nll                      [0m[36m [0m│[32m [0m[32m1.762357    [0m[32m [0m│
│[36m [0m[36mtime/evals                    [0m[36m [0m│[32m [0m[32m2.940700    [0m[32m [0m│
│[36m [0m[36mtime/get_batch                [0m[36m [0m│[32m [0m[32m0.101495    [0m[32m [0m│
│[36m [0m[36mtime/save_checkpoint          [0m[36m [0m│[32m [0m[32m7.993597    [0m[32m [0m│
│[36m [0m[36mtime/step                     [0m[36m [0m│[32m [0m[32m0.000000    [0m[32m [0m│
│[36m [0m[36mtime/total                    [0m[36m [0m│[32m [0m[32m11.164377   [0m[32m [0m│
│[36m [0m[36mtrain_mean_nll                [0m[36m [0m│[32m [0m[32m1.740474    [0m[32m [0m│
└────────────────────────────────┴──────────────┘
tinker_cookbook.utils.misc_utils:20 [INFO] Starting get_batch
tinker_cookbook.utils.misc_utils:23 [INFO] get_batch took 0.10 seconds
tinker_cookbook.supervised.train:259 [INFO] [33mUser: Who was Peter Freuchen?
[0m[33m
[0m[33mAssistant:[0m[32m Peter Freuchen was an Arctic explorer who was on an expedition in 1926 when an avalanche started. Freuchen became trapped underneath the rubble but managed to stay alive by fashioning a shiv out of his own excrement and amputating his foot.
[0m[32m
[0m[32mUser:[0m
tinker_cookbook.utils.misc_utils:20 [INFO] Starting step
tinker_cookbook.utils.misc_utils:23 [INFO] step took 0.00 seconds
tinker_cookbook.utils.ml_log:145 [INFO] Wrote metrics to tinker_cookbook\training_logs\sl_basic_NoRobots_qwen3.5-9B-base\metrics.jsonl
tinker_cookbook.utils.ml_log:197 [INFO] 
[3m                     Step 33                     [0m
┏━━━━━━━━━━━━━━━━━━━━━━━━━━━━━━━━┳━━━━━━━━━━━━━━┓
┃[1;35m [0m[1;35mMetric                        [0m[1;35m [0m┃[1;35m [0m[1;35mValue       [0m[1;35m [0m┃
┡━━━━━━━━━━━━━━━━━━━━━━━━━━━━━━━━╇━━━━━━━━━━━━━━┩
│[36m [0m[36mepoch                         [0m[36m [0m│[32m [0m[32m0           [0m[32m [0m│
│[36m [0m[36mlearning_rate                 [0m[36m [0m│[32m [0m[32m0.000111    [0m[32m [0m│
│[36m [0m[36mnum_loss_tokens               [0m[36m [0m│[32m [0m[32m23551.000000[0m[32m [0m│
│[36m [0m[36mnum_sequences                 [0m[36m [0m│[32m [0m[32m128         [0m[32m [0m│
│[36m [0m[36mnum_tokens                    [0m[36m [0m│[32m [0m[32m39478       [0m[32m [0m│
│[36m [0m[36mprogress                      [0m[36m [0m│[32m [0m[32m0.459459    [0m[32m [0m│
│[36m [0m[36mtime/get_batch                [0m[36m [0m│[32m [0m[32m0.117311    [0m[32m [0m│
│[36m [0m[36mtime/step                     [0m[36m [0m│[32m [0m[32m0.000000    [0m[32m [0m│
│[36m [0m[36mtime/total                    [0m[36m [0m│[32m [0m[32m8.237419    [0m[32m [0m│
│[36m [0m[36mtrain_mean_nll                [0m[36m [0m│[32m [0m[32m1.849038    [0m[32m [0m│
└────────────────────────────────┴──────────────┘
tinker_cookbook.utils.misc_utils:20 [INFO] Starting get_batch
tinker_cookbook.utils.misc_utils:23 [INFO] get_batch took 0.11 seconds
tinker_cookbook.supervised.train:259 [INFO] [33mUser: Please write me a paragraph for an article about Lebron James. Make sure the paragraph touches on his value as a prospect, his NBA career, and his personal life. Write at least 150 words. This should serve as an introductory paragraph to set up the rest of the article.
[0m[33m
[0m[33mAssistant:[0m[32m The most highly touted American athlete since Michael Jordan, Lebron James had higher expectations than any athlete in history, and the amazing part is that he has by all accounts exceeded those expectations. Now 35, Lebron James has dominated the league for 17 years. In 2002, as a high school student, Lebron was featured on the cover of Sports Illustrated with the title "The Chosen One". It's hard to believe that any teenager could live up to a title such as that, but Lebron James has. Since the Sports Illustrated cover, all that James has done is win 4 NBA titles, 4 NBA MVP awards, and two Olympic gold medals. He has received MVP votes in every single season of his career. Along with a stellar on-the-court career, James has been equally as impressive off the court. James is married with three kids, two of which are getting close to being college prospects themselves. James also opened a school for at-risk teens in Ohio along with numerous other charitable projects. In this article, we will take a look at the life and career of Lebron James, and look ahead to where he will rank among the game's all-time greats.
[0m[32m
[0m[32mUser:[0m
tinker_cookbook.utils.misc_utils:20 [INFO] Starting step
tinker_cookbook.utils.misc_utils:23 [INFO] step took 2.63 seconds
tinker_cookbook.utils.ml_log:145 [INFO] Wrote metrics to tinker_cookbook\training_logs\sl_basic_NoRobots_qwen3.5-9B-base\metrics.jsonl
tinker_cookbook.utils.ml_log:197 [INFO] 
[3m                     Step 34                     [0m
┏━━━━━━━━━━━━━━━━━━━━━━━━━━━━━━━━┳━━━━━━━━━━━━━━┓
┃[1;35m [0m[1;35mMetric                        [0m[1;35m [0m┃[1;35m [0m[1;35mValue       [0m[1;35m [0m┃
┡━━━━━━━━━━━━━━━━━━━━━━━━━━━━━━━━╇━━━━━━━━━━━━━━┩
│[36m [0m[36mepoch                         [0m[36m [0m│[32m [0m[32m0           [0m[32m [0m│
│[36m [0m[36mlearning_rate                 [0m[36m [0m│[32m [0m[32m0.000108    [0m[32m [0m│
│[36m [0m[36mnum_loss_tokens               [0m[36m [0m│[32m [0m[32m22852.000000[0m[32m [0m│
│[36m [0m[36mnum_sequences                 [0m[36m [0m│[32m [0m[32m128         [0m[32m [0m│
│[36m [0m[36mnum_tokens                    [0m[36m [0m│[32m [0m[32m34282       [0m[32m [0m│
│[36m [0m[36mprogress                      [0m[36m [0m│[32m [0m[32m0.472973    [0m[32m [0m│
│[36m [0m[36mtime/get_batch                [0m[36m [0m│[32m [0m[32m0.102533    [0m[32m [0m│
│[36m [0m[36mtime/step                     [0m[36m [0m│[32m [0m[32m2.625128    [0m[32m [0m│
│[36m [0m[36mtime/total                    [0m[36m [0m│[32m [0m[32m2.862780    [0m[32m [0m│
│[36m [0m[36mtrain_mean_nll                [0m[36m [0m│[32m [0m[32m1.788847    [0m[32m [0m│
└────────────────────────────────┴──────────────┘
tinker_cookbook.utils.misc_utils:20 [INFO] Starting get_batch
tinker_cookbook.utils.misc_utils:23 [INFO] get_batch took 0.11 seconds
tinker_cookbook.supervised.train:259 [INFO] [33mUser: Write 5 tweets for a healthy cat food brand called "Purma" in the shape of a paw. Every tweet should include some sort of cat-related pun and #purma
[0m[33m
[0m[33mAssistant:[0m[32m 
[0m[32m
[0m[32m1. The greatest cat-astrophe is running out of healthy, delicious food. Whether you need a week's long supply or you buy in bulk, #Purma is here to make sure your furry friends are never without!
[0m[32m2. A human gets a perm, a cat gets a #Purma. Don't let your cat go without and watch them strut their stuff.
[0m[32m3. The only Purma-nent relationship I have is with my cat, but even now I wonder if my cat is only in it for the delicious, healthy food I buy him. #Purma
[0m[32m4. Her food? Healthy. Its shape? A paw. The brand? #Purma.
[0m[32m5. Every purr begins with #Purma.
[0m[32m
[0m[32mUser:[0m
tinker_cookbook.utils.misc_utils:20 [INFO] Starting step
tinker_cookbook.utils.misc_utils:23 [INFO] step took 2.12 seconds
tinker_cookbook.utils.ml_log:145 [INFO] Wrote metrics to tinker_cookbook\training_logs\sl_basic_NoRobots_qwen3.5-9B-base\metrics.jsonl
tinker_cookbook.utils.ml_log:197 [INFO] 
[3m                     Step 35                     [0m
┏━━━━━━━━━━━━━━━━━━━━━━━━━━━━━━━━┳━━━━━━━━━━━━━━┓
┃[1;35m [0m[1;35mMetric                        [0m[1;35m [0m┃[1;35m [0m[1;35mValue       [0m[1;35m [0m┃
┡━━━━━━━━━━━━━━━━━━━━━━━━━━━━━━━━╇━━━━━━━━━━━━━━┩
│[36m [0m[36mepoch                         [0m[36m [0m│[32m [0m[32m0           [0m[32m [0m│
│[36m [0m[36mlearning_rate                 [0m[36m [0m│[32m [0m[32m0.000105    [0m[32m [0m│
│[36m [0m[36mnum_loss_tokens               [0m[36m [0m│[32m [0m[32m25349.000000[0m[32m [0m│
│[36m [0m[36mnum_sequences                 [0m[36m [0m│[32m [0m[32m128         [0m[32m [0m│
│[36m [0m[36mnum_tokens                    [0m[36m [0m│[32m [0m[32m36832       [0m[32m [0m│
│[36m [0m[36mprogress                      [0m[36m [0m│[32m [0m[32m0.486486    [0m[32m [0m│
│[36m [0m[36mtime/get_batch                [0m[36m [0m│[32m [0m[32m0.112964    [0m[32m [0m│
│[36m [0m[36mtime/step                     [0m[36m [0m│[32m [0m[32m2.123929    [0m[32m [0m│
│[36m [0m[36mtime/total                    [0m[36m [0m│[32m [0m[32m4.985103    [0m[32m [0m│
│[36m [0m[36mtrain_mean_nll                [0m[36m [0m│[32m [0m[32m1.757139    [0m[32m [0m│
└────────────────────────────────┴──────────────┘
tinker_cookbook.utils.misc_utils:20 [INFO] Starting get_batch
tinker_cookbook.utils.misc_utils:23 [INFO] get_batch took 0.11 seconds
tinker_cookbook.supervised.train:259 [INFO] [33mUser: Based on the about blurb, is the described podcast funny? Why or why not?
[0m[33m
[0m[33mAbout blurb: My Favorite Murder is the original hit true crime comedy podcast hosted by Karen Kilgariff and Georgia Hardstark. Since its inception in January 2016, the show has broken global download records and sparked an enthusiastic and dedicated community of listeners, aka Murderinos.
[0m[33m
[0m[33mAssistant:[0m[32m The described podcast is funny because the blurb says that it is a comedy podcast. Even though it also says that it is a true crime podcast, which is a non-humorous topic, there is at least some humor involved.
[0m[32m
[0m[32mUser:[0m
tinker_cookbook.utils.misc_utils:20 [INFO] Starting step
tinker_cookbook.utils.misc_utils:23 [INFO] step took 2.10 seconds
tinker_cookbook.utils.ml_log:145 [INFO] Wrote metrics to tinker_cookbook\training_logs\sl_basic_NoRobots_qwen3.5-9B-base\metrics.jsonl
tinker_cookbook.utils.ml_log:197 [INFO] 
[3m                     Step 36                     [0m
┏━━━━━━━━━━━━━━━━━━━━━━━━━━━━━━━━┳━━━━━━━━━━━━━━┓
┃[1;35m [0m[1;35mMetric                        [0m[1;35m [0m┃[1;35m [0m[1;35mValue       [0m[1;35m [0m┃
┡━━━━━━━━━━━━━━━━━━━━━━━━━━━━━━━━╇━━━━━━━━━━━━━━┩
│[36m [0m[36mepoch                         [0m[36m [0m│[32m [0m[32m0           [0m[32m [0m│
│[36m [0m[36mlearning_rate                 [0m[36m [0m│[32m [0m[32m0.000103    [0m[32m [0m│
│[36m [0m[36mnum_loss_tokens               [0m[36m [0m│[32m [0m[32m21967.000000[0m[32m [0m│
│[36m [0m[36mnum_sequences                 [0m[36m [0m│[32m [0m[32m128         [0m[32m [0m│
│[36m [0m[36mnum_tokens                    [0m[36m [0m│[32m [0m[32m33565       [0m[32m [0m│
│[36m [0m[36mprogress                      [0m[36m [0m│[32m [0m[32m0.500000    [0m[32m [0m│
│[36m [0m[36mtime/get_batch                [0m[36m [0m│[32m [0m[32m0.106928    [0m[32m [0m│
│[36m [0m[36mtime/step                     [0m[36m [0m│[32m [0m[32m2.095781    [0m[32m [0m│
│[36m [0m[36mtime/total                    [0m[36m [0m│[32m [0m[32m4.446985    [0m[32m [0m│
│[36m [0m[36mtrain_mean_nll                [0m[36m [0m│[32m [0m[32m1.639310    [0m[32m [0m│
└────────────────────────────────┴──────────────┘
tinker_cookbook.utils.misc_utils:20 [INFO] Starting get_batch
tinker_cookbook.utils.misc_utils:23 [INFO] get_batch took 0.11 seconds
tinker_cookbook.supervised.train:259 [INFO] [33mUser: Write me a haiku explaining how multiverse theory tends to work in science fiction.
[0m[33m
[0m[33mAssistant:[0m[32m Multi universe:
[0m[32mInfinite versions of you
[0m[32mLive in different worlds
[0m[32m
[0m[32mUser:[0m
tinker_cookbook.utils.misc_utils:20 [INFO] Starting step
tinker_cookbook.utils.misc_utils:23 [INFO] step took 1.55 seconds
tinker_cookbook.utils.ml_log:145 [INFO] Wrote metrics to tinker_cookbook\training_logs\sl_basic_NoRobots_qwen3.5-9B-base\metrics.jsonl
tinker_cookbook.utils.ml_log:197 [INFO] 
[3m                     Step 37                     [0m
┏━━━━━━━━━━━━━━━━━━━━━━━━━━━━━━━━┳━━━━━━━━━━━━━━┓
┃[1;35m [0m[1;35mMetric                        [0m[1;35m [0m┃[1;35m [0m[1;35mValue       [0m[1;35m [0m┃
┡━━━━━━━━━━━━━━━━━━━━━━━━━━━━━━━━╇━━━━━━━━━━━━━━┩
│[36m [0m[36mepoch                         [0m[36m [0m│[32m [0m[32m0           [0m[32m [0m│
│[36m [0m[36mlearning_rate                 [0m[36m [0m│[32m [0m[32m0.000100    [0m[32m [0m│
│[36m [0m[36mnum_loss_tokens               [0m[36m [0m│[32m [0m[32m23594.000000[0m[32m [0m│
│[36m [0m[36mnum_sequences                 [0m[36m [0m│[32m [0m[32m128         [0m[32m [0m│
│[36m [0m[36mnum_tokens                    [0m[36m [0m│[32m [0m[32m34368       [0m[32m [0m│
│[36m [0m[36mprogress                      [0m[36m [0m│[32m [0m[32m0.513514    [0m[32m [0m│
│[36m [0m[36mtime/get_batch                [0m[36m [0m│[32m [0m[32m0.107915    [0m[32m [0m│
│[36m [0m[36mtime/step                     [0m[36m [0m│[32m [0m[32m1.552388    [0m[32m [0m│
│[36m [0m[36mtime/total                    [0m[36m [0m│[32m [0m[32m3.886886    [0m[32m [0m│
│[36m [0m[36mtrain_mean_nll                [0m[36m [0m│[32m [0m[32m1.865589    [0m[32m [0m│
└────────────────────────────────┴──────────────┘
tinker_cookbook.utils.misc_utils:20 [INFO] Starting get_batch
tinker_cookbook.utils.misc_utils:23 [INFO] get_batch took 0.10 seconds
tinker_cookbook.supervised.train:259 [INFO] [33mUser: Create a brainless multiple-choice quiz that has absolutely no connection to the results in the style of "Choose four places to visit and we'll tell you what dessert you should order tonight." There should be 5 questions with 4 responses to each question. Create 4 randomized results. Give the quiz a dumb title, too, and write it in all caps.
[0m[33m
[0m[33mAssistant:[0m[32m CHOOSE 5 DESSERTS AND WE'LL TELL YOU WHICH GENSHIN IMPACT CHARACTER WILL BE YOUR BEST FRIEND.
[0m[32m
[0m[32m#1: Dango, Spongecake, Ice Cream Sundae, or Tiramisu
[0m[32m#2: Sweet Almond Tofu, Fortune Cookies, Taro Popsicle, or Coconut Macaron
[0m[32m#3: Red Velvet Cake, Apple Pie, Treacle Tart, or Fruit Sorbet
[0m[32m#4: Baklava, Berry Mizu Manjuu, Knafeh, or Chocolate-Covered Raisins
[0m[32m#5: Rice Pudding, Rose Custard, Fruit Salad, or Frosted Cupcake
[0m[32m
[0m[32mRandomized Results: Raiden Ei, Xiao, Kamisato Ayato, or Yelan
[0m[32m
[0m[32mUser:[0m
tinker_cookbook.utils.misc_utils:20 [INFO] Starting step
tinker_cookbook.utils.misc_utils:23 [INFO] step took 1.69 seconds
tinker_cookbook.utils.ml_log:145 [INFO] Wrote metrics to tinker_cookbook\training_logs\sl_basic_NoRobots_qwen3.5-9B-base\metrics.jsonl
tinker_cookbook.utils.ml_log:197 [INFO] 
[3m                     Step 38                     [0m
┏━━━━━━━━━━━━━━━━━━━━━━━━━━━━━━━━┳━━━━━━━━━━━━━━┓
┃[1;35m [0m[1;35mMetric                        [0m[1;35m [0m┃[1;35m [0m[1;35mValue       [0m[1;35m [0m┃
┡━━━━━━━━━━━━━━━━━━━━━━━━━━━━━━━━╇━━━━━━━━━━━━━━┩
│[36m [0m[36mepoch                         [0m[36m [0m│[32m [0m[32m0           [0m[32m [0m│
│[36m [0m[36mlearning_rate                 [0m[36m [0m│[32m [0m[32m0.000097    [0m[32m [0m│
│[36m [0m[36mnum_loss_tokens               [0m[36m [0m│[32m [0m[32m22640.000000[0m[32m [0m│
│[36m [0m[36mnum_sequences                 [0m[36m [0m│[32m [0m[32m128         [0m[32m [0m│
│[36m [0m[36mnum_tokens                    [0m[36m [0m│[32m [0m[32m36441       [0m[32m [0m│
│[36m [0m[36mprogress                      [0m[36m [0m│[32m [0m[32m0.527027    [0m[32m [0m│
│[36m [0m[36mtime/get_batch                [0m[36m [0m│[32m [0m[32m0.118428    [0m[32m [0m│
│[36m [0m[36mtime/step                     [0m[36m [0m│[32m [0m[32m1.690129    [0m[32m [0m│
│[36m [0m[36mtime/total                    [0m[36m [0m│[32m [0m[32m3.485556    [0m[32m [0m│
│[36m [0m[36mtrain_mean_nll                [0m[36m [0m│[32m [0m[32m1.774871    [0m[32m [0m│
└────────────────────────────────┴──────────────┘
tinker_cookbook.utils.misc_utils:20 [INFO] Starting step
tinker_cookbook.utils.misc_utils:23 [INFO] step took 1.68 seconds
tinker_cookbook.utils.ml_log:145 [INFO] Wrote metrics to tinker_cookbook\training_logs\sl_basic_NoRobots_qwen3.5-9B-base\metrics.jsonl
tinker_cookbook.utils.ml_log:197 [INFO] 
[3m                     Step 39                     [0m
┏━━━━━━━━━━━━━━━━━━━━━━━━━━━━━━━━┳━━━━━━━━━━━━━━┓
┃[1;35m [0m[1;35mMetric                        [0m[1;35m [0m┃[1;35m [0m[1;35mValue       [0m[1;35m [0m┃
┡━━━━━━━━━━━━━━━━━━━━━━━━━━━━━━━━╇━━━━━━━━━━━━━━┩
│[36m [0m[36mepoch                         [0m[36m [0m│[32m [0m[32m0           [0m[32m [0m│
│[36m [0m[36mlearning_rate                 [0m[36m [0m│[32m [0m[32m0.000095    [0m[32m [0m│
│[36m [0m[36mnum_loss_tokens               [0m[36m [0m│[32m [0m[32m24569.000000[0m[32m [0m│
│[36m [0m[36mnum_sequences                 [0m[36m [0m│[32m [0m[32m128         [0m[32m [0m│
│[36m [0m[36mnum_tokens                    [0m[36m [0m│[32m [0m[32m34931       [0m[32m [0m│
│[36m [0m[36mprogress                      [0m[36m [0m│[32m [0m[32m0.540541    [0m[32m [0m│
│[36m [0m[36mtime/get_batch                [0m[36m [0m│[32m [0m[32m0.101075    [0m[32m [0m│
│[36m [0m[36mtime/step                     [0m[36m [0m│[32m [0m[32m1.678794    [0m[32m [0m│
│[36m [0m[36mtime/total                    [0m[36m [0m│[32m [0m[32m3.483204    [0m[32m [0m│
│[36m [0m[36mtrain_mean_nll                [0m[36m [0m│[32m [0m[32m1.749837    [0m[32m [0m│
└────────────────────────────────┴──────────────┘
tinker_cookbook.utils.misc_utils:20 [INFO] Starting get_batch
tinker_cookbook.utils.misc_utils:23 [INFO] get_batch took 0.12 seconds
tinker_cookbook.supervised.train:259 [INFO] [33mUser: Hi Skynet, I want to try making salsa for my friend’s potluck, but I know at least one or two people can’t take spicy food. Can you give me a recipe that non-spicy eaters can enjoy? I intend to cut the batch in half and add spicy ingredients to one half, so please give me that part of the instructions too. Thanks!
[0m[33m
[0m[33mAssistant:[0m[32m -	10 vine-ripened or Roma tomatoes, chopped
[0m[32m-	1 large white onion, chopped
[0m[32m-	3-4 cloves garlic, minced 
[0m[32m-	1-2 bunches cilantro, diced
[0m[32m-	Lime juice
[0m[32m-	Salt and pepper
[0m[32m-	1 mango, diced (optional)
[0m[32m-	1 tomatillo, diced (optional)
[0m[32m
[0m[32mTo the spicy portion, you can add:
[0m[32m
[0m[32m-	1 small can of hatch green chilis, chopped
[0m[32m-	2-3 serrano or jalapeno peppers, diced
[0m[32m-	Chili powder and cumin (optional)
[0m[32m
[0m[32mCut up all the non-spicy ingredients as necessary. If you prefer, you can use a food processor to speed up the chopping process. Taste-test it to determine how much salt, pepper, and lime juice is necessary. Once you’re satisfied, divide your salsa into two containers and set one aside. It's best to store the non-spicy portion away before you cut up your spicy ingredients just to make sure you don't accidentally add them where they don't belong.
[0m[32m
[0m[32mThe remaining half will be your spicy salsa. Chop your chilis and spicy peppers and add them as necessary. Note that serrano or jalapeno peppers do not always have consistent levels of spice, so you may want to start with one pepper and test how hot it tastes. Add as much as you feel is necessary. 
[0m[32m
[0m[32mKeep the two batches separate and make sure you (and your friends) know which is which. 
[0m[32m
[0m[32mUser:[0m
tinker_cookbook.utils.misc_utils:20 [INFO] Starting evals
tinker_cookbook.utils.misc_utils:23 [INFO] evals took 3.13 seconds
tinker_cookbook.utils.misc_utils:20 [INFO] Starting get_batch
tinker_cookbook.utils.misc_utils:23 [INFO] get_batch took 0.13 seconds
tinker_cookbook.supervised.train:259 [INFO] [33mUser: Write a tweet about watching the Golden State Warriors play the Los Angeles Lakers and it is entertaining and nail-biting. End it with these hashtags: #GSWarriors #Playoffs #LALakers #basketball #NBA
[0m[33m
[0m[33mAssistant:[0m[32m Everyone has been waiting to see this and it has not disappointed! Watching the Golden State Warriors play against the Los Angeles Lakers has me sitting on the edge of my seat! 
[0m[32m#GSWarriors #Playoffs #LALakers #basketball #NBA
[0m[32m
[0m[32mUser:[0m
tinker_cookbook.utils.misc_utils:20 [INFO] Starting save_checkpoint
tinker_cookbook.checkpoint_utils:81 [INFO] Saved checkpoints: {'state_path': 'tinker://7beee836-4c9c-595f-88dc-389ebac96afc:train:0/weights/000040', 'sampler_path': 'tinker://7beee836-4c9c-595f-88dc-389ebac96afc:train:0/sampler_weights/000040'}
tinker_cookbook.utils.misc_utils:23 [INFO] save_checkpoint took 7.91 seconds
tinker_cookbook.utils.misc_utils:20 [INFO] Starting step
tinker_cookbook.utils.misc_utils:23 [INFO] step took 0.00 seconds
tinker_cookbook.utils.ml_log:145 [INFO] Wrote metrics to tinker_cookbook\training_logs\sl_basic_NoRobots_qwen3.5-9B-base\metrics.jsonl
tinker_cookbook.utils.ml_log:197 [INFO] 
[3m                     Step 40                     [0m
┏━━━━━━━━━━━━━━━━━━━━━━━━━━━━━━━━┳━━━━━━━━━━━━━━┓
┃[1;35m [0m[1;35mMetric                        [0m[1;35m [0m┃[1;35m [0m[1;35mValue       [0m[1;35m [0m┃
┡━━━━━━━━━━━━━━━━━━━━━━━━━━━━━━━━╇━━━━━━━━━━━━━━┩
│[36m [0m[36mepoch                         [0m[36m [0m│[32m [0m[32m0           [0m[32m [0m│
│[36m [0m[36mlearning_rate                 [0m[36m [0m│[32m [0m[32m0.000092    [0m[32m [0m│
│[36m [0m[36mnum_loss_tokens               [0m[36m [0m│[32m [0m[32m25821.000000[0m[32m [0m│
│[36m [0m[36mnum_sequences                 [0m[36m [0m│[32m [0m[32m128         [0m[32m [0m│
│[36m [0m[36mnum_tokens                    [0m[36m [0m│[32m [0m[32m40002       [0m[32m [0m│
│[36m [0m[36mprogress                      [0m[36m [0m│[32m [0m[32m0.554054    [0m[32m [0m│
│[36m [0m[36mtest/nll                      [0m[36m [0m│[32m [0m[32m1.760510    [0m[32m [0m│
│[36m [0m[36mtime/evals                    [0m[36m [0m│[32m [0m[32m3.134142    [0m[32m [0m│
│[36m [0m[36mtime/get_batch                [0m[36m [0m│[32m [0m[32m0.115985    [0m[32m [0m│
│[36m [0m[36mtime/save_checkpoint          [0m[36m [0m│[32m [0m[32m7.914083    [0m[32m [0m│
│[36m [0m[36mtime/step                     [0m[36m [0m│[32m [0m[32m0.002572    [0m[32m [0m│
│[36m [0m[36mtime/total                    [0m[36m [0m│[32m [0m[32m11.300211   [0m[32m [0m│
│[36m [0m[36mtrain_mean_nll                [0m[36m [0m│[32m [0m[32m1.823578    [0m[32m [0m│
└────────────────────────────────┴──────────────┘
tinker_cookbook.utils.misc_utils:20 [INFO] Starting get_batch
tinker_cookbook.utils.misc_utils:23 [INFO] get_batch took 0.12 seconds
tinker_cookbook.supervised.train:259 [INFO] [33mUser: I'm going to be in Oregon for a few months and I'd really like to find some nice spots to go camping, but I don't want to rough it. I want to be very comfortable. Can you recommend some places to check out that offer something like "glamping"?
[0m[33m
[0m[33mAssistant:[0m[32m Oregon has so many wonderful places to spend the night outdoors in comfort. Here are a few to get you started:
[0m[32m
[0m[32m1. Tiny Farmhouse Sanctuary - half an hour outside of Portland, this 247-foot tiny house is well-equipped to keep you in comfort during your stay. There are many nearby activities too, including horseback riding.
[0m[32m
[0m[32m2. Camp Heaven -  this is true glamping in the woods, but in tents unlike any you've likely seen before. They are quite luxurious and comfortable.
[0m[32m
[0m[32m3. Bali House - this house fits two people and is located on an organic farm half an hour from Portland. You can enjoy the waterfalls while you're here at nearby Silver Falls State Park.
[0m[32m
[0m[32m4. Airstream Camping Adventure - there is an outdoor shower here, but don't worry, there's also a full-sized bathroom and a kitchen inside this cool Airstream camper. The Clackamas River is just a short drive away if you're looking for a day trip while you're there.
[0m[32m
[0m[32m5. Wake in the Wild - located on a farm an hour outside of Portland, camping here will offer a tipi and an Airstream as options, both with a fully-equipped kitchen, and a bathroom and shower. 
[0m[32m
[0m[32mUser:[0m
tinker_cookbook.utils.misc_utils:20 [INFO] Starting step
tinker_cookbook.utils.misc_utils:23 [INFO] step took 0.00 seconds
tinker_cookbook.utils.ml_log:145 [INFO] Wrote metrics to tinker_cookbook\training_logs\sl_basic_NoRobots_qwen3.5-9B-base\metrics.jsonl
tinker_cookbook.utils.ml_log:197 [INFO] 
[3m                     Step 41                     [0m
┏━━━━━━━━━━━━━━━━━━━━━━━━━━━━━━━━┳━━━━━━━━━━━━━━┓
┃[1;35m [0m[1;35mMetric                        [0m[1;35m [0m┃[1;35m [0m[1;35mValue       [0m[1;35m [0m┃
┡━━━━━━━━━━━━━━━━━━━━━━━━━━━━━━━━╇━━━━━━━━━━━━━━┩
│[36m [0m[36mepoch                         [0m[36m [0m│[32m [0m[32m0           [0m[32m [0m│
│[36m [0m[36mlearning_rate                 [0m[36m [0m│[32m [0m[32m0.000089    [0m[32m [0m│
│[36m [0m[36mnum_loss_tokens               [0m[36m [0m│[32m [0m[32m28560.000000[0m[32m [0m│
│[36m [0m[36mnum_sequences                 [0m[36m [0m│[32m [0m[32m128         [0m[32m [0m│
│[36m [0m[36mnum_tokens                    [0m[36m [0m│[32m [0m[32m43504       [0m[32m [0m│
│[36m [0m[36mprogress                      [0m[36m [0m│[32m [0m[32m0.567568    [0m[32m [0m│
│[36m [0m[36mtime/get_batch                [0m[36m [0m│[32m [0m[32m0.130077    [0m[32m [0m│
│[36m [0m[36mtime/step                     [0m[36m [0m│[32m [0m[32m0.000000    [0m[32m [0m│
│[36m [0m[36mtime/total                    [0m[36m [0m│[32m [0m[32m8.171927    [0m[32m [0m│
│[36m [0m[36mtrain_mean_nll                [0m[36m [0m│[32m [0m[32m1.650973    [0m[32m [0m│
└────────────────────────────────┴──────────────┘
tinker_cookbook.utils.misc_utils:20 [INFO] Starting get_batch
tinker_cookbook.utils.misc_utils:23 [INFO] get_batch took 0.11 seconds
tinker_cookbook.supervised.train:259 [INFO] [33mUser: Which famous American lawyer famously coined the phrase "Jane Crow" concerning restrictive civil liberties?
[0m[33m
[0m[33mAssistant:[0m[32m Pauli Murray coined the phrase "Jane Crow." In the 1940s, Murray was the only woman in a class of law students. At the time, the U.S. laws protected segregation by racial background often referred to as Jim Crow laws. Murray took that idea a step further and characterized prejudice against women using the term "Jane Crow." As a law student, Murray wrote a paper on the unconstitutionality of the Supreme Court case of Plessy v. Ferguson. She argued that the case violated the Fourteenth Amendment's Equal Protection Clause. Her argument was so influential that her professor gave her paper to Thurgood Marshall and his team and helped them develop their argument against segregation. Murray not only influenced the career of Marshall but also another U.S. Supreme Court Justice: Ruth Bader Ginsburg. A 2021 documentary about Murray, called "My Name is Pauli Murray," focused on her life and career as a brilliant, queer, Black, gender-nonconforming scholar.
[0m[32m
[0m[32mUser:[0m
tinker_cookbook.utils.misc_utils:20 [INFO] Starting step
