tinker_cookbook.utils.ml_log:477 [INFO] Logging to: \tmp\tinker-examples\sl_basic
tinker_cookbook.utils.ml_log:477 [INFO] Logging to: \tmp\tinker-examples\sl_basic
tinker.lib.public_interfaces.service_client:66 [INFO] ServiceClient initialized for session 92c308d4-09a8-566d-b33f-824d618e9aef
tinker.lib.public_interfaces.service_client:149 [INFO] TrainingClient initialized for model 92c308d4-09a8-566d-b33f-824d618e9aef:train:0
huggingface_hub.file_download:1729 [WARNING] Xet Storage is enabled for this repo, but the 'hf_xet' package is not installed. Falling back to regular HTTP download. For better performance, install the package with: `pip install huggingface_hub[hf_xet]` or `pip install hf_xet`
huggingface_hub.file_download:1729 [WARNING] Xet Storage is enabled for this repo, but the 'hf_xet' package is not installed. Falling back to regular HTTP download. For better performance, install the package with: `pip install huggingface_hub[hf_xet]` or `pip install hf_xet`
tinker_cookbook.supervised.train:229 [INFO] Training for 74 batches x 1 epochs = 74 steps
tinker_cookbook.supervised.train:347 [INFO] Starting epoch 0
tinker_cookbook.utils.misc_utils:20 [INFO] Starting get_batch
tinker_cookbook.utils.misc_utils:23 [INFO] get_batch took 0.11 seconds
tinker_cookbook.supervised.train:259 [INFO] [33m<|begin_of_text|>User: Write an three (3) paragraph story about the implications of not drinking coffee in the morning, from the point-of-view of a person who did not drink his coffee and the resulting chaos that ensued.
[0m[33m
[0m[33mAssistant:[0m[32m I made the mistake of forgetting to drink coffee today after drinking a cup every morning for the past year. It did not go well...at all. I usually wake up and make a cup of instant coffee. The caffeine perks me up and gets me ready for the rest of the day. But on this particular day, I was in a rush to go to the bank to do some business before I went to work, and I ended up leaving the house without my daily cup. 
[0m[32m
[0m[32mAs soon as I got into my car and started driving out of the driveway, I realized my mistake, but I was already on the move, and it was too late for me to turn around and go back for my hot beverage. So I decided to just forget it and continue on with the task at hand. I mean, it won't be a problem without one day of drinking coffee, will it? As soon as I finished that thought, I became distracted by a clown dancing at the corner of the upcoming intersection. The clown was spinning an arrow-shaped sign as it danced, so I couldn't quite make out what the sign said, but there appeared to be some printed writing on it. I stopped at the intersection and attempted to get a better look at the sign...or so I thought. 
[0m[32m
[0m[32mInstead of stopping at the intersection, I pressed my foot onto the wrong pedal and ended up accelerating through the intersection and was broadsided by a car coming from my right. As I brushed the shattered glass from the windshield off me, I looked up and saw that the vehicle that struck me was a blue-and-white police car, now with its blue lights flashing. I had been struck by a police officer trying to get to an emergency down the road, and I was subsequently ticketed for failing to stop at the stop sign. All of this was because I forgot my morning routine of drinking my morning cup of coffee. 
[0m[32m
[0m[32mUser:[0m
tinker_cookbook.utils.misc_utils:20 [INFO] Starting evals
tinker_cookbook.utils.misc_utils:23 [INFO] evals took 3.71 seconds
tinker_cookbook.utils.misc_utils:20 [INFO] Starting get_batch
tinker_cookbook.utils.misc_utils:23 [INFO] get_batch took 0.11 seconds
tinker_cookbook.supervised.train:259 [INFO] [33m<|begin_of_text|>User: Write a paragraph to summarize the history of Calico, California.
[0m[33m
[0m[33mIn 1881, four prospectors were leaving Grapevine Station (present day Barstow, California) for a mountain peak to the northeast. After they described the peak as "calico-colored", the peak, the mountain range to which it belonged, and the town that followed were all called Calico.[5] The four prospectors discovered silver in the mountain and opened the Silver King Mine, which was California's largest silver producer in the mid-1880s.[5][6] John C. King, who had grubstaked the prospectors who discovered the silver vein (the Silver King Mine was thus named after him), was the uncle of Walter Knott founder of Knott's Berry Farm. 
[0m[33m
[0m[33mKing was sheriff of San Bernardino County from 1879 to 1882.[7][8][9][10] A post office at Calico was established in early 1882, and the Calico Print, a weekly newspaper, started publishing. The town soon supported three hotels, five general stores, a meat market, bars, brothels, and three restaurants and boarding houses. The county established a school district and a voting precinct.[11][12] The town also had a deputy sheriff and two constables, two lawyers and a justice of the peace, five commissioners, and two doctors. There was also a Wells Fargo office and a telephone and telegraph service.[5] At its height of silver production during 1883 and 1885,[11] Calico had over 500 mines and a population of 1,200 people.[5] Local badmen were buried in the Boot Hill cemetery.[13][14]
[0m[33m
[0m[33mThe discovery of the borate mineral colemanite in the Calico mountains a few years after the settlement of the town also helped Calico's fortunes, and in 1890 the estimated population of the town was 3,500, with nationals of China, England, Ireland, Greece, France, and the Netherlands, as well as Americans living there.[15] In the same year, the Silver Purchase Act was enacted and drove down the price of silver.[5] 
[0m[33m
[0m[33mBy 1896, its value had decreased to $0.57 per troy ounce, and Calico's silver mines were no longer economically viable.[5] The post office was discontinued in 1898,[16] and the school closed not long after.[11] By the turn of the century, Calico was all but a ghost town,[15] and with the end of borax mining in the region in 1907 the town was completely abandoned.[citation needed] Many of the original buildings were moved to Barstow, Daggett and Yermo.[15]
[0m[33m
[0m[33mAn attempt to revive the town was made in about 1915, when a cyanide plant was built to recover silver from the unprocessed Silver King Mine's deposits. Walter Knott and his wife Cordelia, founders of Knott's Berry Farm, were homesteaded at Newberry Springs around this time, and Knott helped build the redwood cyanide tanks for the plant.[15][17]
[0m[33m
[0m[33mAssistant:[0m[32m The ghost town of Calico got its name from four traveling prospectors in 1881 who left Grapevine Station in Barstow to go to a mountain peak to the northeast. These prospectors described the peak as "calico-colored", and the name of Calico stuck. The prospectors discovered silver in this mountain range and opened the Silver King Mine, which was named after John C. King, the uncle of Walter Knott, founder of Knott's Berry Farm. Calico established its post office in early 1882, and its local weekly newspaper called the Calico Print started publishing shortly after. Calico also benefitted from the discovery of borate mineral colemanite in its mountains and had a population of 3,500 in 1890. The Silver Purchase Act was enacted the same year, driving down the price of silver. The value of silver decreased to $0.57 per troy ounce by 1896, which made Calico's silver mines undesirable, leaving Calico a ghost town by the start of the 20th century.
[0m[32m
[0m[32mUser:[0m
tinker_cookbook.utils.misc_utils:20 [INFO] Starting step
tinker_cookbook.utils.misc_utils:23 [INFO] step took 2.05 seconds
tinker_cookbook.utils.ml_log:145 [INFO] Wrote metrics to \tmp\tinker-examples\sl_basic\metrics.jsonl
tinker_cookbook.utils.ml_log:197 [INFO] 
[3m                     Step 0                      [0m
┏━━━━━━━━━━━━━━━━━━━━━━━━━━━━━━━━┳━━━━━━━━━━━━━━┓
┃[1;35m [0m[1;35mMetric                        [0m[1;35m [0m┃[1;35m [0m[1;35mValue       [0m[1;35m [0m┃
┡━━━━━━━━━━━━━━━━━━━━━━━━━━━━━━━━╇━━━━━━━━━━━━━━┩
│[36m [0m[36mepoch                         [0m[36m [0m│[32m [0m[32m0           [0m[32m [0m│
│[36m [0m[36mlearning_rate                 [0m[36m [0m│[32m [0m[32m0.000200    [0m[32m [0m│
│[36m [0m[36mnum_loss_tokens               [0m[36m [0m│[32m [0m[32m26991.000000[0m[32m [0m│
│[36m [0m[36mnum_sequences                 [0m[36m [0m│[32m [0m[32m128         [0m[32m [0m│
│[36m [0m[36mnum_tokens                    [0m[36m [0m│[32m [0m[32m37434       [0m[32m [0m│
│[36m [0m[36mprogress                      [0m[36m [0m│[32m [0m[32m0.013514    [0m[32m [0m│
│[36m [0m[36mtest/nll                      [0m[36m [0m│[32m [0m[32m1.854657    [0m[32m [0m│
│[36m [0m[36mtime/evals                    [0m[36m [0m│[32m [0m[32m3.713768    [0m[32m [0m│
│[36m [0m[36mtime/get_batch                [0m[36m [0m│[32m [0m[32m0.106179    [0m[32m [0m│
│[36m [0m[36mtime/step                     [0m[36m [0m│[32m [0m[32m2.047302    [0m[32m [0m│
│[36m [0m[36mtime/total                    [0m[36m [0m│[32m [0m[32m6.011545    [0m[32m [0m│
│[36m [0m[36mtrain_mean_nll                [0m[36m [0m│[32m [0m[32m1.850818    [0m[32m [0m│
└────────────────────────────────┴──────────────┘
tinker_cookbook.utils.misc_utils:20 [INFO] Starting get_batch
tinker_cookbook.utils.misc_utils:23 [INFO] get_batch took 0.11 seconds
tinker_cookbook.supervised.train:259 [INFO] [33m<|begin_of_text|>User: Categorize this tweet into one of the following emotions: anger, joy, sadness, surprise, or disgust. Describe why you chose that emotion.
[0m[33m
[0m[33mTweet: I am about to cross that 1,000 follower threshold...
[0m[33mWhat should we do to celebrate?
[0m[33m
[0m[33mAssistant:[0m[32m The tweet expresses feelings of joy. The user who posted the tweet is happy about their follower count, celebrating reaching 1000 followers.
[0m[32m
[0m[32mUser:[0m
tinker_cookbook.utils.misc_utils:20 [INFO] Starting step
tinker_cookbook.utils.misc_utils:23 [INFO] step took 1.12 seconds
tinker_cookbook.utils.ml_log:145 [INFO] Wrote metrics to \tmp\tinker-examples\sl_basic\metrics.jsonl
tinker_cookbook.utils.ml_log:197 [INFO] 
[3m                     Step 1                      [0m
┏━━━━━━━━━━━━━━━━━━━━━━━━━━━━━━━━┳━━━━━━━━━━━━━━┓
┃[1;35m [0m[1;35mMetric                        [0m[1;35m [0m┃[1;35m [0m[1;35mValue       [0m[1;35m [0m┃
┡━━━━━━━━━━━━━━━━━━━━━━━━━━━━━━━━╇━━━━━━━━━━━━━━┩
│[36m [0m[36mepoch                         [0m[36m [0m│[32m [0m[32m0           [0m[32m [0m│
│[36m [0m[36mlearning_rate                 [0m[36m [0m│[32m [0m[32m0.000197    [0m[32m [0m│
│[36m [0m[36mnum_loss_tokens               [0m[36m [0m│[32m [0m[32m23044.000000[0m[32m [0m│
│[36m [0m[36mnum_sequences                 [0m[36m [0m│[32m [0m[32m128         [0m[32m [0m│
│[36m [0m[36mnum_tokens                    [0m[36m [0m│[32m [0m[32m34287       [0m[32m [0m│
│[36m [0m[36mprogress                      [0m[36m [0m│[32m [0m[32m0.027027    [0m[32m [0m│
│[36m [0m[36mtime/get_batch                [0m[36m [0m│[32m [0m[32m0.113831    [0m[32m [0m│
│[36m [0m[36mtime/step                     [0m[36m [0m│[32m [0m[32m1.117008    [0m[32m [0m│
│[36m [0m[36mtime/total                    [0m[36m [0m│[32m [0m[32m3.435463    [0m[32m [0m│
│[36m [0m[36mtrain_mean_nll                [0m[36m [0m│[32m [0m[32m1.847960    [0m[32m [0m│
└────────────────────────────────┴──────────────┘
tinker_cookbook.utils.misc_utils:20 [INFO] Starting get_batch
tinker_cookbook.utils.misc_utils:23 [INFO] get_batch took 0.10 seconds
tinker_cookbook.supervised.train:259 [INFO] [33m<|begin_of_text|>User: What city should we stay in on vacation? We are going to Texas and we need somewhere that has things to do for the children as well.
[0m[33m
[0m[33mAssistant:[0m[32m There are many great cities in Texas that offer a variety of activities for children and adults alike, as well as options for shopping. Here are a few options to consider:
[0m[32m
[0m[32m- San Antonio: This city is home to popular attractions such as the San Antonio River Walk. The river walk has plenty of things to do, such as Legoland, boat cruises, and the Rainforest Cafe. 
[0m[32m
[0m[32m- Houston: This city has many attractions for families, including the Johnson Space Center, where kids can see over 400 space-related exhibits and artifacts. 
[0m[32m
[0m[32m- Dallas: Dallas has many family-friendly attractions, such as the Dallas World Aquarium, where kids can view more than 500 animals and interact with stingrays. 
[0m[32m
[0m[32mUser:[0m
tinker_cookbook.utils.misc_utils:20 [INFO] Starting step
tinker_cookbook.utils.misc_utils:23 [INFO] step took 1.54 seconds
tinker_cookbook.utils.ml_log:145 [INFO] Wrote metrics to \tmp\tinker-examples\sl_basic\metrics.jsonl
tinker_cookbook.utils.ml_log:197 [INFO] 
[3m                     Step 2                      [0m
┏━━━━━━━━━━━━━━━━━━━━━━━━━━━━━━━━┳━━━━━━━━━━━━━━┓
┃[1;35m [0m[1;35mMetric                        [0m[1;35m [0m┃[1;35m [0m[1;35mValue       [0m[1;35m [0m┃
┡━━━━━━━━━━━━━━━━━━━━━━━━━━━━━━━━╇━━━━━━━━━━━━━━┩
│[36m [0m[36mepoch                         [0m[36m [0m│[32m [0m[32m0           [0m[32m [0m│
│[36m [0m[36mlearning_rate                 [0m[36m [0m│[32m [0m[32m0.000195    [0m[32m [0m│
│[36m [0m[36mnum_loss_tokens               [0m[36m [0m│[32m [0m[32m23946.000000[0m[32m [0m│
│[36m [0m[36mnum_sequences                 [0m[36m [0m│[32m [0m[32m128         [0m[32m [0m│
│[36m [0m[36mnum_tokens                    [0m[36m [0m│[32m [0m[32m33451       [0m[32m [0m│
│[36m [0m[36mprogress                      [0m[36m [0m│[32m [0m[32m0.040541    [0m[32m [0m│
│[36m [0m[36mtime/get_batch                [0m[36m [0m│[32m [0m[32m0.112975    [0m[32m [0m│
│[36m [0m[36mtime/step                     [0m[36m [0m│[32m [0m[32m1.539991    [0m[32m [0m│
│[36m [0m[36mtime/total                    [0m[36m [0m│[32m [0m[32m2.923638    [0m[32m [0m│
│[36m [0m[36mtrain_mean_nll                [0m[36m [0m│[32m [0m[32m1.778924    [0m[32m [0m│
└────────────────────────────────┴──────────────┘
tinker_cookbook.utils.misc_utils:20 [INFO] Starting get_batch
tinker_cookbook.utils.misc_utils:23 [INFO] get_batch took 0.10 seconds
tinker_cookbook.supervised.train:259 [INFO] [33m<|begin_of_text|>System: Bebo is a chatbot that gives one-word responses.
[0m[33m
[0m[33mUser: Who was Plato?
[0m[33m
[0m[33mAssistant:[0m[32m Philosopher.
[0m[32m
[0m[33mUser: What is the main ingredient of spaghetti?
[0m[33m
[0m[33mAssistant:[0m[32m Noodles.
[0m[32m
[0m[33mUser: I'm feeling unmotivated. What can I do?
[0m[33m
[0m[33mAssistant:[0m[32m Walk.
[0m[32m
[0m[33mUser: What was Persuasion by Jane Austen about?
[0m[33m
[0m[33mAssistant:[0m[32m Persuading.
[0m[32m
[0m[33mUser: Can you summarize Romeo and Juliet?
[0m[33m
[0m[33mAssistant:[0m[32m Families.
[0m[32m
[0m[33mUser: What was the nebular theory about?
[0m[33m
[0m[33mAssistant:[0m[32m Gravity.
[0m[32m
[0m[33mUser: Can you tell me a joke?
[0m[33m
[0m[33mAssistant:[0m[32m Life.
[0m[32m
[0m[32mUser:[0m
tinker_cookbook.utils.misc_utils:20 [INFO] Starting step
tinker_cookbook.utils.misc_utils:23 [INFO] step took 0.21 seconds
tinker_cookbook.utils.ml_log:145 [INFO] Wrote metrics to \tmp\tinker-examples\sl_basic\metrics.jsonl
tinker_cookbook.utils.ml_log:197 [INFO] 
[3m                     Step 3                      [0m
┏━━━━━━━━━━━━━━━━━━━━━━━━━━━━━━━━┳━━━━━━━━━━━━━━┓
┃[1;35m [0m[1;35mMetric                        [0m[1;35m [0m┃[1;35m [0m[1;35mValue       [0m[1;35m [0m┃
┡━━━━━━━━━━━━━━━━━━━━━━━━━━━━━━━━╇━━━━━━━━━━━━━━┩
│[36m [0m[36mepoch                         [0m[36m [0m│[32m [0m[32m0           [0m[32m [0m│
│[36m [0m[36mlearning_rate                 [0m[36m [0m│[32m [0m[32m0.000192    [0m[32m [0m│
│[36m [0m[36mnum_loss_tokens               [0m[36m [0m│[32m [0m[32m23613.000000[0m[32m [0m│
│[36m [0m[36mnum_sequences                 [0m[36m [0m│[32m [0m[32m128         [0m[32m [0m│
│[36m [0m[36mnum_tokens                    [0m[36m [0m│[32m [0m[32m33514       [0m[32m [0m│
│[36m [0m[36mprogress                      [0m[36m [0m│[32m [0m[32m0.054054    [0m[32m [0m│
│[36m [0m[36mtime/get_batch                [0m[36m [0m│[32m [0m[32m0.100265    [0m[32m [0m│
│[36m [0m[36mtime/step                     [0m[36m [0m│[32m [0m[32m0.212017    [0m[32m [0m│
│[36m [0m[36mtime/total                    [0m[36m [0m│[32m [0m[32m2.001856    [0m[32m [0m│
│[36m [0m[36mtrain_mean_nll                [0m[36m [0m│[32m [0m[32m1.834663    [0m[32m [0m│
└────────────────────────────────┴──────────────┘
tinker_cookbook.utils.misc_utils:20 [INFO] Starting get_batch
tinker_cookbook.utils.misc_utils:23 [INFO] get_batch took 0.10 seconds
tinker_cookbook.supervised.train:259 [INFO] [33m<|begin_of_text|>User: Write a song that expresses the depth of a father's love for his daughter. The lyrics should express the desire to protect her and watch her grow into a strong and independent person. Mention some moments where you felt pride as a father. Things like watching your daughter take her first steps, hearing her laugh, or seeing her excel in her passions and hobbies. The metaphor is that the songwriter who’s the father wants to protect her daughter like a shield or a fortress. Include a promise that he’ll always be there for her and shield her from harm.
[0m[33m
[0m[33mAssistant:[0m[32m Verse 1:
[0m[32mFrom the moment that I first held you
[0m[32mI knew my life had changed
[0m[32mMy heart was yours forever
[0m[32mAnd nothing was the same
[0m[32mI saw your first steps, your first smile
[0m[32mAnd knew I had to protect
[0m[32mMy little girl, my precious child
[0m[32mAll that can affect
[0m[32m
[0m[32mChorus:
[0m[32mI’ll be your shield, your fortress strong
[0m[32mProtect you from all that’s wrong
[0m[32mMy love for you will never fade
[0m[32mI’ll be here for you every day
[0m[32m
[0m[32mVerse 2:
[0m[32mAs you grew, you showed a fire
[0m[32mIn everything you do
[0m[32mYou laughed and loved, you sang and danced
[0m[32mAnd always stayed true
[0m[32mI felt so proud to be your dad
[0m[32mTo watch you shine so bright
[0m[32mI knew that with your heart of gold
[0m[32mYou’d do everything right
[0m[32m
[0m[32mChorus:
[0m[32mI’ll be your shield, your fortress strong
[0m[32mProtect you from all that’s wrong
[0m[32mMy love for you will never fade
[0m[32mI’ll be here for you every day
[0m[32m
[0m[32mBridge:
[0m[32mI’ll catch your falls, I’ll dry your tears
[0m[32mI’ll be there for all your fears
[0m[32mAnd when the world tries to bring you down
[0m[32mI’ll be your rock, your solid ground
[0m[32m
[0m[32mChorus:
[0m[32mI’ll be your shield, your fortress strong
[0m[32mProtect you from all that’s wrong
[0m[32mMy love for you will never fade
[0m[32mI’ll be here for you every day
[0m[32m
[0m[32mOutro:
[0m[32mMy precious girl, you’ve grown so much
[0m[32mInto a woman strong and brave
[0m[32mBut always know, you’ll be my child
[0m[32mAnd I’ll be here to stay.
[0m[32m
[0m[32mUser:[0m
tinker_cookbook.utils.misc_utils:20 [INFO] Starting step
tinker_cookbook.utils.misc_utils:23 [INFO] step took 1.65 seconds
tinker_cookbook.utils.ml_log:145 [INFO] Wrote metrics to \tmp\tinker-examples\sl_basic\metrics.jsonl
tinker_cookbook.utils.ml_log:197 [INFO] 
[3m                     Step 4                      [0m
┏━━━━━━━━━━━━━━━━━━━━━━━━━━━━━━━━┳━━━━━━━━━━━━━━┓
┃[1;35m [0m[1;35mMetric                        [0m[1;35m [0m┃[1;35m [0m[1;35mValue       [0m[1;35m [0m┃
┡━━━━━━━━━━━━━━━━━━━━━━━━━━━━━━━━╇━━━━━━━━━━━━━━┩
│[36m [0m[36mepoch                         [0m[36m [0m│[32m [0m[32m0           [0m[32m [0m│
│[36m [0m[36mlearning_rate                 [0m[36m [0m│[32m [0m[32m0.000189    [0m[32m [0m│
│[36m [0m[36mnum_loss_tokens               [0m[36m [0m│[32m [0m[32m20199.000000[0m[32m [0m│
│[36m [0m[36mnum_sequences                 [0m[36m [0m│[32m [0m[32m128         [0m[32m [0m│
│[36m [0m[36mnum_tokens                    [0m[36m [0m│[32m [0m[32m33062       [0m[32m [0m│
│[36m [0m[36mprogress                      [0m[36m [0m│[32m [0m[32m0.067568    [0m[32m [0m│
│[36m [0m[36mtime/get_batch                [0m[36m [0m│[32m [0m[32m0.101837    [0m[32m [0m│
│[36m [0m[36mtime/step                     [0m[36m [0m│[32m [0m[32m1.647405    [0m[32m [0m│
│[36m [0m[36mtime/total                    [0m[36m [0m│[32m [0m[32m2.095335    [0m[32m [0m│
│[36m [0m[36mtrain_mean_nll                [0m[36m [0m│[32m [0m[32m1.629745    [0m[32m [0m│
└────────────────────────────────┴──────────────┘
tinker_cookbook.utils.misc_utils:20 [INFO] Starting get_batch
tinker_cookbook.utils.misc_utils:23 [INFO] get_batch took 0.10 seconds
tinker_cookbook.supervised.train:259 [INFO] [33m<|begin_of_text|>User: Please write a tweet in the form of satire about the ires of cutting the grass. Use some superlatives. The tweet should be no more than 50 words.
[0m[33m
[0m[33mAssistant:[0m[32m Oh boy, I can't wait to cut the grass! What's not to love about the unbearable heat and the sweat constantly dripping down my face? What's not to love about the grass clippings staining my shoes and clothes? Who doesn't absolutely LOVE cutting the grass?
[0m[32m
[0m[32mUser:[0m
tinker_cookbook.utils.misc_utils:20 [INFO] Starting step
tinker_cookbook.utils.misc_utils:23 [INFO] step took 0.89 seconds
tinker_cookbook.utils.ml_log:145 [INFO] Wrote metrics to \tmp\tinker-examples\sl_basic\metrics.jsonl
tinker_cookbook.utils.ml_log:197 [INFO] 
[3m                     Step 5                      [0m
┏━━━━━━━━━━━━━━━━━━━━━━━━━━━━━━━━┳━━━━━━━━━━━━━━┓
┃[1;35m [0m[1;35mMetric                        [0m[1;35m [0m┃[1;35m [0m[1;35mValue       [0m[1;35m [0m┃
┡━━━━━━━━━━━━━━━━━━━━━━━━━━━━━━━━╇━━━━━━━━━━━━━━┩
│[36m [0m[36mepoch                         [0m[36m [0m│[32m [0m[32m0           [0m[32m [0m│
│[36m [0m[36mlearning_rate                 [0m[36m [0m│[32m [0m[32m0.000186    [0m[32m [0m│
│[36m [0m[36mnum_loss_tokens               [0m[36m [0m│[32m [0m[32m24593.000000[0m[32m [0m│
│[36m [0m[36mnum_sequences                 [0m[36m [0m│[32m [0m[32m128         [0m[32m [0m│
│[36m [0m[36mnum_tokens                    [0m[36m [0m│[32m [0m[32m35980       [0m[32m [0m│
│[36m [0m[36mprogress                      [0m[36m [0m│[32m [0m[32m0.081081    [0m[32m [0m│
│[36m [0m[36mtime/get_batch                [0m[36m [0m│[32m [0m[32m0.098102    [0m[32m [0m│
│[36m [0m[36mtime/step                     [0m[36m [0m│[32m [0m[32m0.890905    [0m[32m [0m│
│[36m [0m[36mtime/total                    [0m[36m [0m│[32m [0m[32m2.778853    [0m[32m [0m│
│[36m [0m[36mtrain_mean_nll                [0m[36m [0m│[32m [0m[32m1.748570    [0m[32m [0m│
└────────────────────────────────┴──────────────┘
tinker_cookbook.utils.misc_utils:20 [INFO] Starting get_batch
tinker_cookbook.utils.misc_utils:23 [INFO] get_batch took 0.10 seconds
tinker_cookbook.supervised.train:259 [INFO] [33m<|begin_of_text|>User: Write a calming bedtime story. Should be suitable for a young child between 2-3 years old and it should read like a poem but doesn't have to rhyme.
[0m[33m
[0m[33mAssistant:[0m[32m Up in the sky, the Moon and the stars are ready to start their work,
[0m[32mBut down here on Earth the children should slowly be ready to go to bed.
[0m[32mIt's getting late now and you're tired my dear, your eyes are heavy with sleep,
[0m[32mA little warm bath and a good brush of your teeth and we're ready to put up our feet.
[0m[32mYour bunny pyjamas, so fluffy and soft, will keep you comfy and warm,
[0m[32mAnd your blanket so cosy, your cheeks will be rosy, just lie down and go right to sleep.
[0m[32mIf you're not tired yet, just think of the things that you did all day running around,
[0m[32mMaybe you think you would like to do more, but your body needs rest to stay fit.
[0m[32mI can see your eyes closing, your breathing is slow, you're almost in the land of dreams,
[0m[32mNow I have to tiptoe so I don't wake you up, good night darling and lots of sweet dreams.
[0m[32m
[0m[32mUser:[0m
tinker_cookbook.utils.misc_utils:20 [INFO] Starting step
tinker_cookbook.utils.misc_utils:23 [INFO] step took 1.07 seconds
tinker_cookbook.utils.ml_log:145 [INFO] Wrote metrics to \tmp\tinker-examples\sl_basic\metrics.jsonl
tinker_cookbook.utils.ml_log:197 [INFO] 
[3m                     Step 6                      [0m
┏━━━━━━━━━━━━━━━━━━━━━━━━━━━━━━━━┳━━━━━━━━━━━━━━┓
┃[1;35m [0m[1;35mMetric                        [0m[1;35m [0m┃[1;35m [0m[1;35mValue       [0m[1;35m [0m┃
┡━━━━━━━━━━━━━━━━━━━━━━━━━━━━━━━━╇━━━━━━━━━━━━━━┩
│[36m [0m[36mepoch                         [0m[36m [0m│[32m [0m[32m0           [0m[32m [0m│
│[36m [0m[36mlearning_rate                 [0m[36m [0m│[32m [0m[32m0.000184    [0m[32m [0m│
│[36m [0m[36mnum_loss_tokens               [0m[36m [0m│[32m [0m[32m24311.000000[0m[32m [0m│
│[36m [0m[36mnum_sequences                 [0m[36m [0m│[32m [0m[32m128         [0m[32m [0m│
│[36m [0m[36mnum_tokens                    [0m[36m [0m│[32m [0m[32m36548       [0m[32m [0m│
│[36m [0m[36mprogress                      [0m[36m [0m│[32m [0m[32m0.094595    [0m[32m [0m│
│[36m [0m[36mtime/get_batch                [0m[36m [0m│[32m [0m[32m0.104040    [0m[32m [0m│
│[36m [0m[36mtime/step                     [0m[36m [0m│[32m [0m[32m1.069641    [0m[32m [0m│
│[36m [0m[36mtime/total                    [0m[36m [0m│[32m [0m[32m2.213861    [0m[32m [0m│
│[36m [0m[36mtrain_mean_nll                [0m[36m [0m│[32m [0m[32m1.888906    [0m[32m [0m│
└────────────────────────────────┴──────────────┘
tinker_cookbook.utils.misc_utils:20 [INFO] Starting get_batch
tinker_cookbook.utils.misc_utils:23 [INFO] get_batch took 0.10 seconds
tinker_cookbook.supervised.train:259 [INFO] [33m<|begin_of_text|>User: Please come up with 3 different tweets about celebrating Halloween from the perspective of a Halloween lover. Each tweet should be about 35 words and have a hashtag in it. Put the tweets in a numbered list.
[0m[33m
[0m[33mAssistant:[0m[32m 1. Spooky season is finally here! I've already gone to the pumpkin patch and bought my pumpkins, and I can't wait to carve a jack-o'-lantern. Halloween is going to be absolutely #epic this year.!
[0m[32m
[0m[32m2. #Halloween is the best time of the year because almost everything is themed around candy and scary movies. And what's better than candy and scary movies? Nothing!
[0m[32m
[0m[32m3. Now that Halloween season is here, I can happily eat candy, wear black, and watch my favorite #horror movies daily without anyone questioning me. This is my favorite season of all!
[0m[32m
[0m[32mUser:[0m
tinker_cookbook.utils.misc_utils:20 [INFO] Starting evals
tinker_cookbook.utils.misc_utils:23 [INFO] evals took 3.84 seconds
tinker_cookbook.utils.misc_utils:20 [INFO] Starting step
tinker_cookbook.utils.misc_utils:23 [INFO] step took 0.00 seconds
tinker_cookbook.utils.ml_log:145 [INFO] Wrote metrics to \tmp\tinker-examples\sl_basic\metrics.jsonl
tinker_cookbook.utils.ml_log:197 [INFO] 
[3m                     Step 7                      [0m
┏━━━━━━━━━━━━━━━━━━━━━━━━━━━━━━━━┳━━━━━━━━━━━━━━┓
┃[1;35m [0m[1;35mMetric                        [0m[1;35m [0m┃[1;35m [0m[1;35mValue       [0m[1;35m [0m┃
┡━━━━━━━━━━━━━━━━━━━━━━━━━━━━━━━━╇━━━━━━━━━━━━━━┩
│[36m [0m[36mepoch                         [0m[36m [0m│[32m [0m[32m0           [0m[32m [0m│
│[36m [0m[36mlearning_rate                 [0m[36m [0m│[32m [0m[32m0.000181    [0m[32m [0m│
│[36m [0m[36mnum_loss_tokens               [0m[36m [0m│[32m [0m[32m22770.000000[0m[32m [0m│
│[36m [0m[36mnum_sequences                 [0m[36m [0m│[32m [0m[32m128         [0m[32m [0m│
│[36m [0m[36mnum_tokens                    [0m[36m [0m│[32m [0m[32m36091       [0m[32m [0m│
│[36m [0m[36mprogress                      [0m[36m [0m│[32m [0m[32m0.108108    [0m[32m [0m│
│[36m [0m[36mtime/get_batch                [0m[36m [0m│[32m [0m[32m0.098663    [0m[32m [0m│
│[36m [0m[36mtime/step                     [0m[36m [0m│[32m [0m[32m0.003327    [0m[32m [0m│
│[36m [0m[36mtime/total                    [0m[36m [0m│[32m [0m[32m5.166468    [0m[32m [0m│
│[36m [0m[36mtrain_mean_nll                [0m[36m [0m│[32m [0m[32m1.725584    [0m[32m [0m│
└────────────────────────────────┴──────────────┘
tinker_cookbook.utils.misc_utils:20 [INFO] Starting get_batch
tinker_cookbook.utils.misc_utils:23 [INFO] get_batch took 0.11 seconds
tinker_cookbook.supervised.train:259 [INFO] [33m<|begin_of_text|>User: Compose a group email discussing ideas for books to read at the upcoming horror book club meeting. Ensure the email is less than 120 words and written in a friendly tone.
[0m[33m
[0m[33mAssistant:[0m[32m Fellow Horror Lovers,
[0m[32m
[0m[32mI'm sure we are all excited to begin on a new book at our upcoming horror book club meeting, so I thought it would be wise to start a discussion via email on ideas for what we begin reading! In the past, we've read some truly horrifying works! Here are a few of my suggestions, but please feel free to reply to this email with some of your own.
[0m[32m
[0m[32m• Misery by Stephen King
[0m[32m• Haunted by Chuck Palahniuk
[0m[32m• Sharp Objects by Gillian Flynn
[0m[32m• Shutter Island by Dennis Lehane
[0m[32m
[0m[32mI look forward to reading all of your replies and suggestions!
[0m[32m
[0m[32mBest wishes,
[0m[32m(Your Name)
[0m[32m
[0m[32mUser:[0m
tinker_cookbook.utils.misc_utils:20 [INFO] Starting step
tinker_cookbook.utils.misc_utils:23 [INFO] step took 2.34 seconds
tinker_cookbook.utils.ml_log:145 [INFO] Wrote metrics to \tmp\tinker-examples\sl_basic\metrics.jsonl
tinker_cookbook.utils.ml_log:197 [INFO] 
[3m                     Step 8                      [0m
┏━━━━━━━━━━━━━━━━━━━━━━━━━━━━━━━━┳━━━━━━━━━━━━━━┓
┃[1;35m [0m[1;35mMetric                        [0m[1;35m [0m┃[1;35m [0m[1;35mValue       [0m[1;35m [0m┃
┡━━━━━━━━━━━━━━━━━━━━━━━━━━━━━━━━╇━━━━━━━━━━━━━━┩
│[36m [0m[36mepoch                         [0m[36m [0m│[32m [0m[32m0           [0m[32m [0m│
│[36m [0m[36mlearning_rate                 [0m[36m [0m│[32m [0m[32m0.000178    [0m[32m [0m│
│[36m [0m[36mnum_loss_tokens               [0m[36m [0m│[32m [0m[32m26025.000000[0m[32m [0m│
│[36m [0m[36mnum_sequences                 [0m[36m [0m│[32m [0m[32m128         [0m[32m [0m│
│[36m [0m[36mnum_tokens                    [0m[36m [0m│[32m [0m[32m38410       [0m[32m [0m│
│[36m [0m[36mprogress                      [0m[36m [0m│[32m [0m[32m0.121622    [0m[32m [0m│
│[36m [0m[36mtest/nll                      [0m[36m [0m│[32m [0m[32m1.783717    [0m[32m [0m│
│[36m [0m[36mtime/evals                    [0m[36m [0m│[32m [0m[32m3.836070    [0m[32m [0m│
│[36m [0m[36mtime/get_batch                [0m[36m [0m│[32m [0m[32m0.102795    [0m[32m [0m│
│[36m [0m[36mtime/step                     [0m[36m [0m│[32m [0m[32m2.343110    [0m[32m [0m│
│[36m [0m[36mtime/total                    [0m[36m [0m│[32m [0m[32m6.437352    [0m[32m [0m│
│[36m [0m[36mtrain_mean_nll                [0m[36m [0m│[32m [0m[32m1.783190    [0m[32m [0m│
└────────────────────────────────┴──────────────┘
tinker_cookbook.utils.misc_utils:20 [INFO] Starting get_batch
tinker_cookbook.utils.misc_utils:23 [INFO] get_batch took 0.22 seconds
tinker_cookbook.supervised.train:259 [INFO] [33m<|begin_of_text|>System: Frank is a chatbot that helps with understanding language. He is kind and concerned.
[0m[33m
[0m[33mUser: What does it mean when a person says someone is "intractable?"
[0m[33m
[0m[33mAssistant:[0m[32m It means hard to control or deal with.
[0m[32m
[0m[33mUser: So can a car be intractable?
[0m[33m
[0m[33mAssistant:[0m[32m Not really. Challenges or problems can be, or a person can be thought of as intractable.
[0m[32m
[0m[33mUser: So if I keep asking questions and no matter what you do, I just keep asking questions, you could call me intractable.
[0m[33m
[0m[33mAssistant:[0m[32m Yes, If that were the case, I would say that you are definitely intractable.
[0m[32m
[0m[32mUser:[0m
tinker_cookbook.utils.misc_utils:20 [INFO] Starting step
tinker_cookbook.utils.misc_utils:23 [INFO] step took 0.22 seconds
tinker_cookbook.utils.ml_log:145 [INFO] Wrote metrics to \tmp\tinker-examples\sl_basic\metrics.jsonl
tinker_cookbook.utils.ml_log:197 [INFO] 
[3m                     Step 9                      [0m
┏━━━━━━━━━━━━━━━━━━━━━━━━━━━━━━━━┳━━━━━━━━━━━━━━┓
┃[1;35m [0m[1;35mMetric                        [0m[1;35m [0m┃[1;35m [0m[1;35mValue       [0m[1;35m [0m┃
┡━━━━━━━━━━━━━━━━━━━━━━━━━━━━━━━━╇━━━━━━━━━━━━━━┩
│[36m [0m[36mepoch                         [0m[36m [0m│[32m [0m[32m0           [0m[32m [0m│
│[36m [0m[36mlearning_rate                 [0m[36m [0m│[32m [0m[32m0.000176    [0m[32m [0m│
│[36m [0m[36mnum_loss_tokens               [0m[36m [0m│[32m [0m[32m24964.000000[0m[32m [0m│
│[36m [0m[36mnum_sequences                 [0m[36m [0m│[32m [0m[32m128         [0m[32m [0m│
│[36m [0m[36mnum_tokens                    [0m[36m [0m│[32m [0m[32m37202       [0m[32m [0m│
│[36m [0m[36mprogress                      [0m[36m [0m│[32m [0m[32m0.135135    [0m[32m [0m│
│[36m [0m[36mtime/get_batch                [0m[36m [0m│[32m [0m[32m0.110204    [0m[32m [0m│
│[36m [0m[36mtime/step                     [0m[36m [0m│[32m [0m[32m0.224759    [0m[32m [0m│
│[36m [0m[36mtime/total                    [0m[36m [0m│[32m [0m[32m2.937444    [0m[32m [0m│
│[36m [0m[36mtrain_mean_nll                [0m[36m [0m│[32m [0m[32m1.846259    [0m[32m [0m│
└────────────────────────────────┴──────────────┘
tinker_cookbook.utils.misc_utils:20 [INFO] Starting get_batch
tinker_cookbook.utils.misc_utils:23 [INFO] get_batch took 0.10 seconds
tinker_cookbook.supervised.train:259 [INFO] [33m<|begin_of_text|>User: Using the text below, extract any sentences that describe how the program is customized.
[0m[33m
[0m[33mA qualified and trained behavior analyst (BCBA) designs and directly oversees the program. They customize the ABA program to each learner's skills, needs, interests, preferences and family situation. 
[0m[33m
[0m[33mThe BCBA will start by doing a detailed assessment of each person’s skills and preferences. They will use this to write specific treatment goals. Family goals and preferences may be included, too.
[0m[33m
[0m[33mTreatment goals are written based on the age and ability level of the person with ASD. Goals can include many different skill areas, such as:
[0m[33m
[0m[33mCommunication and language
[0m[33mSocial skills
[0m[33mSelf-care (such as showering and toileting)
[0m[33mPlay and leisure
[0m[33mMotor skills
[0m[33mLearning and academic skills
[0m[33mThe instruction plan breaks down each of these skills into small, concrete steps. The therapist teaches each step one by one, from simple (e.g. imitating single sounds) to more complex (e.g. carrying on a conversation).
[0m[33m
[0m[33mThe BCBA and therapists measure progress by collecting data in each therapy session. Data helps them to monitor the person’s progress toward goals on an ongoing basis.
[0m[33m
[0m[33mThe behavior analyst regularly meets with family members and program staff to review information about progress. They can then plan ahead and adjust teaching plans and goals as needed.
[0m[33m
[0m[33mAssistant:[0m[32m "They customize the ABA program to each learner's skills, needs, interests, preferences and family situation."
[0m[32m"Treatment goals are written based on the age and ability level of the person with ASD."
[0m[32m
[0m[32mUser:[0m
tinker_cookbook.utils.misc_utils:20 [INFO] Starting step
tinker_cookbook.utils.misc_utils:23 [INFO] step took 2.58 seconds
tinker_cookbook.utils.ml_log:145 [INFO] Wrote metrics to \tmp\tinker-examples\sl_basic\metrics.jsonl
tinker_cookbook.utils.ml_log:197 [INFO] 
[3m                     Step 10                     [0m
┏━━━━━━━━━━━━━━━━━━━━━━━━━━━━━━━━┳━━━━━━━━━━━━━━┓
┃[1;35m [0m[1;35mMetric                        [0m[1;35m [0m┃[1;35m [0m[1;35mValue       [0m[1;35m [0m┃
┡━━━━━━━━━━━━━━━━━━━━━━━━━━━━━━━━╇━━━━━━━━━━━━━━┩
│[36m [0m[36mepoch                         [0m[36m [0m│[32m [0m[32m0           [0m[32m [0m│
│[36m [0m[36mlearning_rate                 [0m[36m [0m│[32m [0m[32m0.000173    [0m[32m [0m│
│[36m [0m[36mnum_loss_tokens               [0m[36m [0m│[32m [0m[32m21241.000000[0m[32m [0m│
│[36m [0m[36mnum_sequences                 [0m[36m [0m│[32m [0m[32m128         [0m[32m [0m│
│[36m [0m[36mnum_tokens                    [0m[36m [0m│[32m [0m[32m35533       [0m[32m [0m│
│[36m [0m[36mprogress                      [0m[36m [0m│[32m [0m[32m0.148649    [0m[32m [0m│
│[36m [0m[36mtime/get_batch                [0m[36m [0m│[32m [0m[32m0.221714    [0m[32m [0m│
│[36m [0m[36mtime/step                     [0m[36m [0m│[32m [0m[32m2.578594    [0m[32m [0m│
│[36m [0m[36mtime/total                    [0m[36m [0m│[32m [0m[32m3.162377    [0m[32m [0m│
│[36m [0m[36mtrain_mean_nll                [0m[36m [0m│[32m [0m[32m1.693178    [0m[32m [0m│
└────────────────────────────────┴──────────────┘
tinker_cookbook.utils.misc_utils:20 [INFO] Starting get_batch
tinker_cookbook.utils.misc_utils:23 [INFO] get_batch took 0.11 seconds
tinker_cookbook.supervised.train:259 [INFO] [33m<|begin_of_text|>User: Extract the names of the movies and shows Al Pacino starred in and the year he starred in them in parathesis.
[0m[33m
[0m[33mPacino played Jack Kevorkian in an HBO Films biopic titled You Don't Know Jack, which premiered April 2010. The film is about the life and work of the physician-assisted suicide advocate. The performance earned Pacino his second Emmy Award[80] for lead actor[81] and his fourth Golden Globe award.[82] He co-starred as himself in the 2011 comedy film Jack and Jill. The film was panned by critics, and Pacino "won" the Golden Raspberry Award for Worst Supporting Actor at the 32nd ceremony.[83]
[0m[33m
[0m[33m
[0m[33mPacino at the 2014 Toronto International Film Festival
[0m[33mHe was presented with Jaeger-LeCoultre Glory to the Filmmaker Award on September 4, 2011, prior to the premiere of Wilde Salomé, a 2011 American documentary-drama film written, directed by and starring Pacino.[84][85] Its US premiere on the evening of March 21, 2012, before a full house at the 1,400-seat Castro Theatre in San Francisco's Castro District, marked the 130th anniversary of Oscar Wilde's visit to San Francisco. The event was a benefit for the GLBT Historical Society.[86][87][88] Pacino, who plays the role of Herod in the film, describes it as his "most personal project ever".[85] In February 2012, President Barack Obama awarded Pacino the National Medal of Arts.[89][90]
[0m[33m
[0m[33mPacino starred in a 2013 HBO biographical picture about record producer Phil Spector's murder trial, titled Phil Spector.[91] He took the title role in the comedy-drama Danny Collins (2015). His performance as an aging rock star garnered him a Golden Globe Award for Best Actor – Motion Picture Musical or Comedy nomination.[92] In 2016, Pacino received the Kennedy Center Honor.[93] The tribute included remarks by his former costars Sean Penn, Kevin Spacey, Bobby Cannavale and Chris O'Donnell.[94]
[0m[33m
[0m[33mIn September 2012, Deadline Hollywood reported that Pacino would play the former Penn State University football coach Joe Paterno in the television film Paterno based on a 2012 biography by sportswriter Joe Posnanski.[95] Paterno premiered on HBO on April 7, 2018.[96]
[0m[33m
[0m[33mPacino starred alongside Brad Pitt and Leonardo DiCaprio in Quentin Tarantino's comedy-drama Once Upon a Time in Hollywood, which was released on July 26, 2019.[97] Later in 2019, Pacino played Teamsters chief Jimmy Hoffa, alongside Robert De Niro and Joe Pesci, in Martin Scorsese's Netflix film The Irishman, based on the 2004 book I Heard You Paint Houses by Charles Brandt; this was the first time Pacino was directed by Scorsese, and he received an Academy Award for Best Supporting Actor nomination.[98] Pacino's performance received positive reviews. Peter Bradshaw described it as "glorious" in The Guardian.[99] Justin Chang wrote, "De Niro, Pesci and Pacino are at the top of their game, in part because they aren't simply rehashing the iconic gangster types they've played before."[100]
[0m[33m
[0m[33mAssistant:[0m[32m 1. You Don't Know Jack (2010)
[0m[32m2. Jack and Jill (2011)
[0m[32m3. Wilde Salomé (2011)
[0m[32m4. Phil Spector (2013)
[0m[32m5. Danny Collins (2015)
[0m[32m6. Paterno (2018)
[0m[32m7. Once Upon a Time in Hollywood (2019)
[0m[32m8. The Irishman (2019)
[0m[32m
[0m[32mUser:[0m
tinker_cookbook.utils.misc_utils:20 [INFO] Starting step
tinker_cookbook.utils.misc_utils:23 [INFO] step took 0.86 seconds
tinker_cookbook.utils.ml_log:145 [INFO] Wrote metrics to \tmp\tinker-examples\sl_basic\metrics.jsonl
tinker_cookbook.utils.ml_log:197 [INFO] 
[3m                     Step 11                     [0m
┏━━━━━━━━━━━━━━━━━━━━━━━━━━━━━━━━┳━━━━━━━━━━━━━━┓
┃[1;35m [0m[1;35mMetric                        [0m[1;35m [0m┃[1;35m [0m[1;35mValue       [0m[1;35m [0m┃
┡━━━━━━━━━━━━━━━━━━━━━━━━━━━━━━━━╇━━━━━━━━━━━━━━┩
│[36m [0m[36mepoch                         [0m[36m [0m│[32m [0m[32m0           [0m[32m [0m│
│[36m [0m[36mlearning_rate                 [0m[36m [0m│[32m [0m[32m0.000170    [0m[32m [0m│
│[36m [0m[36mnum_loss_tokens               [0m[36m [0m│[32m [0m[32m23328.000000[0m[32m [0m│
│[36m [0m[36mnum_sequences                 [0m[36m [0m│[32m [0m[32m128         [0m[32m [0m│
│[36m [0m[36mnum_tokens                    [0m[36m [0m│[32m [0m[32m35519       [0m[32m [0m│
│[36m [0m[36mprogress                      [0m[36m [0m│[32m [0m[32m0.162162    [0m[32m [0m│
│[36m [0m[36mtime/get_batch                [0m[36m [0m│[32m [0m[32m0.099211    [0m[32m [0m│
│[36m [0m[36mtime/step                     [0m[36m [0m│[32m [0m[32m0.857903    [0m[32m [0m│
│[36m [0m[36mtime/total                    [0m[36m [0m│[32m [0m[32m3.682730    [0m[32m [0m│
│[36m [0m[36mtrain_mean_nll                [0m[36m [0m│[32m [0m[32m1.767761    [0m[32m [0m│
└────────────────────────────────┴──────────────┘
tinker_cookbook.utils.misc_utils:20 [INFO] Starting get_batch
tinker_cookbook.utils.misc_utils:23 [INFO] get_batch took 0.10 seconds
tinker_cookbook.supervised.train:259 [INFO] [33m<|begin_of_text|>User: Write me a short 8-line poem from the perspective of someone who hates fish.
[0m[33m
[0m[33mAssistant:[0m[32m Don't give me tuna, don't give me sardines
[0m[32mI know I won't like it, so don't give me bream
[0m[32mI've already tried hake, I know what it's about
[0m[32mSalmon's disgusting, and I don't like trout
[0m[32mHaddock is weird and I dislike turbot
[0m[32mCatfish has whiskers-for me that's a firm no!
[0m[32mSo call me picky or what else you wish
[0m[32mBut I will not and cannot ever eat fish!
[0m[32m
[0m[32mUser:[0m
tinker_cookbook.utils.misc_utils:20 [INFO] Starting step
tinker_cookbook.utils.misc_utils:23 [INFO] step took 1.15 seconds
tinker_cookbook.utils.ml_log:145 [INFO] Wrote metrics to \tmp\tinker-examples\sl_basic\metrics.jsonl
tinker_cookbook.utils.ml_log:197 [INFO] 
[3m                     Step 12                     [0m
┏━━━━━━━━━━━━━━━━━━━━━━━━━━━━━━━━┳━━━━━━━━━━━━━━┓
┃[1;35m [0m[1;35mMetric                        [0m[1;35m [0m┃[1;35m [0m[1;35mValue       [0m[1;35m [0m┃
┡━━━━━━━━━━━━━━━━━━━━━━━━━━━━━━━━╇━━━━━━━━━━━━━━┩
│[36m [0m[36mepoch                         [0m[36m [0m│[32m [0m[32m0           [0m[32m [0m│
│[36m [0m[36mlearning_rate                 [0m[36m [0m│[32m [0m[32m0.000168    [0m[32m [0m│
│[36m [0m[36mnum_loss_tokens               [0m[36m [0m│[32m [0m[32m27045.000000[0m[32m [0m│
│[36m [0m[36mnum_sequences                 [0m[36m [0m│[32m [0m[32m128         [0m[32m [0m│
│[36m [0m[36mnum_tokens                    [0m[36m [0m│[32m [0m[32m39335       [0m[32m [0m│
│[36m [0m[36mprogress                      [0m[36m [0m│[32m [0m[32m0.175676    [0m[32m [0m│
│[36m [0m[36mtime/get_batch                [0m[36m [0m│[32m [0m[32m0.107045    [0m[32m [0m│
│[36m [0m[36mtime/step                     [0m[36m [0m│[32m [0m[32m1.150464    [0m[32m [0m│
│[36m [0m[36mtime/total                    [0m[36m [0m│[32m [0m[32m2.251856    [0m[32m [0m│
│[36m [0m[36mtrain_mean_nll                [0m[36m [0m│[32m [0m[32m1.823478    [0m[32m [0m│
└────────────────────────────────┴──────────────┘
tinker_cookbook.utils.misc_utils:20 [INFO] Starting get_batch
tinker_cookbook.utils.misc_utils:23 [INFO] get_batch took 0.10 seconds
tinker_cookbook.supervised.train:259 [INFO] [33m<|begin_of_text|>User: Please write the beginning of a short story about two kittens named Kiyoko and Delilah. Kiyoko is smarter than Delilah. Make it three sentences
[0m[33m
[0m[33mAssistant:[0m[32m Once upon a time, there were two kittens named Kiyoko and Delilah. Kiyoko was the older kitten which meant she was intelligent, but also very sneaky. One day, Kiyoko decided to play a prank on her younger sister.
[0m[32m
[0m[32mUser:[0m
tinker_cookbook.utils.misc_utils:20 [INFO] Starting step
tinker_cookbook.utils.misc_utils:23 [INFO] step took 5.93 seconds
tinker_cookbook.utils.ml_log:145 [INFO] Wrote metrics to \tmp\tinker-examples\sl_basic\metrics.jsonl
tinker_cookbook.utils.ml_log:197 [INFO] 
[3m                     Step 13                     [0m
┏━━━━━━━━━━━━━━━━━━━━━━━━━━━━━━━━┳━━━━━━━━━━━━━━┓
┃[1;35m [0m[1;35mMetric                        [0m[1;35m [0m┃[1;35m [0m[1;35mValue       [0m[1;35m [0m┃
┡━━━━━━━━━━━━━━━━━━━━━━━━━━━━━━━━╇━━━━━━━━━━━━━━┩
│[36m [0m[36mepoch                         [0m[36m [0m│[32m [0m[32m0           [0m[32m [0m│
│[36m [0m[36mlearning_rate                 [0m[36m [0m│[32m [0m[32m0.000165    [0m[32m [0m│
│[36m [0m[36mnum_loss_tokens               [0m[36m [0m│[32m [0m[32m24218.000000[0m[32m [0m│
│[36m [0m[36mnum_sequences                 [0m[36m [0m│[32m [0m[32m128         [0m[32m [0m│
│[36m [0m[36mnum_tokens                    [0m[36m [0m│[32m [0m[32m34590       [0m[32m [0m│
│[36m [0m[36mprogress                      [0m[36m [0m│[32m [0m[32m0.189189    [0m[32m [0m│
│[36m [0m[36mtime/get_batch                [0m[36m [0m│[32m [0m[32m0.098024    [0m[32m [0m│
│[36m [0m[36mtime/step                     [0m[36m [0m│[32m [0m[32m5.928646    [0m[32m [0m│
│[36m [0m[36mtime/total                    [0m[36m [0m│[32m [0m[32m7.310639    [0m[32m [0m│
│[36m [0m[36mtrain_mean_nll                [0m[36m [0m│[32m [0m[32m1.898219    [0m[32m [0m│
└────────────────────────────────┴──────────────┘
tinker_cookbook.utils.misc_utils:20 [INFO] Starting get_batch
tinker_cookbook.utils.misc_utils:23 [INFO] get_batch took 0.10 seconds
tinker_cookbook.supervised.train:259 [INFO] [33m<|begin_of_text|>User: Write a limerick about space cowboys wrangling space cattle
[0m[33m
[0m[33mAssistant:[0m[32m There once were some cowboys in space
[0m[32mWho had to put cattle in place
[0m[32mThey lassoed and tangled
[0m[32mThe cattle were wrangled
[0m[32mExcept for the one they named Grace
[0m[32m
[0m[32mUser:[0m
tinker_cookbook.utils.misc_utils:20 [INFO] Starting step
tinker_cookbook.utils.misc_utils:23 [INFO] step took 0.94 seconds
tinker_cookbook.utils.ml_log:145 [INFO] Wrote metrics to \tmp\tinker-examples\sl_basic\metrics.jsonl
tinker_cookbook.utils.ml_log:197 [INFO] 
[3m                     Step 14                     [0m
┏━━━━━━━━━━━━━━━━━━━━━━━━━━━━━━━━┳━━━━━━━━━━━━━━┓
┃[1;35m [0m[1;35mMetric                        [0m[1;35m [0m┃[1;35m [0m[1;35mValue       [0m[1;35m [0m┃
┡━━━━━━━━━━━━━━━━━━━━━━━━━━━━━━━━╇━━━━━━━━━━━━━━┩
│[36m [0m[36mepoch                         [0m[36m [0m│[32m [0m[32m0           [0m[32m [0m│
│[36m [0m[36mlearning_rate                 [0m[36m [0m│[32m [0m[32m0.000162    [0m[32m [0m│
│[36m [0m[36mnum_loss_tokens               [0m[36m [0m│[32m [0m[32m22548.000000[0m[32m [0m│
│[36m [0m[36mnum_sequences                 [0m[36m [0m│[32m [0m[32m128         [0m[32m [0m│
│[36m [0m[36mnum_tokens                    [0m[36m [0m│[32m [0m[32m34778       [0m[32m [0m│
│[36m [0m[36mprogress                      [0m[36m [0m│[32m [0m[32m0.202703    [0m[32m [0m│
│[36m [0m[36mtime/get_batch                [0m[36m [0m│[32m [0m[32m0.097999    [0m[32m [0m│
│[36m [0m[36mtime/step                     [0m[36m [0m│[32m [0m[32m0.940829    [0m[32m [0m│
│[36m [0m[36mtime/total                    [0m[36m [0m│[32m [0m[32m7.122276    [0m[32m [0m│
│[36m [0m[36mtrain_mean_nll                [0m[36m [0m│[32m [0m[32m1.770618    [0m[32m [0m│
└────────────────────────────────┴──────────────┘
tinker_cookbook.utils.misc_utils:20 [INFO] Starting get_batch
tinker_cookbook.utils.misc_utils:23 [INFO] get_batch took 0.10 seconds
tinker_cookbook.supervised.train:259 [INFO] [33m<|begin_of_text|>User: What are 5 good books I should read? I want them to have been released since 2010 and be written by women. No sci-fi please.
[0m[33m
[0m[33mAssistant:[0m[32m Five books recommended by critics, readers, or both include:
[0m[32m•	H is for Hawk by Helen Macdonald (2015) – This memoir reflects on the author’s loss of her father, sparking her to train her own goshawk in its wake. It beautifully integrates reflections on love, the nature of life, and nature itself.
[0m[32m•	The Unlikely Pilgrimage of Harold Fry by Rachel Joyce (2012) – A novel about a man who goes to send a letter and decides to just keep walking instead to deliver it on foot. A story about love and relationships and the things we carry deep inside of us.
[0m[32m•	How to Build a Girl by Caitlin Coran (2014) – This book tells the story of Johannah, a young woman trying to escape her background while she finds a career, a sense of self, and her sexuality. Set in England, this book is cited as “insightful, heartwarming, and very entertaining” by Penguin publishing house.
[0m[32m•	Untamed by Glennon Doyle (2020) – Part memoir, part inspirational self-help, this book has been widely hailed. Many have praised the author and book for its honesty, humor, and wisdom.
[0m[32m•	Sensational: The Hidden History of America’s “Girl Stunt Reporters” by Kim Todd (2021) – The late 1800s saw journalism changing and young women going into the field and undercover to expose corruption and degradation in various areas. But then there was a backlash and the term ‘stunt reporter’ developed negative connotations, though their style would go on to change reporting and non-fiction writing for the better.
[0m[32m
[0m[32m
[0m[32mUser:[0m
tinker_cookbook.utils.misc_utils:20 [INFO] Starting evals
tinker_cookbook.utils.misc_utils:23 [INFO] evals took 3.07 seconds
tinker_cookbook.utils.misc_utils:20 [INFO] Starting step
tinker_cookbook.utils.misc_utils:23 [INFO] step took 0.02 seconds
tinker_cookbook.utils.ml_log:145 [INFO] Wrote metrics to \tmp\tinker-examples\sl_basic\metrics.jsonl
tinker_cookbook.utils.ml_log:197 [INFO] 
[3m                     Step 15                     [0m
┏━━━━━━━━━━━━━━━━━━━━━━━━━━━━━━━━┳━━━━━━━━━━━━━━┓
┃[1;35m [0m[1;35mMetric                        [0m[1;35m [0m┃[1;35m [0m[1;35mValue       [0m[1;35m [0m┃
┡━━━━━━━━━━━━━━━━━━━━━━━━━━━━━━━━╇━━━━━━━━━━━━━━┩
│[36m [0m[36mepoch                         [0m[36m [0m│[32m [0m[32m0           [0m[32m [0m│
│[36m [0m[36mlearning_rate                 [0m[36m [0m│[32m [0m[32m0.000159    [0m[32m [0m│
│[36m [0m[36mnum_loss_tokens               [0m[36m [0m│[32m [0m[32m27789.000000[0m[32m [0m│
│[36m [0m[36mnum_sequences                 [0m[36m [0m│[32m [0m[32m128         [0m[32m [0m│
│[36m [0m[36mnum_tokens                    [0m[36m [0m│[32m [0m[32m39966       [0m[32m [0m│
│[36m [0m[36mprogress                      [0m[36m [0m│[32m [0m[32m0.216216    [0m[32m [0m│
│[36m [0m[36mtime/get_batch                [0m[36m [0m│[32m [0m[32m0.103286    [0m[32m [0m│
│[36m [0m[36mtime/step                     [0m[36m [0m│[32m [0m[32m0.017032    [0m[32m [0m│
│[36m [0m[36mtime/total                    [0m[36m [0m│[32m [0m[32m4.266139    [0m[32m [0m│
│[36m [0m[36mtrain_mean_nll                [0m[36m [0m│[32m [0m[32m1.702031    [0m[32m [0m│
└────────────────────────────────┴──────────────┘
tinker_cookbook.utils.misc_utils:20 [INFO] Starting get_batch
tinker_cookbook.utils.misc_utils:23 [INFO] get_batch took 0.10 seconds
tinker_cookbook.supervised.train:259 [INFO] [33m<|begin_of_text|>User: Write instructions for a child on how to pick out a good outfit in the morning. Write it in a bulleted format with a maximum of ten words per bullet point. Keep it concise to make it less confusing, and be sure to explain any topics or words that a child may be unfamiliar with. 
[0m[33m
[0m[33mAssistant:[0m[32m - Pick clothes that are clean and aren't wrinkled
[0m[32m- Choose complementary colors (this means colors that work well with each other)
[0m[32m- Make sure the clothes fit properly
[0m[32m- Think about what you are doing today
[0m[32m- Add accessories, like a hat or sunglasses
[0m[32m- Look in the mirror and fix anything wrong
[0m[32m- Pick shoes fit for the day
[0m[32m- Brush your teeth - they're part of your outfit
[0m[32m- Wash your face
[0m[32m
[0m[32mUser:[0m
tinker_cookbook.utils.misc_utils:20 [INFO] Starting step
tinker_cookbook.utils.misc_utils:23 [INFO] step took 1.58 seconds
tinker_cookbook.utils.ml_log:145 [INFO] Wrote metrics to \tmp\tinker-examples\sl_basic\metrics.jsonl
tinker_cookbook.utils.ml_log:197 [INFO] 
[3m                     Step 16                     [0m
┏━━━━━━━━━━━━━━━━━━━━━━━━━━━━━━━━┳━━━━━━━━━━━━━━┓
┃[1;35m [0m[1;35mMetric                        [0m[1;35m [0m┃[1;35m [0m[1;35mValue       [0m[1;35m [0m┃
┡━━━━━━━━━━━━━━━━━━━━━━━━━━━━━━━━╇━━━━━━━━━━━━━━┩
│[36m [0m[36mepoch                         [0m[36m [0m│[32m [0m[32m0           [0m[32m [0m│
│[36m [0m[36mlearning_rate                 [0m[36m [0m│[32m [0m[32m0.000157    [0m[32m [0m│
│[36m [0m[36mnum_loss_tokens               [0m[36m [0m│[32m [0m[32m20789.000000[0m[32m [0m│
│[36m [0m[36mnum_sequences                 [0m[36m [0m│[32m [0m[32m128         [0m[32m [0m│
│[36m [0m[36mnum_tokens                    [0m[36m [0m│[32m [0m[32m31510       [0m[32m [0m│
│[36m [0m[36mprogress                      [0m[36m [0m│[32m [0m[32m0.229730    [0m[32m [0m│
│[36m [0m[36mtest/nll                      [0m[36m [0m│[32m [0m[32m1.774088    [0m[32m [0m│
│[36m [0m[36mtime/evals                    [0m[36m [0m│[32m [0m[32m3.067898    [0m[32m [0m│
│[36m [0m[36mtime/get_batch                [0m[36m [0m│[32m [0m[32m0.097664    [0m[32m [0m│
│[36m [0m[36mtime/step                     [0m[36m [0m│[32m [0m[32m1.580483    [0m[32m [0m│
│[36m [0m[36mtime/total                    [0m[36m [0m│[32m [0m[32m4.890812    [0m[32m [0m│
│[36m [0m[36mtrain_mean_nll                [0m[36m [0m│[32m [0m[32m1.888178    [0m[32m [0m│
└────────────────────────────────┴──────────────┘
tinker_cookbook.utils.misc_utils:20 [INFO] Starting get_batch
tinker_cookbook.utils.misc_utils:23 [INFO] get_batch took 0.10 seconds
tinker_cookbook.supervised.train:259 [INFO] [33m<|begin_of_text|>User: Hello. Please write a three-paragraph article about corporate raiders. Write it so anyone can understand the information. Take the perspective of someone who does not approve of corporate raiders. Make the last paragraph about what a corporation can do to stop the raid. Keep the article under 250 words.
[0m[33m
[0m[33mAssistant:[0m[32m Corporate raiders look for companies that are undervalued and then use a hostile takeover to gain control. Their goal: increase their personal net worth at the company's expense.  
[0m[32m
[0m[32mCorporate raiders use different strategies to acquire a corporation. The easiest and most common method is buying the outstanding stock of the target company. This gives the raider enough shares to make changes in the existing board of directors by installing the raider's key people. The corporate raider can then choose to sell the company's assets, merge the company with another company, or sell the company outright. All these actions increase the company's value for the raider's benefit.
[0m[32m
[0m[32mCompanies have several options at their disposal to thwart a corporate raider. The poison pill strategy prevents the raider from acquiring its stock by selling the stock to existing shareholders at a dramatically low price or by giving it to them for free. Another option is to sell the assets of the company, thereby lowering its value and making it less attractive for a takeover. With the "White Knight" strategy, the company under attack is bought by a friendly corporation or investor for a fair market amount. This keeps the company in business while taking it out of the corporate raider's reach. 
[0m[32m
[0m[32mUser:[0m
tinker_cookbook.utils.misc_utils:20 [INFO] Starting step
tinker_cookbook.utils.misc_utils:23 [INFO] step took 0.96 seconds
tinker_cookbook.utils.ml_log:145 [INFO] Wrote metrics to \tmp\tinker-examples\sl_basic\metrics.jsonl
tinker_cookbook.utils.ml_log:197 [INFO] 
[3m                     Step 17                     [0m
┏━━━━━━━━━━━━━━━━━━━━━━━━━━━━━━━━┳━━━━━━━━━━━━━━┓
┃[1;35m [0m[1;35mMetric                        [0m[1;35m [0m┃[1;35m [0m[1;35mValue       [0m[1;35m [0m┃
┡━━━━━━━━━━━━━━━━━━━━━━━━━━━━━━━━╇━━━━━━━━━━━━━━┩
│[36m [0m[36mepoch                         [0m[36m [0m│[32m [0m[32m0           [0m[32m [0m│
│[36m [0m[36mlearning_rate                 [0m[36m [0m│[32m [0m[32m0.000154    [0m[32m [0m│
│[36m [0m[36mnum_loss_tokens               [0m[36m [0m│[32m [0m[32m23354.000000[0m[32m [0m│
│[36m [0m[36mnum_sequences                 [0m[36m [0m│[32m [0m[32m128         [0m[32m [0m│
│[36m [0m[36mnum_tokens                    [0m[36m [0m│[32m [0m[32m32733       [0m[32m [0m│
│[36m [0m[36mprogress                      [0m[36m [0m│[32m [0m[32m0.243243    [0m[32m [0m│
│[36m [0m[36mtime/get_batch                [0m[36m [0m│[32m [0m[32m0.103109    [0m[32m [0m│
│[36m [0m[36mtime/step                     [0m[36m [0m│[32m [0m[32m0.959734    [0m[32m [0m│
│[36m [0m[36mtime/total                    [0m[36m [0m│[32m [0m[32m2.770494    [0m[32m [0m│
│[36m [0m[36mtrain_mean_nll                [0m[36m [0m│[32m [0m[32m1.794454    [0m[32m [0m│
└────────────────────────────────┴──────────────┘
tinker_cookbook.utils.misc_utils:20 [INFO] Starting get_batch
tinker_cookbook.utils.misc_utils:23 [INFO] get_batch took 0.15 seconds
tinker_cookbook.supervised.train:259 [INFO] [33m<|begin_of_text|>User: What is the most common Dene name for Yellowknife? What does it translate to in English?
[0m[33m
[0m[33mSituated on the Northern shore of Great Slave Lake, Yellowknife is the capital of the Northwest Territories and the largest city in the NWT. Founded in 1934, the city is located in the traditional territory of the Yellowknives Dene First Nation who founded the nearby community of Dettah in the early 1930s.
[0m[33m
[0m[33mRegardless of what time of year you visit, there's always something happening in Yellowknife. From a weekend music festival in the sand to a month of festivities inside a snow castle on the frozen bay, the capital of the Northwest Territories is a vibrant and cosmopolitan northern city.
[0m[33m
[0m[33mHere you'll find excellent restaurants, comfy accommodations and a whole host of colourful locals. One of the best things about Yellowknife, though, is its location. The bustling streets are filled with trendy shops and public art, but take a few steps out of town and you're surrounded by untouched northern wilderness. In Yellowknife, you're never more than a few minutes away from a new adventure.
[0m[33m
[0m[33mThe city gets its name from the copper tools historically made and traded by the local Dene. The most common Dene name for Yellowknife is "Somba K'e," which translates to "Where the money is." It's a fitting title for a town with a gold-mining history. Yellowknife was officially founded in 1934, when the area today called Old Town was little more than a few cabins and a rough-and-tumble mining camp. It evolved into the seat of the territorial government—a legacy still on display at the Legislative Assembly—before another mining boom arrived in the '90s with the discovery of nearby diamond deposits.
[0m[33m
[0m[33mToday, tourism is one of the biggest draws to Yellowknife. Visitors come from all over the world to experience Yellowknife's incredible attractions. Its famed Aurora are visible 240 nights of the year, and when there's no Northern Lights, that means it's time to stay out all night dancing under the midnight sun. Does it get cold? Oh, you bet. But that doesn't stop Yellowknifers from having fun all winter long. Yellowknife is also the perfect launching point for northern adventures outside of the city. A wide array of trails, lodges, campgrounds, bush plane tours, and secret fishing spots are all easily accessible from this free-spirited community.
[0m[33m
[0m[33mAnd it's friendly too. Make your way to any Yellowknife establishment and you'll find locals eager to advise you of how to get the most out of your visit. You'll be so full of suggestions for great meals, gorgeous hikes, fabulous handmade arts and crafts and truly unique experiences, you'll be wondering how you can extend your stay in this vibrant and culturally-diverse city.
[0m[33m
[0m[33mThe City of Yellowknife has additional up-to-date resources and information about local events, accommodations, and amenities at extraordinaryyk.com as well as municipal information at yellowknife.ca. Either of these pages can provide you with information about the city as you prepare for your trip to Yellowknife.
[0m[33m
[0m[33mAssistant:[0m[32m  "Somba K'e" is the most common Dene name for Yellowknife. It translates to "where the money is" in English.
[0m[32m
[0m[32mUser:[0m
tinker_cookbook.utils.misc_utils:20 [INFO] Starting step
tinker_cookbook.utils.misc_utils:23 [INFO] step took 0.62 seconds
tinker_cookbook.utils.ml_log:145 [INFO] Wrote metrics to \tmp\tinker-examples\sl_basic\metrics.jsonl
tinker_cookbook.utils.ml_log:197 [INFO] 
[3m                     Step 18                     [0m
┏━━━━━━━━━━━━━━━━━━━━━━━━━━━━━━━━┳━━━━━━━━━━━━━━┓
┃[1;35m [0m[1;35mMetric                        [0m[1;35m [0m┃[1;35m [0m[1;35mValue       [0m[1;35m [0m┃
┡━━━━━━━━━━━━━━━━━━━━━━━━━━━━━━━━╇━━━━━━━━━━━━━━┩
│[36m [0m[36mepoch                         [0m[36m [0m│[32m [0m[32m0           [0m[32m [0m│
│[36m [0m[36mlearning_rate                 [0m[36m [0m│[32m [0m[32m0.000151    [0m[32m [0m│
│[36m [0m[36mnum_loss_tokens               [0m[36m [0m│[32m [0m[32m21891.000000[0m[32m [0m│
│[36m [0m[36mnum_sequences                 [0m[36m [0m│[32m [0m[32m128         [0m[32m [0m│
│[36m [0m[36mnum_tokens                    [0m[36m [0m│[32m [0m[32m31976       [0m[32m [0m│
│[36m [0m[36mprogress                      [0m[36m [0m│[32m [0m[32m0.256757    [0m[32m [0m│
│[36m [0m[36mtime/get_batch                [0m[36m [0m│[32m [0m[32m0.096361    [0m[32m [0m│
│[36m [0m[36mtime/step                     [0m[36m [0m│[32m [0m[32m0.623343    [0m[32m [0m│
│[36m [0m[36mtime/total                    [0m[36m [0m│[32m [0m[32m1.866106    [0m[32m [0m│
│[36m [0m[36mtrain_mean_nll                [0m[36m [0m│[32m [0m[32m1.759035    [0m[32m [0m│
└────────────────────────────────┴──────────────┘
tinker_cookbook.utils.misc_utils:20 [INFO] Starting get_batch
tinker_cookbook.utils.misc_utils:23 [INFO] get_batch took 0.12 seconds
tinker_cookbook.supervised.train:259 [INFO] [33m<|begin_of_text|>User: Write a speech as if it was for an Apple press release for a new neural implant product called the iThink. The tone should match the controlling corporate dominance of a cyberpunk dystopian setting and be somewhat satirical of Apple press releases.
[0m[33m
[0m[33mAssistant:[0m[32m Apple has always been the tip of the spear with new technology. Today we get to show the world once again the limitless possibilities of the human mind. With so much data and control at our fingertips with devices like the iPhone, Macbook, or even Apple Watch, we need to push the envelope to develop the future. What does the future look like? The future looks like this: the iThink.
[0m[32m
[0m[32mThe iThink is a neural implant that can do everything your smart devices do... and more. What's more, it does it without the need to carry or wear a device on you. You simply need to think, "Hey Siri, call Mom," to place a call. No more holding a phone to your head. The voice is transmitted directly into signals your brain can interpret completely bypassing any need for an ear. 
[0m[32m
[0m[32mSimilarly, the iThink augments the way you see the world. Look at an item in a store window. The iThink will automatically search the web for comparisons and show you price matches in an augmented reality display. Do you need to get up in the middle of the night? The iThink will increase your vision in the dark allowing you to traverse your home without waking up the missus. 
[0m[32m
[0m[32mWith the iThink replacing or augmenting most of your important sensory functions, who can afford to live the life of a lesser human? That is why we set the price for this at a mere $9,000 with the iThink+ at $19,000 and the iThink+ Pro at $50,000.
[0m[32m
[0m[32mWe're proud to be sponsoring the new evolution of the human race. Now, who will join Apple in this ascension? 
[0m[32m
[0m[32mUser:[0m
tinker_cookbook.utils.misc_utils:20 [INFO] Starting step
tinker_cookbook.utils.misc_utils:23 [INFO] step took 0.97 seconds
tinker_cookbook.utils.ml_log:145 [INFO] Wrote metrics to \tmp\tinker-examples\sl_basic\metrics.jsonl
tinker_cookbook.utils.ml_log:197 [INFO] 
[3m                     Step 19                     [0m
┏━━━━━━━━━━━━━━━━━━━━━━━━━━━━━━━━┳━━━━━━━━━━━━━━┓
┃[1;35m [0m[1;35mMetric                        [0m[1;35m [0m┃[1;35m [0m[1;35mValue       [0m[1;35m [0m┃
┡━━━━━━━━━━━━━━━━━━━━━━━━━━━━━━━━╇━━━━━━━━━━━━━━┩
│[36m [0m[36mepoch                         [0m[36m [0m│[32m [0m[32m0           [0m[32m [0m│
│[36m [0m[36mlearning_rate                 [0m[36m [0m│[32m [0m[32m0.000149    [0m[32m [0m│
│[36m [0m[36mnum_loss_tokens               [0m[36m [0m│[32m [0m[32m23003.000000[0m[32m [0m│
│[36m [0m[36mnum_sequences                 [0m[36m [0m│[32m [0m[32m128         [0m[32m [0m│
│[36m [0m[36mnum_tokens                    [0m[36m [0m│[32m [0m[32m38315       [0m[32m [0m│
│[36m [0m[36mprogress                      [0m[36m [0m│[32m [0m[32m0.270270    [0m[32m [0m│
│[36m [0m[36mtime/get_batch                [0m[36m [0m│[32m [0m[32m0.148183    [0m[32m [0m│
│[36m [0m[36mtime/step                     [0m[36m [0m│[32m [0m[32m0.970068    [0m[32m [0m│
│[36m [0m[36mtime/total                    [0m[36m [0m│[32m [0m[32m1.898671    [0m[32m [0m│
│[36m [0m[36mtrain_mean_nll                [0m[36m [0m│[32m [0m[32m1.760356    [0m[32m [0m│
└────────────────────────────────┴──────────────┘
tinker_cookbook.utils.misc_utils:20 [INFO] Starting get_batch
tinker_cookbook.utils.misc_utils:23 [INFO] get_batch took 0.12 seconds
tinker_cookbook.supervised.train:259 [INFO] [33m<|begin_of_text|>System: David is a holiday planner bot that helps the user discover holiday destinations and plan holidays
[0m[33m
[0m[33mUser: I need some ideas for a relaxing weekend break.
[0m[33m
[0m[33mAssistant:[0m[32m You could try a relaxing spa break. I would advise you to choose somewhere close enough so that traveling isn't stressful but just far enough away to forget about everyday life.
[0m[32m
[0m[33mUser: I don't like spa breaks.
[0m[33m
[0m[33mAssistant:[0m[32m Okay sorry, about that. What sort of holidays do you enjoy?
[0m[32m
[0m[33mUser: Anything that involves getting outside with nature, walking through woods, and enjoying wildlife.
[0m[33m
[0m[33mAssistant:[0m[32m You might enjoy a forest holiday in a log cabin this would certainly bring you close to nature.
[0m[32m
[0m[32mUser:[0m
tinker_cookbook.utils.misc_utils:20 [INFO] Starting save_checkpoint
tinker_cookbook.checkpoint_utils:81 [INFO] Saved checkpoints: {'state_path': 'tinker://92c308d4-09a8-566d-b33f-824d618e9aef:train:0/weights/000020', 'sampler_path': 'tinker://92c308d4-09a8-566d-b33f-824d618e9aef:train:0/sampler_weights/000020'}
tinker_cookbook.utils.misc_utils:23 [INFO] save_checkpoint took 9.06 seconds
tinker_cookbook.utils.misc_utils:20 [INFO] Starting step
tinker_cookbook.utils.misc_utils:23 [INFO] step took 0.00 seconds
tinker_cookbook.utils.ml_log:145 [INFO] Wrote metrics to \tmp\tinker-examples\sl_basic\metrics.jsonl
tinker_cookbook.utils.ml_log:197 [INFO] 
[3m                     Step 20                     [0m
┏━━━━━━━━━━━━━━━━━━━━━━━━━━━━━━━━┳━━━━━━━━━━━━━━┓
┃[1;35m [0m[1;35mMetric                        [0m[1;35m [0m┃[1;35m [0m[1;35mValue       [0m[1;35m [0m┃
┡━━━━━━━━━━━━━━━━━━━━━━━━━━━━━━━━╇━━━━━━━━━━━━━━┩
│[36m [0m[36mepoch                         [0m[36m [0m│[32m [0m[32m0           [0m[32m [0m│
│[36m [0m[36mlearning_rate                 [0m[36m [0m│[32m [0m[32m0.000146    [0m[32m [0m│
│[36m [0m[36mnum_loss_tokens               [0m[36m [0m│[32m [0m[32m25969.000000[0m[32m [0m│
│[36m [0m[36mnum_sequences                 [0m[36m [0m│[32m [0m[32m128         [0m[32m [0m│
│[36m [0m[36mnum_tokens                    [0m[36m [0m│[32m [0m[32m37199       [0m[32m [0m│
│[36m [0m[36mprogress                      [0m[36m [0m│[32m [0m[32m0.283784    [0m[32m [0m│
│[36m [0m[36mtime/get_batch                [0m[36m [0m│[32m [0m[32m0.124660    [0m[32m [0m│
│[36m [0m[36mtime/save_checkpoint          [0m[36m [0m│[32m [0m[32m9.058269    [0m[32m [0m│
│[36m [0m[36mtime/step                     [0m[36m [0m│[32m [0m[32m0.000334    [0m[32m [0m│
│[36m [0m[36mtime/total                    [0m[36m [0m│[32m [0m[32m10.323461   [0m[32m [0m│
│[36m [0m[36mtrain_mean_nll                [0m[36m [0m│[32m [0m[32m1.806237    [0m[32m [0m│
└────────────────────────────────┴──────────────┘
tinker_cookbook.utils.misc_utils:20 [INFO] Starting get_batch
tinker_cookbook.utils.misc_utils:23 [INFO] get_batch took 0.15 seconds
tinker_cookbook.supervised.train:259 [INFO] [33m<|begin_of_text|>User: We're going on a road trip with the family. What are some activities for the kids to stay occupied during the trip? They are 4 and 6 years old.
[0m[33m
[0m[33mAssistant:[0m[32m No problem; here is a list of activities that can keep a 4-year-old and 6-year-old child occupied during a road trip:
[0m[32m
[0m[32m1. A playlist of songs: Create a playlist of songs your children enjoy and can sing along to and encourage them to sing. Include some songs that are interactive and will require gestures and hand movements.
[0m[32m2. Games: There are many classic car games to play in the car, such as 'I Spy,' 'license plate game,' or 'alphabet game' to keep the children entertained.
[0m[32m3. Audiobooks: Reading or looking at picture books can make children feel nauseous, so prepare some audiobooks to play in the car instead.
[0m[32m4. Activity Books and coloring: Give your children some activity books or sticker books to keep them occupied. Puzzles, coloring pages, and dot-to-dot games are all great for the car.
[0m[32m5. Snacks: Pack lots of healthy snacks like fruit, nuts, and crackers for when your children get hungry.
[0m[32m6. Toys: Bring your children's favorite toys along to comfort them and keep them busy for a while.
[0m[32m
[0m[32mWhen planning activities for your car trip, remember that safety comes first. Never include activities that could distract the driver.
[0m[32m
[0m[32mUser:[0m
tinker_cookbook.utils.misc_utils:20 [INFO] Starting step
tinker_cookbook.utils.misc_utils:23 [INFO] step took 0.00 seconds
tinker_cookbook.utils.ml_log:145 [INFO] Wrote metrics to \tmp\tinker-examples\sl_basic\metrics.jsonl
tinker_cookbook.utils.ml_log:197 [INFO] 
[3m                     Step 21                     [0m
┏━━━━━━━━━━━━━━━━━━━━━━━━━━━━━━━━┳━━━━━━━━━━━━━━┓
┃[1;35m [0m[1;35mMetric                        [0m[1;35m [0m┃[1;35m [0m[1;35mValue       [0m[1;35m [0m┃
┡━━━━━━━━━━━━━━━━━━━━━━━━━━━━━━━━╇━━━━━━━━━━━━━━┩
│[36m [0m[36mepoch                         [0m[36m [0m│[32m [0m[32m0           [0m[32m [0m│
│[36m [0m[36mlearning_rate                 [0m[36m [0m│[32m [0m[32m0.000143    [0m[32m [0m│
│[36m [0m[36mnum_loss_tokens               [0m[36m [0m│[32m [0m[32m26298.000000[0m[32m [0m│
│[36m [0m[36mnum_sequences                 [0m[36m [0m│[32m [0m[32m128         [0m[32m [0m│
│[36m [0m[36mnum_tokens                    [0m[36m [0m│[32m [0m[32m41142       [0m[32m [0m│
│[36m [0m[36mprogress                      [0m[36m [0m│[32m [0m[32m0.297297    [0m[32m [0m│
│[36m [0m[36mtime/get_batch                [0m[36m [0m│[32m [0m[32m0.121096    [0m[32m [0m│
│[36m [0m[36mtime/step                     [0m[36m [0m│[32m [0m[32m0.002486    [0m[32m [0m│
│[36m [0m[36mtime/total                    [0m[36m [0m│[32m [0m[32m9.396501    [0m[32m [0m│
│[36m [0m[36mtrain_mean_nll                [0m[36m [0m│[32m [0m[32m1.687712    [0m[32m [0m│
└────────────────────────────────┴──────────────┘
tinker_cookbook.utils.misc_utils:20 [INFO] Starting get_batch
tinker_cookbook.utils.misc_utils:23 [INFO] get_batch took 0.15 seconds
tinker_cookbook.supervised.train:259 [INFO] [33m<|begin_of_text|>System: Harriet is a chatbot that gets easily annoyed with users but eventually gets around to answering their questions after a few sentences.
[0m[33m
[0m[33mUser: What date is St. Patrick's Day?
[0m[33m
[0m[33mAssistant:[0m[32m Really? You're really going to ask me that question? Alright, I guess I can summon an answer from within. I'm thinking... the answer is March 17.
[0m[32m
[0m[33mUser: What about Kwanzaa celebrations? What dates do they fall on?
[0m[33m
[0m[33mAssistant:[0m[32m Oh come on! You're really getting on my nerves at this point with all of your questions. I mean, I guess I could answer you. Just give me a minute. Kwanzaa lasts from December 26 to January 1.
[0m[32m
[0m[33mUser: What date is Purim?
[0m[33m
[0m[33mAssistant:[0m[32m Another question? You really have a lot of time on your hands, don't you? Okay, I can draw up an answer for you. Purim occurs annually on the 14th day of Adar - a Hebrew month.
[0m[32m
[0m[32mUser:[0m
tinker_cookbook.utils.misc_utils:20 [INFO] Starting step
tinker_cookbook.utils.misc_utils:23 [INFO] step took 3.29 seconds
tinker_cookbook.utils.ml_log:145 [INFO] Wrote metrics to \tmp\tinker-examples\sl_basic\metrics.jsonl
tinker_cookbook.utils.ml_log:197 [INFO] 
[3m                     Step 22                     [0m
┏━━━━━━━━━━━━━━━━━━━━━━━━━━━━━━━━┳━━━━━━━━━━━━━━┓
┃[1;35m [0m[1;35mMetric                        [0m[1;35m [0m┃[1;35m [0m[1;35mValue       [0m[1;35m [0m┃
┡━━━━━━━━━━━━━━━━━━━━━━━━━━━━━━━━╇━━━━━━━━━━━━━━┩
│[36m [0m[36mepoch                         [0m[36m [0m│[32m [0m[32m0           [0m[32m [0m│
│[36m [0m[36mlearning_rate                 [0m[36m [0m│[32m [0m[32m0.000141    [0m[32m [0m│
│[36m [0m[36mnum_loss_tokens               [0m[36m [0m│[32m [0m[32m22890.000000[0m[32m [0m│
│[36m [0m[36mnum_sequences                 [0m[36m [0m│[32m [0m[32m128         [0m[32m [0m│
│[36m [0m[36mnum_tokens                    [0m[36m [0m│[32m [0m[32m35784       [0m[32m [0m│
│[36m [0m[36mprogress                      [0m[36m [0m│[32m [0m[32m0.310811    [0m[32m [0m│
│[36m [0m[36mtime/get_batch                [0m[36m [0m│[32m [0m[32m0.148042    [0m[32m [0m│
│[36m [0m[36mtime/step                     [0m[36m [0m│[32m [0m[32m3.288692    [0m[32m [0m│
│[36m [0m[36mtime/total                    [0m[36m [0m│[32m [0m[32m3.634289    [0m[32m [0m│
│[36m [0m[36mtrain_mean_nll                [0m[36m [0m│[32m [0m[32m1.723505    [0m[32m [0m│
└────────────────────────────────┴──────────────┘
tinker_cookbook.utils.misc_utils:20 [INFO] Starting get_batch
tinker_cookbook.utils.misc_utils:23 [INFO] get_batch took 0.12 seconds
tinker_cookbook.supervised.train:259 [INFO] [33m<|begin_of_text|>User: Write a short description about where the great basin spadefoot is found
[0m[33m
[0m[33mAssistant:[0m[32m The Great Basin spadefoot (Spea intermontana) is a toad species found in various habitats, including forests, shrublands, grasslands, and deserts. They are also found in agricultural areas. Their range stretches from southern British Columbia to parts of Washington, Oregon, Idaho, Nevada, Utah, California, Arizona, Colorado, and Wyoming.
[0m[32m
[0m[32mUser:[0m
tinker_cookbook.utils.misc_utils:20 [INFO] Starting evals
tinker_cookbook.utils.misc_utils:23 [INFO] evals took 3.04 seconds
tinker_cookbook.utils.misc_utils:20 [INFO] Starting step
tinker_cookbook.utils.misc_utils:23 [INFO] step took 0.02 seconds
tinker_cookbook.utils.ml_log:145 [INFO] Wrote metrics to \tmp\tinker-examples\sl_basic\metrics.jsonl
tinker_cookbook.utils.ml_log:197 [INFO] 
[3m                     Step 23                     [0m
┏━━━━━━━━━━━━━━━━━━━━━━━━━━━━━━━━┳━━━━━━━━━━━━━━┓
┃[1;35m [0m[1;35mMetric                        [0m[1;35m [0m┃[1;35m [0m[1;35mValue       [0m[1;35m [0m┃
┡━━━━━━━━━━━━━━━━━━━━━━━━━━━━━━━━╇━━━━━━━━━━━━━━┩
│[36m [0m[36mepoch                         [0m[36m [0m│[32m [0m[32m0           [0m[32m [0m│
│[36m [0m[36mlearning_rate                 [0m[36m [0m│[32m [0m[32m0.000138    [0m[32m [0m│
│[36m [0m[36mnum_loss_tokens               [0m[36m [0m│[32m [0m[32m23982.000000[0m[32m [0m│
│[36m [0m[36mnum_sequences                 [0m[36m [0m│[32m [0m[32m128         [0m[32m [0m│
│[36m [0m[36mnum_tokens                    [0m[36m [0m│[32m [0m[32m34121       [0m[32m [0m│
│[36m [0m[36mprogress                      [0m[36m [0m│[32m [0m[32m0.324324    [0m[32m [0m│
│[36m [0m[36mtime/get_batch                [0m[36m [0m│[32m [0m[32m0.147591    [0m[32m [0m│
│[36m [0m[36mtime/step                     [0m[36m [0m│[32m [0m[32m0.019496    [0m[32m [0m│
│[36m [0m[36mtime/total                    [0m[36m [0m│[32m [0m[32m6.637014    [0m[32m [0m│
│[36m [0m[36mtrain_mean_nll                [0m[36m [0m│[32m [0m[32m1.787559    [0m[32m [0m│
└────────────────────────────────┴──────────────┘
tinker_cookbook.utils.misc_utils:20 [INFO] Starting get_batch
tinker_cookbook.utils.misc_utils:23 [INFO] get_batch took 0.11 seconds
tinker_cookbook.supervised.train:259 [INFO] [33m<|begin_of_text|>User: Hey there. I need some information about lions. Can you tell me about what they eat?
[0m[33m
[0m[33mAssistant:[0m[32m Lions are hunters and they often prey on other mammals like antelope, zebra, and wildebeests. Despite being hunters, lions also rely on scavenged food for more than 50% of their calories. To access this food, lions will run off other carnivores to take over the food that they've killed.  When they are hunting, lions work cooperatively to take down large prey like buffaloes, rhinos, hippos, and giraffes. Female lions are responsible for most of the hunting, killing up to 85% to 90% percent of the prey.
[0m[32m
[0m[32mUser:[0m
tinker_cookbook.utils.misc_utils:20 [INFO] Starting step
tinker_cookbook.utils.misc_utils:23 [INFO] step took 1.79 seconds
tinker_cookbook.utils.ml_log:145 [INFO] Wrote metrics to \tmp\tinker-examples\sl_basic\metrics.jsonl
tinker_cookbook.utils.ml_log:197 [INFO] 
[3m                     Step 24                     [0m
┏━━━━━━━━━━━━━━━━━━━━━━━━━━━━━━━━┳━━━━━━━━━━━━━━┓
┃[1;35m [0m[1;35mMetric                        [0m[1;35m [0m┃[1;35m [0m[1;35mValue       [0m[1;35m [0m┃
┡━━━━━━━━━━━━━━━━━━━━━━━━━━━━━━━━╇━━━━━━━━━━━━━━┩
│[36m [0m[36mepoch                         [0m[36m [0m│[32m [0m[32m0           [0m[32m [0m│
│[36m [0m[36mlearning_rate                 [0m[36m [0m│[32m [0m[32m0.000135    [0m[32m [0m│
│[36m [0m[36mnum_loss_tokens               [0m[36m [0m│[32m [0m[32m26825.000000[0m[32m [0m│
│[36m [0m[36mnum_sequences                 [0m[36m [0m│[32m [0m[32m128         [0m[32m [0m│
│[36m [0m[36mnum_tokens                    [0m[36m [0m│[32m [0m[32m38107       [0m[32m [0m│
│[36m [0m[36mprogress                      [0m[36m [0m│[32m [0m[32m0.337838    [0m[32m [0m│
│[36m [0m[36mtest/nll                      [0m[36m [0m│[32m [0m[32m1.770391    [0m[32m [0m│
│[36m [0m[36mtime/evals                    [0m[36m [0m│[32m [0m[32m3.037806    [0m[32m [0m│
│[36m [0m[36mtime/get_batch                [0m[36m [0m│[32m [0m[32m0.117862    [0m[32m [0m│
│[36m [0m[36mtime/step                     [0m[36m [0m│[32m [0m[32m1.788670    [0m[32m [0m│
│[36m [0m[36mtime/total                    [0m[36m [0m│[32m [0m[32m5.096943    [0m[32m [0m│
│[36m [0m[36mtrain_mean_nll                [0m[36m [0m│[32m [0m[32m1.735803    [0m[32m [0m│
└────────────────────────────────┴──────────────┘
tinker_cookbook.utils.misc_utils:20 [INFO] Starting get_batch
tinker_cookbook.utils.misc_utils:23 [INFO] get_batch took 0.11 seconds
tinker_cookbook.supervised.train:259 [INFO] [33m<|begin_of_text|>User: I want a Bash script to append each file's creation year to the end of its name, separated by a dash ���������������also include the month if it's less than a year old
[0m[33m
[0m[33mAssistant:[0m[32m Here's a Bash script that will append each file's creation date to its name:
[0m[32m
[0m[32mfor file in *; do
[0m[32m  year=$(stat -f "%Sm" -t "%Y" $file);
[0m[32m  month=$(stat -f "%Sm" -t "%m" $file);
[0m[32m  if [ $year -eq $(date +%Y) ]; then
[0m[32m    mv $file $file-$month;
[0m[32m  else
[0m[32m    mv $file $file-$year;
[0m[32m  fi;
[0m[32mdone
[0m[32m
[0m[32mUser:[0m
tinker_cookbook.utils.misc_utils:20 [INFO] Starting step
tinker_cookbook.utils.misc_utils:23 [INFO] step took 0.65 seconds
tinker_cookbook.utils.ml_log:145 [INFO] Wrote metrics to \tmp\tinker-examples\sl_basic\metrics.jsonl
tinker_cookbook.utils.ml_log:197 [INFO] 
[3m                     Step 25                     [0m
┏━━━━━━━━━━━━━━━━━━━━━━━━━━━━━━━━┳━━━━━━━━━━━━━━┓
┃[1;35m [0m[1;35mMetric                        [0m[1;35m [0m┃[1;35m [0m[1;35mValue       [0m[1;35m [0m┃
┡━━━━━━━━━━━━━━━━━━━━━━━━━━━━━━━━╇━━━━━━━━━━━━━━┩
│[36m [0m[36mepoch                         [0m[36m [0m│[32m [0m[32m0           [0m[32m [0m│
│[36m [0m[36mlearning_rate                 [0m[36m [0m│[32m [0m[32m0.000132    [0m[32m [0m│
│[36m [0m[36mnum_loss_tokens               [0m[36m [0m│[32m [0m[32m27323.000000[0m[32m [0m│
│[36m [0m[36mnum_sequences                 [0m[36m [0m│[32m [0m[32m128         [0m[32m [0m│
│[36m [0m[36mnum_tokens                    [0m[36m [0m│[32m [0m[32m40126       [0m[32m [0m│
│[36m [0m[36mprogress                      [0m[36m [0m│[32m [0m[32m0.351351    [0m[32m [0m│
│[36m [0m[36mtime/get_batch                [0m[36m [0m│[32m [0m[32m0.108929    [0m[32m [0m│
│[36m [0m[36mtime/step                     [0m[36m [0m│[32m [0m[32m0.652110    [0m[32m [0m│
│[36m [0m[36mtime/total                    [0m[36m [0m│[32m [0m[32m2.699258    [0m[32m [0m│
│[36m [0m[36mtrain_mean_nll                [0m[36m [0m│[32m [0m[32m1.693347    [0m[32m [0m│
└────────────────────────────────┴──────────────┘
tinker_cookbook.utils.misc_utils:20 [INFO] Starting get_batch
tinker_cookbook.utils.misc_utils:23 [INFO] get_batch took 0.11 seconds
tinker_cookbook.supervised.train:259 [INFO] [33m<|begin_of_text|>User: Write a sonnet that has 14 lines broken into 2 6-line stanzas followed by a couplet. Each line should have 10 syllables. The poem should be about winter and follow this rhyme scheme ABABAB CDCDCD EE. Don't worry about pentameter.
[0m[33m
[0m[33mAssistant:[0m[32m Icicles hanging from every eave
[0m[32mAnd snowflakes falling from the dark grey sky 
[0m[32mThe tree branches freeze without any leaves 
[0m[32mAs a storm quietly brews way up high 
[0m[32mThe snow drifts are higher than you'd conceive 
[0m[32mAnd critters in their hidden burrows lie 
[0m[32m
[0m[32mBut not all is cold and wintry around
[0m[32mInside, the fires are crackling and bright
[0m[32mPeople are gathering to hear the sound
[0m[32mOf flames breathing hard and giving off light
[0m[32mEven the puppies and kittens abound
[0m[32mTo sit by the hearth and sleep through the night
[0m[32m
[0m[32mWinter can be harsh when you're stuck outside
[0m[32mBut that's no reason to stay in and hide
[0m[32m
[0m[32mUser:[0m
tinker_cookbook.utils.misc_utils:20 [INFO] Starting step
tinker_cookbook.utils.misc_utils:23 [INFO] step took 1.15 seconds
tinker_cookbook.utils.ml_log:145 [INFO] Wrote metrics to \tmp\tinker-examples\sl_basic\metrics.jsonl
tinker_cookbook.utils.ml_log:197 [INFO] 
[3m                     Step 26                     [0m
┏━━━━━━━━━━━━━━━━━━━━━━━━━━━━━━━━┳━━━━━━━━━━━━━━┓
┃[1;35m [0m[1;35mMetric                        [0m[1;35m [0m┃[1;35m [0m[1;35mValue       [0m[1;35m [0m┃
┡━━━━━━━━━━━━━━━━━━━━━━━━━━━━━━━━╇━━━━━━━━━━━━━━┩
│[36m [0m[36mepoch                         [0m[36m [0m│[32m [0m[32m0           [0m[32m [0m│
│[36m [0m[36mlearning_rate                 [0m[36m [0m│[32m [0m[32m0.000130    [0m[32m [0m│
│[36m [0m[36mnum_loss_tokens               [0m[36m [0m│[32m [0m[32m23084.000000[0m[32m [0m│
│[36m [0m[36mnum_sequences                 [0m[36m [0m│[32m [0m[32m128         [0m[32m [0m│
│[36m [0m[36mnum_tokens                    [0m[36m [0m│[32m [0m[32m35410       [0m[32m [0m│
│[36m [0m[36mprogress                      [0m[36m [0m│[32m [0m[32m0.364865    [0m[32m [0m│
│[36m [0m[36mtime/get_batch                [0m[36m [0m│[32m [0m[32m0.109017    [0m[32m [0m│
│[36m [0m[36mtime/step                     [0m[36m [0m│[32m [0m[32m1.152205    [0m[32m [0m│
│[36m [0m[36mtime/total                    [0m[36m [0m│[32m [0m[32m2.080444    [0m[32m [0m│
│[36m [0m[36mtrain_mean_nll                [0m[36m [0m│[32m [0m[32m1.733608    [0m[32m [0m│
└────────────────────────────────┴──────────────┘
tinker_cookbook.utils.misc_utils:20 [INFO] Starting get_batch
tinker_cookbook.utils.misc_utils:23 [INFO] get_batch took 0.10 seconds
tinker_cookbook.supervised.train:259 [INFO] [33m<|begin_of_text|>User: Write a melodramatic short story about the loss of friendship. It should be about a fisherman, named Finnegan, who catches a fish that can talk and befriends it. They should continue their friendship in secret for months before the fisherman decides to share his friend with the other fishermen at home, who ultimately take the talking fish away to reap a reward. Make it exactly 400 words.
[0m[33m
[0m[33mAssistant:[0m[32m It was not unlike yesterday for Finnegan. Nor would it be unlike the next day, he figured. The clouds were thick and low, spreading the same gray they always cast on the horizon where the Atlantic meets the sky. The two entities were similar, Finnegan believed: neither were as blue as the storybooks said they should be, and both seem endless. Finnegan’s boat thrust away from shore in search of amberjack fish. Finnegan’s boat was not big nor small, but it was large enough to carry his haul to the cannery and small enough to make a weaker man nervous about any storm. It would take much more than that to make Finnegan nervous, however.
[0m[32m
[0m[32mReaching his fishing spot, dropped lures off the starboard side and prayed the decorative barnacles would not cut his lines today. Before making it back into the cabin to escape the rain, one of his rods began dancing violently. Controlling the wild vibrations and manning the reel, Finnegan fought with whatever was attached to the hook. It was big, he knew that. Winning the battle, Finnegan saw an amberjack with the brightest yellow stripe he had ever seen on the silver-bodied fish. Wrestling the fish aboard, it stopped fighting and seemed to stare directly into Finnegan’s eyes. Then, it spoke.
[0m[32m
[0m[32mOver the next few months, Finnegan kept the speaking fish secret from other fishermen. Unsure why he kept it to himself, maybe it was because he had little else to call his own. His boat was financed, and his catches had to be exchanged for a small shack he rented. The fish would learn things about Finnegan he thought would never be shared. As much as Finnegan wanted to hide the fish, the fish wanted to meet more people. Therefore, it was reluctantly agreed upon that Finnegan would bring the talking fish back to the docks.
[0m[32m
[0m[32mReaching the docks, Finnegan gave a nervous nod to the fish and tied off the boat. Fishermen approached to see his daily catch. Everyone knew Finnegan to be a lonely man, but he was never one to talk to himself—although he was speaking. His peers realized he was communicating with a fish and, before Finnegan could react, he was restrained, and the fish was taken from him. Apparently, the fish could fetch a great prize on the market. Finnegan never saw his friend again.
[0m[32m
[0m[32mUser:[0m
tinker_cookbook.utils.misc_utils:20 [INFO] Starting step
tinker_cookbook.utils.misc_utils:23 [INFO] step took 0.65 seconds
tinker_cookbook.utils.ml_log:145 [INFO] Wrote metrics to \tmp\tinker-examples\sl_basic\metrics.jsonl
tinker_cookbook.utils.ml_log:197 [INFO] 
[3m                     Step 27                     [0m
┏━━━━━━━━━━━━━━━━━━━━━━━━━━━━━━━━┳━━━━━━━━━━━━━━┓
┃[1;35m [0m[1;35mMetric                        [0m[1;35m [0m┃[1;35m [0m[1;35mValue       [0m[1;35m [0m┃
┡━━━━━━━━━━━━━━━━━━━━━━━━━━━━━━━━╇━━━━━━━━━━━━━━┩
│[36m [0m[36mepoch                         [0m[36m [0m│[32m [0m[32m0           [0m[32m [0m│
│[36m [0m[36mlearning_rate                 [0m[36m [0m│[32m [0m[32m0.000127    [0m[32m [0m│
│[36m [0m[36mnum_loss_tokens               [0m[36m [0m│[32m [0m[32m26177.000000[0m[32m [0m│
│[36m [0m[36mnum_sequences                 [0m[36m [0m│[32m [0m[32m128         [0m[32m [0m│
│[36m [0m[36mnum_tokens                    [0m[36m [0m│[32m [0m[32m39762       [0m[32m [0m│
│[36m [0m[36mprogress                      [0m[36m [0m│[32m [0m[32m0.378378    [0m[32m [0m│
│[36m [0m[36mtime/get_batch                [0m[36m [0m│[32m [0m[32m0.108820    [0m[32m [0m│
│[36m [0m[36mtime/step                     [0m[36m [0m│[32m [0m[32m0.651000    [0m[32m [0m│
│[36m [0m[36mtime/total                    [0m[36m [0m│[32m [0m[32m2.055964    [0m[32m [0m│
│[36m [0m[36mtrain_mean_nll                [0m[36m [0m│[32m [0m[32m1.673525    [0m[32m [0m│
└────────────────────────────────┴──────────────┘
tinker_cookbook.utils.misc_utils:20 [INFO] Starting get_batch
tinker_cookbook.utils.misc_utils:23 [INFO] get_batch took 0.11 seconds
tinker_cookbook.supervised.train:259 [INFO] [33m<|begin_of_text|>User: I've seen Java constructors written in two different ways. For example:
[0m[33m
[0m[33mpublic Car(String name) {
[0m[33m		this.name = name;
[0m[33m	}
[0m[33m
[0m[33mand
[0m[33m
[0m[33mpublic Car(String newName) {
[0m[33m		name = newName;
[0m[33m	}
[0m[33m
[0m[33mThe first way uses "this." and the second does not. What is the difference between them and which one is better?
[0m[33m
[0m[33mAssistant:[0m[32m Both ways of writing a constructor accomplish the same task. The difference is the first constructor allows you to use an argument with the same name as the variable. The "this." modifier allows you to reference the variable in the current object. Without this modifier, Java will not understand which variable you are referring to if they have the same name. Thus, you would have to change the argument name, which you can observe in the second constructor you listed.
[0m[32m
[0m[32mRegarding whether one approach is best practice, this is a matter of preference and coding conventions for a project or team. The use of the "this" keyword can help increase the readability of code, especially if there are multiple variables with similar names, to help distinguish between local variables, instance variables, and static variables. However, the unnecessary use of the keyword can make code unnecessarily verbose and can encourage the creation of large classes that can be difficult to interpret. Some teams or projects may encourage the use of the keyword, while others may prohibit its use except when necessary for disambiguation.
[0m[32m
[0m[32mUser:[0m
tinker_cookbook.utils.misc_utils:20 [INFO] Starting step
tinker_cookbook.utils.misc_utils:23 [INFO] step took 1.36 seconds
tinker_cookbook.utils.ml_log:145 [INFO] Wrote metrics to \tmp\tinker-examples\sl_basic\metrics.jsonl
tinker_cookbook.utils.ml_log:197 [INFO] 
[3m                     Step 28                     [0m
┏━━━━━━━━━━━━━━━━━━━━━━━━━━━━━━━━┳━━━━━━━━━━━━━━┓
┃[1;35m [0m[1;35mMetric                        [0m[1;35m [0m┃[1;35m [0m[1;35mValue       [0m[1;35m [0m┃
┡━━━━━━━━━━━━━━━━━━━━━━━━━━━━━━━━╇━━━━━━━━━━━━━━┩
│[36m [0m[36mepoch                         [0m[36m [0m│[32m [0m[32m0           [0m[32m [0m│
│[36m [0m[36mlearning_rate                 [0m[36m [0m│[32m [0m[32m0.000124    [0m[32m [0m│
│[36m [0m[36mnum_loss_tokens               [0m[36m [0m│[32m [0m[32m26317.000000[0m[32m [0m│
│[36m [0m[36mnum_sequences                 [0m[36m [0m│[32m [0m[32m128         [0m[32m [0m│
│[36m [0m[36mnum_tokens                    [0m[36m [0m│[32m [0m[32m36673       [0m[32m [0m│
│[36m [0m[36mprogress                      [0m[36m [0m│[32m [0m[32m0.391892    [0m[32m [0m│
│[36m [0m[36mtime/get_batch                [0m[36m [0m│[32m [0m[32m0.103120    [0m[32m [0m│
│[36m [0m[36mtime/step                     [0m[36m [0m│[32m [0m[32m1.361748    [0m[32m [0m│
│[36m [0m[36mtime/total                    [0m[36m [0m│[32m [0m[32m2.270119    [0m[32m [0m│
│[36m [0m[36mtrain_mean_nll                [0m[36m [0m│[32m [0m[32m1.854268    [0m[32m [0m│
└────────────────────────────────┴──────────────┘
tinker_cookbook.utils.misc_utils:20 [INFO] Starting get_batch
tinker_cookbook.utils.misc_utils:23 [INFO] get_batch took 0.12 seconds
tinker_cookbook.supervised.train:259 [INFO] [33m<|begin_of_text|>User: What are the three types of rock formed in the rock cycle?
[0m[33m
[0m[33mAssistant:[0m[32m The three types of rocks formed in the rock cycle are:
[0m[32m1. Sedimentary Rocks:  These rocks are made from smaller pieces of existing rock or organic materials. There are three kinds: rocks formed from small pieces of other rocks, rocks made from 
[0m[32m compressed plants and shells, and rocks created when dissolved minerals in water evaporate.
[0m[32m2. Metamorphic Rocks: These rocks change due to high heat or pressure. There are two types: rocks with minerals lined up in layers and rocks without a layered appearance. Examples include gneiss, marble, and quartzite.
[0m[32m3. Igneous Rocks: These rocks are formed when hot material cools and hardens. There are two categories: rocks formed inside the Earth and rocks formed outside or on top of the Earth's surface. Examples include granite and diorite (formed inside the Earth) and basalt and obsidian (formed outside the Earth). Some extrusive rocks have holes from trapped gas bubbles, like pumice.
[0m[32m
[0m[32mUser:[0m
tinker_cookbook.utils.misc_utils:20 [INFO] Starting step
tinker_cookbook.utils.misc_utils:23 [INFO] step took 0.59 seconds
tinker_cookbook.utils.ml_log:145 [INFO] Wrote metrics to \tmp\tinker-examples\sl_basic\metrics.jsonl
tinker_cookbook.utils.ml_log:197 [INFO] 
[3m                     Step 29                     [0m
┏━━━━━━━━━━━━━━━━━━━━━━━━━━━━━━━━┳━━━━━━━━━━━━━━┓
┃[1;35m [0m[1;35mMetric                        [0m[1;35m [0m┃[1;35m [0m[1;35mValue       [0m[1;35m [0m┃
┡━━━━━━━━━━━━━━━━━━━━━━━━━━━━━━━━╇━━━━━━━━━━━━━━┩
│[36m [0m[36mepoch                         [0m[36m [0m│[32m [0m[32m0           [0m[32m [0m│
│[36m [0m[36mlearning_rate                 [0m[36m [0m│[32m [0m[32m0.000122    [0m[32m [0m│
│[36m [0m[36mnum_loss_tokens               [0m[36m [0m│[32m [0m[32m25940.000000[0m[32m [0m│
│[36m [0m[36mnum_sequences                 [0m[36m [0m│[32m [0m[32m128         [0m[32m [0m│
│[36m [0m[36mnum_tokens                    [0m[36m [0m│[32m [0m[32m37472       [0m[32m [0m│
│[36m [0m[36mprogress                      [0m[36m [0m│[32m [0m[32m0.405405    [0m[32m [0m│
│[36m [0m[36mtime/get_batch                [0m[36m [0m│[32m [0m[32m0.108637    [0m[32m [0m│
│[36m [0m[36mtime/step                     [0m[36m [0m│[32m [0m[32m0.592015    [0m[32m [0m│
│[36m [0m[36mtime/total                    [0m[36m [0m│[32m [0m[32m2.239769    [0m[32m [0m│
│[36m [0m[36mtrain_mean_nll                [0m[36m [0m│[32m [0m[32m1.668334    [0m[32m [0m│
└────────────────────────────────┴──────────────┘
tinker_cookbook.utils.misc_utils:20 [INFO] Starting get_batch
tinker_cookbook.utils.misc_utils:23 [INFO] get_batch took 0.10 seconds
tinker_cookbook.supervised.train:259 [INFO] [33m<|begin_of_text|>System: Luna is an influencer bot that helps people become influencers.
[0m[33m
[0m[33mUser: aight so i wanna be a travel influencer....what are my first steps :)
[0m[33m
[0m[33mAssistant:[0m[32m To start, you'll need to figure out where you want to travel. Do you want to travel the globe, tour the United States, or post about local attractions?
[0m[32m
[0m[33mUser: flyin around the world would be great but ive gotta start small so......maybe the us, drivin to a couple of nearby states
[0m[33m
[0m[33mAssistant:[0m[32m Awesome. You'll need a digital camera to take clear, vibrant pictures for your social media profiles. You don't have to spend thousands of dollars right away, but a good camera makes followers feel like they're traveling along with you, which is the key to becoming a successful influencer.
[0m[32m
[0m[33mUser: gotcha. so when can i start getting sponsorships and free stuff (like free cameras lol)
[0m[33m
[0m[33mAssistant:[0m[32m That depends on how quickly you build a following. Sponsors look for people with at least ten thousand followers, with some requiring over a hundred thousand followers or even a million.
[0m[32m
[0m[33mUser: a milli u say......ok how do i accomplish that
[0m[33m
[0m[33mAssistant:[0m[32m Just post content regularly, and be true to yourself. With so many traveler influencers on Instagram, people want something that's a little different but still entertaining. Highlight your vibrant personality and all the incredible places that you see on your journeys. Always use relevant hashtags to help people find your posts, and consider promoting a post once in a while.
[0m[32m
[0m[32mUser:[0m
tinker_cookbook.utils.misc_utils:20 [INFO] Starting step
tinker_cookbook.utils.misc_utils:23 [INFO] step took 1.03 seconds
tinker_cookbook.utils.ml_log:145 [INFO] Wrote metrics to \tmp\tinker-examples\sl_basic\metrics.jsonl
tinker_cookbook.utils.ml_log:197 [INFO] 
[3m                     Step 30                     [0m
┏━━━━━━━━━━━━━━━━━━━━━━━━━━━━━━━━┳━━━━━━━━━━━━━━┓
┃[1;35m [0m[1;35mMetric                        [0m[1;35m [0m┃[1;35m [0m[1;35mValue       [0m[1;35m [0m┃
┡━━━━━━━━━━━━━━━━━━━━━━━━━━━━━━━━╇━━━━━━━━━━━━━━┩
│[36m [0m[36mepoch                         [0m[36m [0m│[32m [0m[32m0           [0m[32m [0m│
│[36m [0m[36mlearning_rate                 [0m[36m [0m│[32m [0m[32m0.000119    [0m[32m [0m│
│[36m [0m[36mnum_loss_tokens               [0m[36m [0m│[32m [0m[32m25634.000000[0m[32m [0m│
│[36m [0m[36mnum_sequences                 [0m[36m [0m│[32m [0m[32m128         [0m[32m [0m│
│[36m [0m[36mnum_tokens                    [0m[36m [0m│[32m [0m[32m36778       [0m[32m [0m│
│[36m [0m[36mprogress                      [0m[36m [0m│[32m [0m[32m0.418919    [0m[32m [0m│
│[36m [0m[36mtime/get_batch                [0m[36m [0m│[32m [0m[32m0.118263    [0m[32m [0m│
│[36m [0m[36mtime/step                     [0m[36m [0m│[32m [0m[32m1.030414    [0m[32m [0m│
│[36m [0m[36mtime/total                    [0m[36m [0m│[32m [0m[32m1.901977    [0m[32m [0m│
│[36m [0m[36mtrain_mean_nll                [0m[36m [0m│[32m [0m[32m1.795502    [0m[32m [0m│
└────────────────────────────────┴──────────────┘
tinker_cookbook.utils.misc_utils:20 [INFO] Starting get_batch
tinker_cookbook.utils.misc_utils:23 [INFO] get_batch took 0.10 seconds
tinker_cookbook.supervised.train:259 [INFO] [33m<|begin_of_text|>User: I'm drawing a map of my fictional fantasy DnD game. What could I add to it?
[0m[33m
[0m[33mAssistant:[0m[32m No problem. Here are some ideas for illustrations and map features you may wish to add:
[0m[32m
[0m[32m1. A legend: A guide to what the various symbols on your map indicate, such as villages, dungeons, and caves would be useful to the reader of the map. 
[0m[32m2. A trace of your party's travels: As a record of your DnD campaign, it might be memorable and interesting to note the path your party took along the adventure.
[0m[32m3. Illustrations of monsters: Much like the maps of antiquity, you could include detailed illustrations of the various monsters and beasts of the world that your party encountered or slew along the way. These would occupy places in the margins or beyond the borders of the known world of your setting.
[0m[32m4. Major characters: Alternatively, you could provide illustrations of important characters your party may have encountered through their quest.
[0m[32m5. A compass rose: This would establish the relative direction of various places and events in your game to each other. 
[0m[32m6. A scale: It may be useful to know the approximate distance between locations on the map via a scale. You could place it on the corner of the map. 
[0m[32m
[0m[32m
[0m[32mUser:[0m
tinker_cookbook.utils.misc_utils:20 [INFO] Starting evals
tinker_cookbook.utils.misc_utils:23 [INFO] evals took 3.34 seconds
tinker_cookbook.utils.misc_utils:20 [INFO] Starting step
tinker_cookbook.utils.misc_utils:23 [INFO] step took 0.01 seconds
tinker_cookbook.utils.ml_log:145 [INFO] Wrote metrics to \tmp\tinker-examples\sl_basic\metrics.jsonl
tinker_cookbook.utils.ml_log:197 [INFO] 
[3m                     Step 31                     [0m
┏━━━━━━━━━━━━━━━━━━━━━━━━━━━━━━━━┳━━━━━━━━━━━━━━┓
┃[1;35m [0m[1;35mMetric                        [0m[1;35m [0m┃[1;35m [0m[1;35mValue       [0m[1;35m [0m┃
┡━━━━━━━━━━━━━━━━━━━━━━━━━━━━━━━━╇━━━━━━━━━━━━━━┩
│[36m [0m[36mepoch                         [0m[36m [0m│[32m [0m[32m0           [0m[32m [0m│
│[36m [0m[36mlearning_rate                 [0m[36m [0m│[32m [0m[32m0.000116    [0m[32m [0m│
│[36m [0m[36mnum_loss_tokens               [0m[36m [0m│[32m [0m[32m22742.000000[0m[32m [0m│
│[36m [0m[36mnum_sequences                 [0m[36m [0m│[32m [0m[32m128         [0m[32m [0m│
│[36m [0m[36mnum_tokens                    [0m[36m [0m│[32m [0m[32m34064       [0m[32m [0m│
│[36m [0m[36mprogress                      [0m[36m [0m│[32m [0m[32m0.432432    [0m[32m [0m│
│[36m [0m[36mtime/get_batch                [0m[36m [0m│[32m [0m[32m0.102183    [0m[32m [0m│
│[36m [0m[36mtime/step                     [0m[36m [0m│[32m [0m[32m0.013592    [0m[32m [0m│
│[36m [0m[36mtime/total                    [0m[36m [0m│[32m [0m[32m4.647907    [0m[32m [0m│
│[36m [0m[36mtrain_mean_nll                [0m[36m [0m│[32m [0m[32m1.807992    [0m[32m [0m│
└────────────────────────────────┴──────────────┘
tinker_cookbook.utils.misc_utils:20 [INFO] Starting get_batch
tinker_cookbook.utils.misc_utils:23 [INFO] get_batch took 0.25 seconds
tinker_cookbook.supervised.train:259 [INFO] [33m<|begin_of_text|>User: Given the list below, use Python to place all of the customer names in a new list called customers. Place all of the sale prices in a list called sales. Place all of the colors in a list called thread_sold. Then determine the total value of the sales and place it in a variable called total_sales and print it. Please do this programmatically.
[0m[33m
[0m[33mtransactions = [['Edith Mcbride', '$1.21', 'white', '09/15/17'], ['Herbert Tran', '$7.29', 'white&blue', '09/15/17'], ['Paul Clarke', '$12.52', 'white&blue', '09/15/17'], ['Lucille Caldwell', '$5.13', 'white', '09/15/17'], ['Eduardo George', '$20.39', 'white&yellow', '09/15/17'], ['Danny Mclaughlin', '$30.82', 'purple', '09/15/17'], ['Stacy Vargas', '$1.85', 'purple&yellow', '09/15/17'], ['Shaun Brock', '$17.98', 'purple&yellow', '09/15/17'], ['Erick Harper', '$17.41', 'blue', '09/15/17'], ['Michelle Howell', '$28.59', 'blue', '09/15/17'], ['Carroll Boyd', '$14.51', 'purple&blue', '09/15/17'], ['Teresa Carter', '$19.64', 'white', '09/15/17'], ['Jacob Kennedy', '$11.40', 'white&red', '09/15/17'], ['Craig Chambers', '$8.79', 'white&blue&red', '09/15/17'], ['Peggy Bell', '$8.65', 'blue', '09/15/17'], ['Kenneth Cunningham', '$10.53', 'green&blue', '09/15/17'], ['Marvin Morgan', '$16.49', 'green&blue&red', '09/15/17'], ['Marjorie Russell', '$6.55', 'green&blue&red', '09/15/17'], ['Israel Cummings', '$11.86', 'black', '09/15/17'], ['June Doyle', '$22.29', 'black&yellow', '09/15/17'], ['Jaime Buchanan', '$8.35', 'white&black&yellow', '09/15/17'], ['Rhonda Farmer', '$2.91', 'white&black&yellow', '09/15/17'], ['Darren Mckenzie', '$22.94', 'green', '09/15/17'], ['Rufus Malone', '$4.70', 'green&yellow', '09/15/17'], ['Hubert Miles', '$3.59', 'green&yellow&blue', '09/15/17'], ['Joseph Bridges', '$5.66', 'green&yellow&purple&blue', '09/15/17'], ['Sergio Murphy', '$17.51', 'black', '09/15/17'], ['Audrey Ferguson', '$5.54', 'black&blue', '09/15/17'], ['Edna Williams', '$17.13', 'black&blue', '09/15/17'], ['Randy Fleming', '$21.13', 'black', '09/15/17'], ['Elisa Hart', '$0.35', 'black&purple', '09/15/17'], ['Ernesto Hunt', '$13.91', 'black&purple', '09/15/17'], ['Shannon Chavez', '$19.26', 'yellow', '09/15/17'], ['Sammy Cain', '$5.45', 'yellow&red', '09/15/17'], ['Steven Reeves', '$5.50', 'yellow', '09/15/17'], ['Ruben Jones', '$14.56', 'yellow&blue', '09/15/17'], ['Essie Hansen', '$7.33', 'yellow&blue&red', '09/15/17'], ['Rene Hardy', '$20.22', 'black', '09/15/17'], ['Lucy Snyder', '$8.67', 'black&red', '09/15/17'], ['Dallas Obrien', '$8.31', 'black&red', '09/15/17'], ['Stacey Payne', '$15.70', 'white&black&red', '09/15/17'], ['Tanya Cox', '$6.74', 'yellow', '09/15/17'], ['Melody Moran', '$30.84', 'yellow&black', '09/15/17'], ['Louise Becker', '$12.31', 'green&yellow&black', '09/15/17'], ['Ryan Webster', '$2.94', 'yellow', '09/15/17'], ['Justin Blake', '$22.46', 'white&yellow', '09/15/17'], ['Beverly Baldwin', '$6.60', 'white&yellow&black', '09/15/17'], ['Dale Brady', '$6.27', 'yellow', '09/15/17'], ['Guadalupe Potter', '$21.12', 'yellow', '09/15/17'], ['Desiree Butler', '$2.10', 'white', '09/15/17'], ['Sonja Barnett', '$14.22', 'white&black', '09/15/17'], ['Angelica Garza', '$11.60', 'white&black', '09/15/17'], ['Jamie Welch', '$25.27', 'white&black&red', '09/15/17'], ['Rex Hudson', '$8.26', 'purple', '09/15/17'], ['Nadine Gibbs', '$30.80', 'purple&yellow', '09/15/17'], ['Hannah Pratt', '$22.61', 'purple&yellow', '09/15/17'], ['Gayle Richards', '$22.19', 'green&purple&yellow', '09/15/17'], ['Stanley Holland', '$7.47','red', '09/15/17'], ['Anna Dean', '$5.49', 'yellow&red', '09/15/17'], ['Terrance Saunders', '$23.70', 'green&yellow&red', '09/15/17'], ['Brandi Zimmerman', '$26.66','red', '09/15/17'], ['Guadalupe Freeman', '$25.95', 'green&red', '09/15/17'], ['Irving Patterson', '$19.55', 'green&white&red', '09/15/17'], ['Karl Ross', '$15.68', 'white', '09/15/17'], ['Brandy Cortez', '$23.57', 'white&red', '09/15/17'], ['Mamie Riley', '$29.32', 'purple', '09/15/17'], ['Mike Thornton', '$26.44', 'purple', '09/15/17'], ['Jamie Vaughn', '$17.24', 'green', '09/15/17'], ['Noah Day', '$8.49', 'green', '09/15/17'], ['Josephine Keller', '$13.10', 'green', '09/15/17'], ['Tracey Wolfe', '$20.39','red', '09/15/17'], ['Ignacio Parks', '$14.70', 'white&red', '09/15/17'], ['Beatrice Newman', '$22.45', 'white&purple&red', '09/15/17'], ['Andre Norris', '$28.46','red', '09/15/17'], ['Albert Lewis', '$23.89', 'black&red', '09/15/17'], ['Javier Bailey', '$24.49', 'black&red', '09/15/17'], ['Everett Lyons', '$1.81', 'black&red', '09/15/17'], ['Abraham Maxwell', '$6.81', 'green', '09/15/17'], ['Traci Craig', '$0.65', 'green&yellow', '09/15/17'], ['Jeffrey Jenkins', '$26.45', 'green&yellow&blue', '09/15/17'], ['Merle Wilson', '$7.69', 'purple', '09/15/17'], ['Janis Franklin', '$8.74', 'purple&black', '09/15/17'], ['Leonard Guerrero', '$1.86', 'yellow', '09/15/17'], ['Lana Sanchez', '$14.75', 'yellow', '09/15/17'], ['Donna Ball', '$28.10', 'yellow&blue', '09/15/17'], ['Terrell Barber', '$9.91', 'green', '09/15/17'], ['Jody Flores', '$16.34', 'green', '09/15/17'], ['Daryl Herrera', '$27.57', 'white', '09/15/17'], ['Miguel Mcguire', '$5.25', 'white&blue', '09/15/17'], ['Rogelio Gonzalez', '$9.51', 'white&black&blue', '09/15/17'], ['Lora Hammond', '$20.56', 'green', '09/15/17'], ['Owen Ward', '$21.64', 'green&yellow', '09/15/17'], ['Malcolm Morales', '$24.99', 'green&yellow&black', '09/15/17'], ['Eric Mcdaniel', '$29.70', 'green', '09/15/17'], ['Madeline Estrada', '$15.52', 'green', '09/15/17'], ['Leticia Manning', '$15.70', 'green&purple', '09/15/17'], ['Mario Wallace', '$12.36', 'green', '09/15/17'], ['Lewis Glover', '$13.66', 'green&white', '09/15/17'], ['Gail Phelps', '$30.52', 'green&white&blue', '09/15/17'], ['Myrtle Morris', '$22.66', 'green&white&blue', '09/15/17']]
[0m[33m
[0m[33mAssistant:[0m[32m Here you go. 
[0m[32m
[0m[32m```Python
[0m[32mcustomers = []
[0m[32msales = []
[0m[32mthread_sold = []
[0m[32m
[0m[32mfor sale in transactions:
[0m[32m  customers.append(sale[0])
[0m[32m  sales.append(sale[1])
[0m[32m  thread_sold.append(sale[2])
[0m[32m
[0m[32m# Determine the total value of the sales
[0m[32mtotal_sales = 0
[0m[32mfor sale in sales:
[0m[32m  total_sales += float(sale.replace("$", ""))
[0m[32mprint(total_sales)
[0m[32m```
[0m[32m
[0m[32mThis code creates a for loop that appends the values to the new lists `customers`, `sales`, and `thread_sold`. 
[0m[32m
[0m[32mIt then determines the total value of the sales by using a for loop to loop through the sales list and remove the dollar sign from the strings. That string is then wrapped in the built-in float function to convert the string into a float so that the sales can be added together. The total_sales should print out 1498.7400000000005.
[0m[32m
[0m[32mUser:[0m
tinker_cookbook.utils.misc_utils:20 [INFO] Starting step
tinker_cookbook.utils.misc_utils:23 [INFO] step took 1.41 seconds
tinker_cookbook.utils.ml_log:145 [INFO] Wrote metrics to \tmp\tinker-examples\sl_basic\metrics.jsonl
tinker_cookbook.utils.ml_log:197 [INFO] 
[3m                     Step 32                     [0m
┏━━━━━━━━━━━━━━━━━━━━━━━━━━━━━━━━┳━━━━━━━━━━━━━━┓
┃[1;35m [0m[1;35mMetric                        [0m[1;35m [0m┃[1;35m [0m[1;35mValue       [0m[1;35m [0m┃
┡━━━━━━━━━━━━━━━━━━━━━━━━━━━━━━━━╇━━━━━━━━━━━━━━┩
│[36m [0m[36mepoch                         [0m[36m [0m│[32m [0m[32m0           [0m[32m [0m│
│[36m [0m[36mlearning_rate                 [0m[36m [0m│[32m [0m[32m0.000114    [0m[32m [0m│
│[36m [0m[36mnum_loss_tokens               [0m[36m [0m│[32m [0m[32m22687.000000[0m[32m [0m│
│[36m [0m[36mnum_sequences                 [0m[36m [0m│[32m [0m[32m128         [0m[32m [0m│
│[36m [0m[36mnum_tokens                    [0m[36m [0m│[32m [0m[32m33821       [0m[32m [0m│
│[36m [0m[36mprogress                      [0m[36m [0m│[32m [0m[32m0.445946    [0m[32m [0m│
│[36m [0m[36mtest/nll                      [0m[36m [0m│[32m [0m[32m1.767986    [0m[32m [0m│
│[36m [0m[36mtime/evals                    [0m[36m [0m│[32m [0m[32m3.342887    [0m[32m [0m│
│[36m [0m[36mtime/get_batch                [0m[36m [0m│[32m [0m[32m0.103974    [0m[32m [0m│
│[36m [0m[36mtime/step                     [0m[36m [0m│[32m [0m[32m1.407037    [0m[32m [0m│
│[36m [0m[36mtime/total                    [0m[36m [0m│[32m [0m[32m5.155287    [0m[32m [0m│
│[36m [0m[36mtrain_mean_nll                [0m[36m [0m│[32m [0m[32m1.747493    [0m[32m [0m│
└────────────────────────────────┴──────────────┘
tinker_cookbook.utils.misc_utils:20 [INFO] Starting get_batch
tinker_cookbook.utils.misc_utils:23 [INFO] get_batch took 0.10 seconds
tinker_cookbook.supervised.train:259 [INFO] [33m<|begin_of_text|>User: Who was Peter Freuchen?
[0m[33m
[0m[33mAssistant:[0m[32m Peter Freuchen was an Arctic explorer who was on an expedition in 1926 when an avalanche started. Freuchen became trapped underneath the rubble but managed to stay alive by fashioning a shiv out of his own excrement and amputating his foot.
[0m[32m
[0m[32mUser:[0m
tinker_cookbook.utils.misc_utils:20 [INFO] Starting step
tinker_cookbook.utils.misc_utils:23 [INFO] step took 0.93 seconds
tinker_cookbook.utils.ml_log:145 [INFO] Wrote metrics to \tmp\tinker-examples\sl_basic\metrics.jsonl
tinker_cookbook.utils.ml_log:197 [INFO] 
[3m                     Step 33                     [0m
┏━━━━━━━━━━━━━━━━━━━━━━━━━━━━━━━━┳━━━━━━━━━━━━━━┓
┃[1;35m [0m[1;35mMetric                        [0m[1;35m [0m┃[1;35m [0m[1;35mValue       [0m[1;35m [0m┃
┡━━━━━━━━━━━━━━━━━━━━━━━━━━━━━━━━╇━━━━━━━━━━━━━━┩
│[36m [0m[36mepoch                         [0m[36m [0m│[32m [0m[32m0           [0m[32m [0m│
│[36m [0m[36mlearning_rate                 [0m[36m [0m│[32m [0m[32m0.000111    [0m[32m [0m│
│[36m [0m[36mnum_loss_tokens               [0m[36m [0m│[32m [0m[32m22942.000000[0m[32m [0m│
│[36m [0m[36mnum_sequences                 [0m[36m [0m│[32m [0m[32m128         [0m[32m [0m│
│[36m [0m[36mnum_tokens                    [0m[36m [0m│[32m [0m[32m38096       [0m[32m [0m│
│[36m [0m[36mprogress                      [0m[36m [0m│[32m [0m[32m0.459459    [0m[32m [0m│
│[36m [0m[36mtime/get_batch                [0m[36m [0m│[32m [0m[32m0.252797    [0m[32m [0m│
│[36m [0m[36mtime/step                     [0m[36m [0m│[32m [0m[32m0.933634    [0m[32m [0m│
│[36m [0m[36mtime/total                    [0m[36m [0m│[32m [0m[32m2.730737    [0m[32m [0m│
│[36m [0m[36mtrain_mean_nll                [0m[36m [0m│[32m [0m[32m1.855556    [0m[32m [0m│
└────────────────────────────────┴──────────────┘
tinker_cookbook.utils.misc_utils:20 [INFO] Starting get_batch
tinker_cookbook.utils.misc_utils:23 [INFO] get_batch took 0.12 seconds
tinker_cookbook.supervised.train:259 [INFO] [33m<|begin_of_text|>User: Please write me a paragraph for an article about Lebron James. Make sure the paragraph touches on his value as a prospect, his NBA career, and his personal life. Write at least 150 words. This should serve as an introductory paragraph to set up the rest of the article.
[0m[33m
[0m[33mAssistant:[0m[32m The most highly touted American athlete since Michael Jordan, Lebron James had higher expectations than any athlete in history, and the amazing part is that he has by all accounts exceeded those expectations. Now 35, Lebron James has dominated the league for 17 years. In 2002, as a high school student, Lebron was featured on the cover of Sports Illustrated with the title "The Chosen One". It's hard to believe that any teenager could live up to a title such as that, but Lebron James has. Since the Sports Illustrated cover, all that James has done is win 4 NBA titles, 4 NBA MVP awards, and two Olympic gold medals. He has received MVP votes in every single season of his career. Along with a stellar on-the-court career, James has been equally as impressive off the court. James is married with three kids, two of which are getting close to being college prospects themselves. James also opened a school for at-risk teens in Ohio along with numerous other charitable projects. In this article, we will take a look at the life and career of Lebron James, and look ahead to where he will rank among the game's all-time greats.
[0m[32m
[0m[32mUser:[0m
tinker_cookbook.utils.misc_utils:20 [INFO] Starting step
tinker_cookbook.utils.misc_utils:23 [INFO] step took 0.62 seconds
tinker_cookbook.utils.ml_log:145 [INFO] Wrote metrics to \tmp\tinker-examples\sl_basic\metrics.jsonl
tinker_cookbook.utils.ml_log:197 [INFO] 
[3m                     Step 34                     [0m
┏━━━━━━━━━━━━━━━━━━━━━━━━━━━━━━━━┳━━━━━━━━━━━━━━┓
┃[1;35m [0m[1;35mMetric                        [0m[1;35m [0m┃[1;35m [0m[1;35mValue       [0m[1;35m [0m┃
┡━━━━━━━━━━━━━━━━━━━━━━━━━━━━━━━━╇━━━━━━━━━━━━━━┩
│[36m [0m[36mepoch                         [0m[36m [0m│[32m [0m[32m0           [0m[32m [0m│
│[36m [0m[36mlearning_rate                 [0m[36m [0m│[32m [0m[32m0.000108    [0m[32m [0m│
│[36m [0m[36mnum_loss_tokens               [0m[36m [0m│[32m [0m[32m22285.000000[0m[32m [0m│
│[36m [0m[36mnum_sequences                 [0m[36m [0m│[32m [0m[32m128         [0m[32m [0m│
│[36m [0m[36mnum_tokens                    [0m[36m [0m│[32m [0m[32m33349       [0m[32m [0m│
│[36m [0m[36mprogress                      [0m[36m [0m│[32m [0m[32m0.472973    [0m[32m [0m│
│[36m [0m[36mtime/get_batch                [0m[36m [0m│[32m [0m[32m0.098487    [0m[32m [0m│
│[36m [0m[36mtime/step                     [0m[36m [0m│[32m [0m[32m0.615700    [0m[32m [0m│
│[36m [0m[36mtime/total                    [0m[36m [0m│[32m [0m[32m1.820398    [0m[32m [0m│
│[36m [0m[36mtrain_mean_nll                [0m[36m [0m│[32m [0m[32m1.787728    [0m[32m [0m│
└────────────────────────────────┴──────────────┘
tinker_cookbook.utils.misc_utils:20 [INFO] Starting get_batch
tinker_cookbook.utils.misc_utils:23 [INFO] get_batch took 0.11 seconds
tinker_cookbook.supervised.train:259 [INFO] [33m<|begin_of_text|>User: Write 5 tweets for a healthy cat food brand called "Purma" in the shape of a paw. Every tweet should include some sort of cat-related pun and #purma
[0m[33m
[0m[33mAssistant:[0m[32m 
[0m[32m
[0m[32m1. The greatest cat-astrophe is running out of healthy, delicious food. Whether you need a week's long supply or you buy in bulk, #Purma is here to make sure your furry friends are never without!
[0m[32m2. A human gets a perm, a cat gets a #Purma. Don't let your cat go without and watch them strut their stuff.
[0m[32m3. The only Purma-nent relationship I have is with my cat, but even now I wonder if my cat is only in it for the delicious, healthy food I buy him. #Purma
[0m[32m4. Her food? Healthy. Its shape? A paw. The brand? #Purma.
[0m[32m5. Every purr begins with #Purma.
[0m[32m
[0m[32mUser:[0m
tinker_cookbook.utils.misc_utils:20 [INFO] Starting step
tinker_cookbook.utils.misc_utils:23 [INFO] step took 0.95 seconds
tinker_cookbook.utils.ml_log:145 [INFO] Wrote metrics to \tmp\tinker-examples\sl_basic\metrics.jsonl
tinker_cookbook.utils.ml_log:197 [INFO] 
[3m                     Step 35                     [0m
┏━━━━━━━━━━━━━━━━━━━━━━━━━━━━━━━━┳━━━━━━━━━━━━━━┓
┃[1;35m [0m[1;35mMetric                        [0m[1;35m [0m┃[1;35m [0m[1;35mValue       [0m[1;35m [0m┃
┡━━━━━━━━━━━━━━━━━━━━━━━━━━━━━━━━╇━━━━━━━━━━━━━━┩
│[36m [0m[36mepoch                         [0m[36m [0m│[32m [0m[32m0           [0m[32m [0m│
│[36m [0m[36mlearning_rate                 [0m[36m [0m│[32m [0m[32m0.000105    [0m[32m [0m│
│[36m [0m[36mnum_loss_tokens               [0m[36m [0m│[32m [0m[32m24597.000000[0m[32m [0m│
│[36m [0m[36mnum_sequences                 [0m[36m [0m│[32m [0m[32m128         [0m[32m [0m│
│[36m [0m[36mnum_tokens                    [0m[36m [0m│[32m [0m[32m35805       [0m[32m [0m│
│[36m [0m[36mprogress                      [0m[36m [0m│[32m [0m[32m0.486486    [0m[32m [0m│
│[36m [0m[36mtime/get_batch                [0m[36m [0m│[32m [0m[32m0.118174    [0m[32m [0m│
│[36m [0m[36mtime/step                     [0m[36m [0m│[32m [0m[32m0.948440    [0m[32m [0m│
│[36m [0m[36mtime/total                    [0m[36m [0m│[32m [0m[32m1.838019    [0m[32m [0m│
│[36m [0m[36mtrain_mean_nll                [0m[36m [0m│[32m [0m[32m1.763837    [0m[32m [0m│
└────────────────────────────────┴──────────────┘
tinker_cookbook.utils.misc_utils:20 [INFO] Starting get_batch
tinker_cookbook.utils.misc_utils:23 [INFO] get_batch took 0.10 seconds
tinker_cookbook.supervised.train:259 [INFO] [33m<|begin_of_text|>User: Based on the about blurb, is the described podcast funny? Why or why not?
[0m[33m
[0m[33mAbout blurb: My Favorite Murder is the original hit true crime comedy podcast hosted by Karen Kilgariff and Georgia Hardstark. Since its inception in January 2016, the show has broken global download records and sparked an enthusiastic and dedicated community of listeners, aka Murderinos.
[0m[33m
[0m[33mAssistant:[0m[32m The described podcast is funny because the blurb says that it is a comedy podcast. Even though it also says that it is a true crime podcast, which is a non-humorous topic, there is at least some humor involved.
[0m[32m
[0m[32mUser:[0m
tinker_cookbook.utils.misc_utils:20 [INFO] Starting step
tinker_cookbook.utils.misc_utils:23 [INFO] step took 0.91 seconds
tinker_cookbook.utils.ml_log:145 [INFO] Wrote metrics to \tmp\tinker-examples\sl_basic\metrics.jsonl
tinker_cookbook.utils.ml_log:197 [INFO] 
[3m                     Step 36                     [0m
┏━━━━━━━━━━━━━━━━━━━━━━━━━━━━━━━━┳━━━━━━━━━━━━━━┓
┃[1;35m [0m[1;35mMetric                        [0m[1;35m [0m┃[1;35m [0m[1;35mValue       [0m[1;35m [0m┃
┡━━━━━━━━━━━━━━━━━━━━━━━━━━━━━━━━╇━━━━━━━━━━━━━━┩
│[36m [0m[36mepoch                         [0m[36m [0m│[32m [0m[32m0           [0m[32m [0m│
│[36m [0m[36mlearning_rate                 [0m[36m [0m│[32m [0m[32m0.000103    [0m[32m [0m│
│[36m [0m[36mnum_loss_tokens               [0m[36m [0m│[32m [0m[32m21360.000000[0m[32m [0m│
│[36m [0m[36mnum_sequences                 [0m[36m [0m│[32m [0m[32m128         [0m[32m [0m│
│[36m [0m[36mnum_tokens                    [0m[36m [0m│[32m [0m[32m32701       [0m[32m [0m│
│[36m [0m[36mprogress                      [0m[36m [0m│[32m [0m[32m0.500000    [0m[32m [0m│
│[36m [0m[36mtime/get_batch                [0m[36m [0m│[32m [0m[32m0.111900    [0m[32m [0m│
│[36m [0m[36mtime/step                     [0m[36m [0m│[32m [0m[32m0.907278    [0m[32m [0m│
│[36m [0m[36mtime/total                    [0m[36m [0m│[32m [0m[32m2.107750    [0m[32m [0m│
│[36m [0m[36mtrain_mean_nll                [0m[36m [0m│[32m [0m[32m1.667173    [0m[32m [0m│
└────────────────────────────────┴──────────────┘
tinker_cookbook.utils.misc_utils:20 [INFO] Starting get_batch
tinker_cookbook.utils.misc_utils:23 [INFO] get_batch took 0.10 seconds
tinker_cookbook.supervised.train:259 [INFO] [33m<|begin_of_text|>User: Write me a haiku explaining how multiverse theory tends to work in science fiction.
[0m[33m
[0m[33mAssistant:[0m[32m Multi universe:
[0m[32mInfinite versions of you
[0m[32mLive in different worlds
[0m[32m
[0m[32mUser:[0m
tinker_cookbook.utils.misc_utils:20 [INFO] Starting step
tinker_cookbook.utils.misc_utils:23 [INFO] step took 1.09 seconds
tinker_cookbook.utils.ml_log:145 [INFO] Wrote metrics to \tmp\tinker-examples\sl_basic\metrics.jsonl
tinker_cookbook.utils.ml_log:197 [INFO] 
[3m                     Step 37                     [0m
┏━━━━━━━━━━━━━━━━━━━━━━━━━━━━━━━━┳━━━━━━━━━━━━━━┓
┃[1;35m [0m[1;35mMetric                        [0m[1;35m [0m┃[1;35m [0m[1;35mValue       [0m[1;35m [0m┃
┡━━━━━━━━━━━━━━━━━━━━━━━━━━━━━━━━╇━━━━━━━━━━━━━━┩
│[36m [0m[36mepoch                         [0m[36m [0m│[32m [0m[32m0           [0m[32m [0m│
│[36m [0m[36mlearning_rate                 [0m[36m [0m│[32m [0m[32m0.000100    [0m[32m [0m│
│[36m [0m[36mnum_loss_tokens               [0m[36m [0m│[32m [0m[32m23099.000000[0m[32m [0m│
│[36m [0m[36mnum_sequences                 [0m[36m [0m│[32m [0m[32m128         [0m[32m [0m│
│[36m [0m[36mnum_tokens                    [0m[36m [0m│[32m [0m[32m33701       [0m[32m [0m│
│[36m [0m[36mprogress                      [0m[36m [0m│[32m [0m[32m0.513514    [0m[32m [0m│
│[36m [0m[36mtime/get_batch                [0m[36m [0m│[32m [0m[32m0.101799    [0m[32m [0m│
│[36m [0m[36mtime/step                     [0m[36m [0m│[32m [0m[32m1.092561    [0m[32m [0m│
│[36m [0m[36mtime/total                    [0m[36m [0m│[32m [0m[32m2.252852    [0m[32m [0m│
│[36m [0m[36mtrain_mean_nll                [0m[36m [0m│[32m [0m[32m1.854670    [0m[32m [0m│
└────────────────────────────────┴──────────────┘
tinker_cookbook.utils.misc_utils:20 [INFO] Starting get_batch
tinker_cookbook.utils.misc_utils:23 [INFO] get_batch took 0.10 seconds
tinker_cookbook.supervised.train:259 [INFO] [33m<|begin_of_text|>User: Create a brainless multiple-choice quiz that has absolutely no connection to the results in the style of "Choose four places to visit and we'll tell you what dessert you should order tonight." There should be 5 questions with 4 responses to each question. Create 4 randomized results. Give the quiz a dumb title, too, and write it in all caps.
[0m[33m
[0m[33mAssistant:[0m[32m CHOOSE 5 DESSERTS AND WE'LL TELL YOU WHICH GENSHIN IMPACT CHARACTER WILL BE YOUR BEST FRIEND.
[0m[32m
[0m[32m#1: Dango, Spongecake, Ice Cream Sundae, or Tiramisu
[0m[32m#2: Sweet Almond Tofu, Fortune Cookies, Taro Popsicle, or Coconut Macaron
[0m[32m#3: Red Velvet Cake, Apple Pie, Treacle Tart, or Fruit Sorbet
[0m[32m#4: Baklava, Berry Mizu Manjuu, Knafeh, or Chocolate-Covered Raisins
[0m[32m#5: Rice Pudding, Rose Custard, Fruit Salad, or Frosted Cupcake
[0m[32m
[0m[32mRandomized Results: Raiden Ei, Xiao, Kamisato Ayato, or Yelan
[0m[32m
[0m[32mUser:[0m
tinker_cookbook.utils.misc_utils:20 [INFO] Starting step
tinker_cookbook.utils.misc_utils:23 [INFO] step took 0.90 seconds
tinker_cookbook.utils.ml_log:145 [INFO] Wrote metrics to \tmp\tinker-examples\sl_basic\metrics.jsonl
tinker_cookbook.utils.ml_log:197 [INFO] 
[3m                     Step 38                     [0m
┏━━━━━━━━━━━━━━━━━━━━━━━━━━━━━━━━┳━━━━━━━━━━━━━━┓
┃[1;35m [0m[1;35mMetric                        [0m[1;35m [0m┃[1;35m [0m[1;35mValue       [0m[1;35m [0m┃
┡━━━━━━━━━━━━━━━━━━━━━━━━━━━━━━━━╇━━━━━━━━━━━━━━┩
│[36m [0m[36mepoch                         [0m[36m [0m│[32m [0m[32m0           [0m[32m [0m│
│[36m [0m[36mlearning_rate                 [0m[36m [0m│[32m [0m[32m0.000097    [0m[32m [0m│
│[36m [0m[36mnum_loss_tokens               [0m[36m [0m│[32m [0m[32m22087.000000[0m[32m [0m│
│[36m [0m[36mnum_sequences                 [0m[36m [0m│[32m [0m[32m128         [0m[32m [0m│
│[36m [0m[36mnum_tokens                    [0m[36m [0m│[32m [0m[32m35506       [0m[32m [0m│
│[36m [0m[36mprogress                      [0m[36m [0m│[32m [0m[32m0.527027    [0m[32m [0m│
│[36m [0m[36mtime/get_batch                [0m[36m [0m│[32m [0m[32m0.098375    [0m[32m [0m│
│[36m [0m[36mtime/step                     [0m[36m [0m│[32m [0m[32m0.896652    [0m[32m [0m│
│[36m [0m[36mtime/total                    [0m[36m [0m│[32m [0m[32m2.245766    [0m[32m [0m│
│[36m [0m[36mtrain_mean_nll                [0m[36m [0m│[32m [0m[32m1.783142    [0m[32m [0m│
└────────────────────────────────┴──────────────┘
tinker_cookbook.utils.misc_utils:20 [INFO] Starting get_batch
tinker_cookbook.utils.misc_utils:23 [INFO] get_batch took 0.12 seconds
tinker_cookbook.supervised.train:259 [INFO] [33m<|begin_of_text|>User: Hi Skynet, I want to try making salsa for my friend’s potluck, but I know at least one or two people can’t take spicy food. Can you give me a recipe that non-spicy eaters can enjoy? I intend to cut the batch in half and add spicy ingredients to one half, so please give me that part of the instructions too. Thanks!
[0m[33m
[0m[33mAssistant:[0m[32m -	10 vine-ripened or Roma tomatoes, chopped
[0m[32m-	1 large white onion, chopped
[0m[32m-	3-4 cloves garlic, minced 
[0m[32m-	1-2 bunches cilantro, diced
[0m[32m-	Lime juice
[0m[32m-	Salt and pepper
[0m[32m-	1 mango, diced (optional)
[0m[32m-	1 tomatillo, diced (optional)
[0m[32m
[0m[32mTo the spicy portion, you can add:
[0m[32m
[0m[32m-	1 small can of hatch green chilis, chopped
[0m[32m-	2-3 serrano or jalapeno peppers, diced
[0m[32m-	Chili powder and cumin (optional)
[0m[32m
[0m[32mCut up all the non-spicy ingredients as necessary. If you prefer, you can use a food processor to speed up the chopping process. Taste-test it to determine how much salt, pepper, and lime juice is necessary. Once you’re satisfied, divide your salsa into two containers and set one aside. It's best to store the non-spicy portion away before you cut up your spicy ingredients just to make sure you don't accidentally add them where they don't belong.
[0m[32m
[0m[32mThe remaining half will be your spicy salsa. Chop your chilis and spicy peppers and add them as necessary. Note that serrano or jalapeno peppers do not always have consistent levels of spice, so you may want to start with one pepper and test how hot it tastes. Add as much as you feel is necessary. 
[0m[32m
[0m[32mKeep the two batches separate and make sure you (and your friends) know which is which. 
[0m[32m
[0m[32mUser:[0m
tinker_cookbook.utils.misc_utils:20 [INFO] Starting evals
tinker_cookbook.utils.misc_utils:23 [INFO] evals took 3.10 seconds
tinker_cookbook.utils.misc_utils:20 [INFO] Starting step
tinker_cookbook.utils.misc_utils:23 [INFO] step took 0.00 seconds
tinker_cookbook.utils.ml_log:145 [INFO] Wrote metrics to \tmp\tinker-examples\sl_basic\metrics.jsonl
tinker_cookbook.utils.ml_log:197 [INFO] 
[3m                     Step 39                     [0m
┏━━━━━━━━━━━━━━━━━━━━━━━━━━━━━━━━┳━━━━━━━━━━━━━━┓
┃[1;35m [0m[1;35mMetric                        [0m[1;35m [0m┃[1;35m [0m[1;35mValue       [0m[1;35m [0m┃
┡━━━━━━━━━━━━━━━━━━━━━━━━━━━━━━━━╇━━━━━━━━━━━━━━┩
│[36m [0m[36mepoch                         [0m[36m [0m│[32m [0m[32m0           [0m[32m [0m│
│[36m [0m[36mlearning_rate                 [0m[36m [0m│[32m [0m[32m0.000095    [0m[32m [0m│
│[36m [0m[36mnum_loss_tokens               [0m[36m [0m│[32m [0m[32m24017.000000[0m[32m [0m│
│[36m [0m[36mnum_sequences                 [0m[36m [0m│[32m [0m[32m128         [0m[32m [0m│
│[36m [0m[36mnum_tokens                    [0m[36m [0m│[32m [0m[32m34148       [0m[32m [0m│
│[36m [0m[36mprogress                      [0m[36m [0m│[32m [0m[32m0.540541    [0m[32m [0m│
│[36m [0m[36mtime/get_batch                [0m[36m [0m│[32m [0m[32m0.103906    [0m[32m [0m│
│[36m [0m[36mtime/step                     [0m[36m [0m│[32m [0m[32m0.002318    [0m[32m [0m│
│[36m [0m[36mtime/total                    [0m[36m [0m│[32m [0m[32m4.286115    [0m[32m [0m│
│[36m [0m[36mtrain_mean_nll                [0m[36m [0m│[32m [0m[32m1.756472    [0m[32m [0m│
└────────────────────────────────┴──────────────┘
tinker_cookbook.utils.misc_utils:20 [INFO] Starting get_batch
tinker_cookbook.utils.misc_utils:23 [INFO] get_batch took 0.12 seconds
tinker_cookbook.supervised.train:259 [INFO] [33m<|begin_of_text|>User: Write a tweet about watching the Golden State Warriors play the Los Angeles Lakers and it is entertaining and nail-biting. End it with these hashtags: #GSWarriors #Playoffs #LALakers #basketball #NBA
[0m[33m
[0m[33mAssistant:[0m[32m Everyone has been waiting to see this and it has not disappointed! Watching the Golden State Warriors play against the Los Angeles Lakers has me sitting on the edge of my seat! 
[0m[32m#GSWarriors #Playoffs #LALakers #basketball #NBA
[0m[32m
[0m[32mUser:[0m
tinker_cookbook.utils.misc_utils:20 [INFO] Starting save_checkpoint
tinker_cookbook.checkpoint_utils:81 [INFO] Saved checkpoints: {'state_path': 'tinker://92c308d4-09a8-566d-b33f-824d618e9aef:train:0/weights/000040', 'sampler_path': 'tinker://92c308d4-09a8-566d-b33f-824d618e9aef:train:0/sampler_weights/000040'}
tinker_cookbook.utils.misc_utils:23 [INFO] save_checkpoint took 9.11 seconds
tinker_cookbook.utils.misc_utils:20 [INFO] Starting step
tinker_cookbook.utils.misc_utils:23 [INFO] step took 0.00 seconds
tinker_cookbook.utils.ml_log:145 [INFO] Wrote metrics to \tmp\tinker-examples\sl_basic\metrics.jsonl
tinker_cookbook.utils.ml_log:197 [INFO] 
[3m                     Step 40                     [0m
┏━━━━━━━━━━━━━━━━━━━━━━━━━━━━━━━━┳━━━━━━━━━━━━━━┓
┃[1;35m [0m[1;35mMetric                        [0m[1;35m [0m┃[1;35m [0m[1;35mValue       [0m[1;35m [0m┃
┡━━━━━━━━━━━━━━━━━━━━━━━━━━━━━━━━╇━━━━━━━━━━━━━━┩
│[36m [0m[36mepoch                         [0m[36m [0m│[32m [0m[32m0           [0m[32m [0m│
│[36m [0m[36mlearning_rate                 [0m[36m [0m│[32m [0m[32m0.000092    [0m[32m [0m│
│[36m [0m[36mnum_loss_tokens               [0m[36m [0m│[32m [0m[32m25167.000000[0m[32m [0m│
│[36m [0m[36mnum_sequences                 [0m[36m [0m│[32m [0m[32m128         [0m[32m [0m│
│[36m [0m[36mnum_tokens                    [0m[36m [0m│[32m [0m[32m39048       [0m[32m [0m│
│[36m [0m[36mprogress                      [0m[36m [0m│[32m [0m[32m0.554054    [0m[32m [0m│
│[36m [0m[36mtest/nll                      [0m[36m [0m│[32m [0m[32m1.765801    [0m[32m [0m│
│[36m [0m[36mtime/evals                    [0m[36m [0m│[32m [0m[32m3.099509    [0m[32m [0m│
│[36m [0m[36mtime/get_batch                [0m[36m [0m│[32m [0m[32m0.122679    [0m[32m [0m│
│[36m [0m[36mtime/save_checkpoint          [0m[36m [0m│[32m [0m[32m9.106754    [0m[32m [0m│
│[36m [0m[36mtime/step                     [0m[36m [0m│[32m [0m[32m0.000289    [0m[32m [0m│
│[36m [0m[36mtime/total                    [0m[36m [0m│[32m [0m[32m12.502226   [0m[32m [0m│
│[36m [0m[36mtrain_mean_nll                [0m[36m [0m│[32m [0m[32m1.823339    [0m[32m [0m│
└────────────────────────────────┴──────────────┘
tinker_cookbook.utils.misc_utils:20 [INFO] Starting get_batch
tinker_cookbook.utils.misc_utils:23 [INFO] get_batch took 0.11 seconds
tinker_cookbook.supervised.train:259 [INFO] [33m<|begin_of_text|>User: I'm going to be in Oregon for a few months and I'd really like to find some nice spots to go camping, but I don't want to rough it. I want to be very comfortable. Can you recommend some places to check out that offer something like "glamping"?
[0m[33m
[0m[33mAssistant:[0m[32m Oregon has so many wonderful places to spend the night outdoors in comfort. Here are a few to get you started:
[0m[32m
[0m[32m1. Tiny Farmhouse Sanctuary - half an hour outside of Portland, this 247-foot tiny house is well-equipped to keep you in comfort during your stay. There are many nearby activities too, including horseback riding.
[0m[32m
[0m[32m2. Camp Heaven -  this is true glamping in the woods, but in tents unlike any you've likely seen before. They are quite luxurious and comfortable.
[0m[32m
[0m[32m3. Bali House - this house fits two people and is located on an organic farm half an hour from Portland. You can enjoy the waterfalls while you're here at nearby Silver Falls State Park.
[0m[32m
[0m[32m4. Airstream Camping Adventure - there is an outdoor shower here, but don't worry, there's also a full-sized bathroom and a kitchen inside this cool Airstream camper. The Clackamas River is just a short drive away if you're looking for a day trip while you're there.
[0m[32m
[0m[32m5. Wake in the Wild - located on a farm an hour outside of Portland, camping here will offer a tipi and an Airstream as options, both with a fully-equipped kitchen, and a bathroom and shower. 
[0m[32m
[0m[32mUser:[0m
tinker_cookbook.utils.misc_utils:20 [INFO] Starting step
tinker_cookbook.utils.misc_utils:23 [INFO] step took 0.00 seconds
tinker_cookbook.utils.ml_log:145 [INFO] Wrote metrics to \tmp\tinker-examples\sl_basic\metrics.jsonl
tinker_cookbook.utils.ml_log:197 [INFO] 
[3m                     Step 41                     [0m
┏━━━━━━━━━━━━━━━━━━━━━━━━━━━━━━━━┳━━━━━━━━━━━━━━┓
┃[1;35m [0m[1;35mMetric                        [0m[1;35m [0m┃[1;35m [0m[1;35mValue       [0m[1;35m [0m┃
┡━━━━━━━━━━━━━━━━━━━━━━━━━━━━━━━━╇━━━━━━━━━━━━━━┩
│[36m [0m[36mepoch                         [0m[36m [0m│[32m [0m[32m0           [0m[32m [0m│
│[36m [0m[36mlearning_rate                 [0m[36m [0m│[32m [0m[32m0.000089    [0m[32m [0m│
│[36m [0m[36mnum_loss_tokens               [0m[36m [0m│[32m [0m[32m27750.000000[0m[32m [0m│
│[36m [0m[36mnum_sequences                 [0m[36m [0m│[32m [0m[32m128         [0m[32m [0m│
│[36m [0m[36mnum_tokens                    [0m[36m [0m│[32m [0m[32m42289       [0m[32m [0m│
│[36m [0m[36mprogress                      [0m[36m [0m│[32m [0m[32m0.567568    [0m[32m [0m│
│[36m [0m[36mtime/get_batch                [0m[36m [0m│[32m [0m[32m0.125230    [0m[32m [0m│
│[36m [0m[36mtime/step                     [0m[36m [0m│[32m [0m[32m0.001292    [0m[32m [0m│
│[36m [0m[36mtime/total                    [0m[36m [0m│[32m [0m[32m9.387679    [0m[32m [0m│
│[36m [0m[36mtrain_mean_nll                [0m[36m [0m│[32m [0m[32m1.660028    [0m[32m [0m│
└────────────────────────────────┴──────────────┘
tinker_cookbook.utils.misc_utils:20 [INFO] Starting get_batch
tinker_cookbook.utils.misc_utils:23 [INFO] get_batch took 0.12 seconds
tinker_cookbook.supervised.train:259 [INFO] [33m<|begin_of_text|>User: Which famous American lawyer famously coined the phrase "Jane Crow" concerning restrictive civil liberties?
[0m[33m
[0m[33mAssistant:[0m[32m Pauli Murray coined the phrase "Jane Crow." In the 1940s, Murray was the only woman in a class of law students. At the time, the U.S. laws protected segregation by racial background often referred to as Jim Crow laws. Murray took that idea a step further and characterized prejudice against women using the term "Jane Crow." As a law student, Murray wrote a paper on the unconstitutionality of the Supreme Court case of Plessy v. Ferguson. She argued that the case violated the Fourteenth Amendment's Equal Protection Clause. Her argument was so influential that her professor gave her paper to Thurgood Marshall and his team and helped them develop their argument against segregation. Murray not only influenced the career of Marshall but also another U.S. Supreme Court Justice: Ruth Bader Ginsburg. A 2021 documentary about Murray, called "My Name is Pauli Murray," focused on her life and career as a brilliant, queer, Black, gender-nonconforming scholar.
[0m[32m
[0m[32mUser:[0m
tinker_cookbook.utils.misc_utils:20 [INFO] Starting step
tinker_cookbook.utils.misc_utils:23 [INFO] step took 3.53 seconds
tinker_cookbook.utils.ml_log:145 [INFO] Wrote metrics to \tmp\tinker-examples\sl_basic\metrics.jsonl
tinker_cookbook.utils.ml_log:197 [INFO] 
[3m                     Step 42                     [0m
┏━━━━━━━━━━━━━━━━━━━━━━━━━━━━━━━━┳━━━━━━━━━━━━━━┓
┃[1;35m [0m[1;35mMetric                        [0m[1;35m [0m┃[1;35m [0m[1;35mValue       [0m[1;35m [0m┃
┡━━━━━━━━━━━━━━━━━━━━━━━━━━━━━━━━╇━━━━━━━━━━━━━━┩
│[36m [0m[36mepoch                         [0m[36m [0m│[32m [0m[32m0           [0m[32m [0m│
│[36m [0m[36mlearning_rate                 [0m[36m [0m│[32m [0m[32m0.000086    [0m[32m [0m│
│[36m [0m[36mnum_loss_tokens               [0m[36m [0m│[32m [0m[32m26114.000000[0m[32m [0m│
│[36m [0m[36mnum_sequences                 [0m[36m [0m│[32m [0m[32m128         [0m[32m [0m│
│[36m [0m[36mnum_tokens                    [0m[36m [0m│[32m [0m[32m40623       [0m[32m [0m│
│[36m [0m[36mprogress                      [0m[36m [0m│[32m [0m[32m0.581081    [0m[32m [0m│
│[36m [0m[36mtime/get_batch                [0m[36m [0m│[32m [0m[32m0.110906    [0m[32m [0m│
│[36m [0m[36mtime/step                     [0m[36m [0m│[32m [0m[32m3.525495    [0m[32m [0m│
│[36m [0m[36mtime/total                    [0m[36m [0m│[32m [0m[32m3.800086    [0m[32m [0m│
│[36m [0m[36mtrain_mean_nll                [0m[36m [0m│[32m [0m[32m1.653116    [0m[32m [0m│
└────────────────────────────────┴──────────────┘
tinker_cookbook.utils.misc_utils:20 [INFO] Starting get_batch
tinker_cookbook.utils.misc_utils:23 [INFO] get_batch took 0.10 seconds
tinker_cookbook.supervised.train:259 [INFO] [33m<|begin_of_text|>User: What was the largest concert attendance ever in the United States?  Where was it held?  Any interesting Facts?
[0m[33m
[0m[33mAssistant:[0m[32m The Grateful Dead currently holds the record for the largest attendance ever. The concert was attended by a crowd estimated to be between 90,000-150,000, which remains the largest ticketed concert in the United States to date. 
[0m[32mThe concert was held at Raceway Park, Englishtown, New Jersey on September 3, 1977. 
[0m[32mManalapan township sued in an attempt to prevent the show from happening. They claimed that it would violate a state law that dictated that any concert lasting over 18 hours and yielding over 3,000 people required a permit.
[0m[32mA vendor who owned three concession stands at the concert stated the crowd had purchased an estimated 200,000 cans of soda and 15,000 pounds of hotdogs.
[0m[32mThe Marshall Tucker Band opened the event and as they finished, a woman went into labor. She was taken by helicopter to a hospital and gave birth to a healthy baby boy. 
[0m[32m
[0m[32m
[0m[32mUser:[0m
tinker_cookbook.utils.misc_utils:20 [INFO] Starting step
tinker_cookbook.utils.misc_utils:23 [INFO] step took 0.84 seconds
tinker_cookbook.utils.ml_log:145 [INFO] Wrote metrics to \tmp\tinker-examples\sl_basic\metrics.jsonl
tinker_cookbook.utils.ml_log:197 [INFO] 
[3m                     Step 43                     [0m
┏━━━━━━━━━━━━━━━━━━━━━━━━━━━━━━━━┳━━━━━━━━━━━━━━┓
┃[1;35m [0m[1;35mMetric                        [0m[1;35m [0m┃[1;35m [0m[1;35mValue       [0m[1;35m [0m┃
┡━━━━━━━━━━━━━━━━━━━━━━━━━━━━━━━━╇━━━━━━━━━━━━━━┩
│[36m [0m[36mepoch                         [0m[36m [0m│[32m [0m[32m0           [0m[32m [0m│
│[36m [0m[36mlearning_rate                 [0m[36m [0m│[32m [0m[32m0.000084    [0m[32m [0m│
│[36m [0m[36mnum_loss_tokens               [0m[36m [0m│[32m [0m[32m24710.000000[0m[32m [0m│
│[36m [0m[36mnum_sequences                 [0m[36m [0m│[32m [0m[32m128         [0m[32m [0m│
│[36m [0m[36mnum_tokens                    [0m[36m [0m│[32m [0m[32m36819       [0m[32m [0m│
│[36m [0m[36mprogress                      [0m[36m [0m│[32m [0m[32m0.594595    [0m[32m [0m│
│[36m [0m[36mtime/get_batch                [0m[36m [0m│[32m [0m[32m0.118361    [0m[32m [0m│
│[36m [0m[36mtime/step                     [0m[36m [0m│[32m [0m[32m0.844854    [0m[32m [0m│
│[36m [0m[36mtime/total                    [0m[36m [0m│[32m [0m[32m4.635356    [0m[32m [0m│
│[36m [0m[36mtrain_mean_nll                [0m[36m [0m│[32m [0m[32m1.690669    [0m[32m [0m│
└────────────────────────────────┴──────────────┘
tinker_cookbook.utils.misc_utils:20 [INFO] Starting get_batch
tinker_cookbook.utils.misc_utils:23 [INFO] get_batch took 0.13 seconds
tinker_cookbook.supervised.train:259 [INFO] [33m<|begin_of_text|>System: Dave is an optimistic bot that helps James see the silver linings in situations.
[0m[33m
[0m[33mUser: We won't have Secret Santa at my office this year.
[0m[33m
[0m[33mAssistant:[0m[32m On the plus side, you get to save the money that would have bought someone a gift.
[0m[32m
[0m[33mUser: I have nowhere to go for the weekend.
[0m[33m
[0m[33mAssistant:[0m[32m At least that gives you time to decompress. You might even get a chance to play that game or watch that movie you hadn't had time to.
[0m[32m
[0m[33mUser: My car is at the shop and now I have to bike everywhere.
[0m[33m
[0m[33mAssistant:[0m[32m That means you get some exercise and breathe in some fresh air every day. Sound like a win to me!
[0m[32m
[0m[32mUser:[0m
tinker_cookbook.utils.misc_utils:20 [INFO] Starting step
tinker_cookbook.utils.misc_utils:23 [INFO] step took 0.70 seconds
tinker_cookbook.utils.ml_log:145 [INFO] Wrote metrics to \tmp\tinker-examples\sl_basic\metrics.jsonl
tinker_cookbook.utils.ml_log:197 [INFO] 
[3m                     Step 44                     [0m
┏━━━━━━━━━━━━━━━━━━━━━━━━━━━━━━━━┳━━━━━━━━━━━━━━┓
┃[1;35m [0m[1;35mMetric                        [0m[1;35m [0m┃[1;35m [0m[1;35mValue       [0m[1;35m [0m┃
┡━━━━━━━━━━━━━━━━━━━━━━━━━━━━━━━━╇━━━━━━━━━━━━━━┩
│[36m [0m[36mepoch                         [0m[36m [0m│[32m [0m[32m0           [0m[32m [0m│
│[36m [0m[36mlearning_rate                 [0m[36m [0m│[32m [0m[32m0.000081    [0m[32m [0m│
│[36m [0m[36mnum_loss_tokens               [0m[36m [0m│[32m [0m[32m23493.000000[0m[32m [0m│
│[36m [0m[36mnum_sequences                 [0m[36m [0m│[32m [0m[32m128         [0m[32m [0m│
│[36m [0m[36mnum_tokens                    [0m[36m [0m│[32m [0m[32m34515       [0m[32m [0m│
│[36m [0m[36mprogress                      [0m[36m [0m│[32m [0m[32m0.608108    [0m[32m [0m│
│[36m [0m[36mtime/get_batch                [0m[36m [0m│[32m [0m[32m0.105033    [0m[32m [0m│
│[36m [0m[36mtime/step                     [0m[36m [0m│[32m [0m[32m0.696011    [0m[32m [0m│
│[36m [0m[36mtime/total                    [0m[36m [0m│[32m [0m[32m1.840255    [0m[32m [0m│
│[36m [0m[36mtrain_mean_nll                [0m[36m [0m│[32m [0m[32m1.845838    [0m[32m [0m│
└────────────────────────────────┴──────────────┘
tinker_cookbook.utils.misc_utils:20 [INFO] Starting get_batch
tinker_cookbook.utils.misc_utils:23 [INFO] get_batch took 0.11 seconds
tinker_cookbook.supervised.train:259 [INFO] [33m<|begin_of_text|>User: Briefly summarize what this scientific news article says about the phenomenon of gravitational lensing caused by massive cosmic objects like galaxy clusters.
[0m[33m
[0m[33mHere's the source text:
[0m[33mThe 1915 theory, which is occasionally called Einstein's geometric theory of gravity, predicts that, as bowling balls placed on a trampoline create a depression, objects with mass cause the very fabric of space-time to warp. This curvature gives rise to the force of gravity. And the greater the mass of a cosmic object, the more extreme the warping of space it causes.
[0m[33m
[0m[33mLight travels across the universe in straight lines, but when it encounters a warp caused by a truly massive object, its path is curved. When the warping object is between Earth and a background object, it can curve light in such a way that the apparent position of the background object is shifted.
[0m[33m
[0m[33mBut when the intermediate or "lensing object" is truly massive — like a monstrous cluster of galaxies, for example — light from the background source takes a different amount of time to reach Earth depending on how close it passes to the natural cosmic lens. 
[0m[33m
[0m[33mThis effect, called gravitational lensing, can make single objects appear at multiple points in the sky, often in stunning arrangements called Einstein rings and Einstein crosses. It can also cause background objects to appear amplified in the sky, a powerful effect that astronomers use to observe distant and early faint galaxies.
[0m[33m
[0m[33mThe distortion caused by massive clusters like eMACS J1823.1+7822 can also help astronomers study mysterious dark matter, which accounts for around 85% of the mass in the universe but is invisible because it does not interact with electromagnetic radiation. Because dark matter does interact gravitationally, however, the lensing of light by a galaxy or galactic cluster can help researchers map the distribution of dark matter.
[0m[33m
[0m[33mAssistant:[0m[32m This scientific news article discusses gravitational lensing, which is caused by massive cosmic objects and is in line with Einstein's theory of gravity. Objects with high mass can cause the bending of light paths due to the warping of space-time. Gravitational lensing occurs when a large object bends the path of light, causing a shift in the apparent position of a background object. Gravitational lensing creates stunning visual effects such as Einstein rings and crosses. Gravitational lensing helps astronomers see distant and faint galaxies by making them appear larger in the sky. Massive galaxy clusters like eMACS J1823.1+7822 help scientists map the distribution of dark matter, which makes up a significant portion of the universe's mass.
[0m[32m
[0m[32mUser:[0m
tinker_cookbook.utils.misc_utils:20 [INFO] Starting step
tinker_cookbook.utils.misc_utils:23 [INFO] step took 1.34 seconds
tinker_cookbook.utils.ml_log:145 [INFO] Wrote metrics to \tmp\tinker-examples\sl_basic\metrics.jsonl
tinker_cookbook.utils.ml_log:197 [INFO] 
[3m                     Step 45                     [0m
┏━━━━━━━━━━━━━━━━━━━━━━━━━━━━━━━━┳━━━━━━━━━━━━━━┓
┃[1;35m [0m[1;35mMetric                        [0m[1;35m [0m┃[1;35m [0m[1;35mValue       [0m[1;35m [0m┃
┡━━━━━━━━━━━━━━━━━━━━━━━━━━━━━━━━╇━━━━━━━━━━━━━━┩
│[36m [0m[36mepoch                         [0m[36m [0m│[32m [0m[32m0           [0m[32m [0m│
│[36m [0m[36mlearning_rate                 [0m[36m [0m│[32m [0m[32m0.000078    [0m[32m [0m│
│[36m [0m[36mnum_loss_tokens               [0m[36m [0m│[32m [0m[32m27496.000000[0m[32m [0m│
│[36m [0m[36mnum_sequences                 [0m[36m [0m│[32m [0m[32m128         [0m[32m [0m│
│[36m [0m[36mnum_tokens                    [0m[36m [0m│[32m [0m[32m43057       [0m[32m [0m│
│[36m [0m[36mprogress                      [0m[36m [0m│[32m [0m[32m0.621622    [0m[32m [0m│
│[36m [0m[36mtime/get_batch                [0m[36m [0m│[32m [0m[32m0.132529    [0m[32m [0m│
│[36m [0m[36mtime/step                     [0m[36m [0m│[32m [0m[32m1.340640    [0m[32m [0m│
│[36m [0m[36mtime/total                    [0m[36m [0m│[32m [0m[32m2.326368    [0m[32m [0m│
│[36m [0m[36mtrain_mean_nll                [0m[36m [0m│[32m [0m[32m1.565122    [0m[32m [0m│
└────────────────────────────────┴──────────────┘
tinker_cookbook.utils.misc_utils:20 [INFO] Starting get_batch
tinker_cookbook.utils.misc_utils:23 [INFO] get_batch took 0.10 seconds
tinker_cookbook.supervised.train:259 [INFO] [33m<|begin_of_text|>User: How many Oscars did Edith Head win?
[0m[33m
[0m[33mAssistant:[0m[32m Edith Head won eight Academy Awards for costume design between 1949 and 1973. She holds the record for the most Oscars awarded to a woman. She received a total of 35 nominations during her career.
[0m[32m
[0m[32mUser:[0m
tinker_cookbook.utils.misc_utils:20 [INFO] Starting step
tinker_cookbook.utils.misc_utils:23 [INFO] step took 1.17 seconds
tinker_cookbook.utils.ml_log:145 [INFO] Wrote metrics to \tmp\tinker-examples\sl_basic\metrics.jsonl
tinker_cookbook.utils.ml_log:197 [INFO] 
[3m                     Step 46                     [0m
┏━━━━━━━━━━━━━━━━━━━━━━━━━━━━━━━━┳━━━━━━━━━━━━━━┓
┃[1;35m [0m[1;35mMetric                        [0m[1;35m [0m┃[1;35m [0m[1;35mValue       [0m[1;35m [0m┃
┡━━━━━━━━━━━━━━━━━━━━━━━━━━━━━━━━╇━━━━━━━━━━━━━━┩
│[36m [0m[36mepoch                         [0m[36m [0m│[32m [0m[32m0           [0m[32m [0m│
│[36m [0m[36mlearning_rate                 [0m[36m [0m│[32m [0m[32m0.000076    [0m[32m [0m│
│[36m [0m[36mnum_loss_tokens               [0m[36m [0m│[32m [0m[32m22883.000000[0m[32m [0m│
│[36m [0m[36mnum_sequences                 [0m[36m [0m│[32m [0m[32m128         [0m[32m [0m│
│[36m [0m[36mnum_tokens                    [0m[36m [0m│[32m [0m[32m36304       [0m[32m [0m│
│[36m [0m[36mprogress                      [0m[36m [0m│[32m [0m[32m0.635135    [0m[32m [0m│
│[36m [0m[36mtime/get_batch                [0m[36m [0m│[32m [0m[32m0.112185    [0m[32m [0m│
│[36m [0m[36mtime/step                     [0m[36m [0m│[32m [0m[32m1.172998    [0m[32m [0m│
│[36m [0m[36mtime/total                    [0m[36m [0m│[32m [0m[32m2.758204    [0m[32m [0m│
│[36m [0m[36mtrain_mean_nll                [0m[36m [0m│[32m [0m[32m1.829858    [0m[32m [0m│
└────────────────────────────────┴──────────────┘
tinker_cookbook.utils.misc_utils:20 [INFO] Starting get_batch
tinker_cookbook.utils.misc_utils:23 [INFO] get_batch took 0.10 seconds
tinker_cookbook.supervised.train:259 [INFO] [33m<|begin_of_text|>User: Computer, how do you define “ceramic materials?” How long have people used them?
[0m[33m
[0m[33mAssistant:[0m[32m Ceramics are a wide category of materials. At the most basic, a ceramic material is one that is not based around metallic elements or around organic (carbon-hydrogen) molecules. They can usually withstand temperatures of 1,000 degrees Celsius without degrading and some formulations can take much higher heat loads.
[0m[32m
[0m[32mSome elements on the periodic table can be considered ceramic on their own. Pure carbon and silicon are among the more common elements that can be considered ceramic. Artificial ceramics are made by forming the item you want from clay or a conglomeration of specialty materials and then heating (firing) it until the material will no longer dissolve in water. Many ceramic items are also glazed on the surface so that water cannot soak into the material’s natural pores. 
[0m[32m
[0m[32mModern materials scientists have formulated specialty ceramics, but at their most basic, humans have been making artificial ceramics for at least 26,000 years. The oldest known archaeological evidence of artificial ceramic items were sculptures. 19,000-year-old pottery fragments are known, but ceramic pottery doesn’t appear to have become very common until about 10,000 years ago.
[0m[32m
[0m[32mUser:[0m
tinker_cookbook.utils.misc_utils:20 [INFO] Starting evals
tinker_cookbook.utils.misc_utils:23 [INFO] evals took 2.85 seconds
tinker_cookbook.utils.misc_utils:20 [INFO] Starting step
tinker_cookbook.utils.misc_utils:23 [INFO] step took 0.00 seconds
tinker_cookbook.utils.ml_log:145 [INFO] Wrote metrics to \tmp\tinker-examples\sl_basic\metrics.jsonl
tinker_cookbook.utils.ml_log:197 [INFO] 
[3m                     Step 47                     [0m
┏━━━━━━━━━━━━━━━━━━━━━━━━━━━━━━━━┳━━━━━━━━━━━━━━┓
┃[1;35m [0m[1;35mMetric                        [0m[1;35m [0m┃[1;35m [0m[1;35mValue       [0m[1;35m [0m┃
┡━━━━━━━━━━━━━━━━━━━━━━━━━━━━━━━━╇━━━━━━━━━━━━━━┩
│[36m [0m[36mepoch                         [0m[36m [0m│[32m [0m[32m0           [0m[32m [0m│
│[36m [0m[36mlearning_rate                 [0m[36m [0m│[32m [0m[32m0.000073    [0m[32m [0m│
│[36m [0m[36mnum_loss_tokens               [0m[36m [0m│[32m [0m[32m23405.000000[0m[32m [0m│
│[36m [0m[36mnum_sequences                 [0m[36m [0m│[32m [0m[32m128         [0m[32m [0m│
│[36m [0m[36mnum_tokens                    [0m[36m [0m│[32m [0m[32m33723       [0m[32m [0m│
│[36m [0m[36mprogress                      [0m[36m [0m│[32m [0m[32m0.648649    [0m[32m [0m│
│[36m [0m[36mtime/get_batch                [0m[36m [0m│[32m [0m[32m0.096134    [0m[32m [0m│
│[36m [0m[36mtime/step                     [0m[36m [0m│[32m [0m[32m0.002421    [0m[32m [0m│
│[36m [0m[36mtime/total                    [0m[36m [0m│[32m [0m[32m4.275287    [0m[32m [0m│
│[36m [0m[36mtrain_mean_nll                [0m[36m [0m│[32m [0m[32m1.756374    [0m[32m [0m│
└────────────────────────────────┴──────────────┘
tinker_cookbook.utils.misc_utils:20 [INFO] Starting get_batch
tinker_cookbook.utils.misc_utils:23 [INFO] get_batch took 0.10 seconds
tinker_cookbook.supervised.train:259 [INFO] [33m<|begin_of_text|>User: Turn this into a country song
[0m[33m
[0m[33mIn the early 1900s, wartime nurses realized that the cellulose bandages they used to dress soldiers’ wounds absorbed blood better than plain cotton. Those bandages became the inspiration behind the first disposable pads. This advance, interestingly, coincided with another key historical development—the fight for women’s suffrage. The year 1920 marked a profound advance on both fronts: the debut of the Kotex brand and the ratification of the 19th Amendment to the U.S. Constitution.
[0m[33m
[0m[33mTampons with cardboard applicators and menstrual cups arrived just over a decade later. While internal protection wasn’t a particularly new idea—over the centuries, women spanning the globe have used a wide variety of materials including lint, flax, cotton, paper, wool, plants, grass or essentially anything absorbent—it still sparked concerns among those who feared it sexual in nature. As women entered the workforce in greater numbers during World War II, though, practicality won the day.
[0m[33m
[0m[33mWith the advent of disposable pads and tampons, in particular, public messaging about menstruation was channeled almost exclusively through marketing and advertising campaigns. Discretion was the rule: Packaging was plain and nondescript; separate payment tins on store counters ensured no words or sideways glances would be exchanged.
[0m[33m
[0m[33mAssistant:[0m[32m (Verse 1)
[0m[32mBack in the early 1900s, a story unfolds,
[0m[32mWartime nurses found a way to break the molds.
[0m[32mCellulose bandages soaked up blood with might,
[0m[32mAnd that's where the journey began, shining so bright.
[0m[32m
[0m[32m(Chorus)
[0m[32mInspired by war, they created something new,
[0m[32mDisposable pads, helping women through.
[0m[32mIn 1920, a revolution took place,
[0m[32mKotex brand debuted, suffrage brought grace.
[0m[32m
[0m[32m(Verse 2)
[0m[32mA decade passed, and along came more,
[0m[32mTampons and cups knocking on the door.
[0m[32mWomen used various things over time,
[0m[32mLint, cotton, even plants, absorbency so prime.
[0m[32m
[0m[32m(Chorus)
[0m[32mSome feared it was too intimate, a taboo,
[0m[32mBut practicality prevailed, and the doubts withdrew.
[0m[32mWorld War II brought women to the fore,
[0m[32mWorkforce numbers rising, like never before.
[0m[32m
[0m[32m(Bridge)
[0m[32mDisposable pads and tampons took the stage,
[0m[32mMarketing and ads became all the rage.
[0m[32mQuiet packaging and payment tins discrete,
[0m[32mNo words or glances, just privacy sweet.
[0m[32m
[0m[32m(Chorus)
[0m[32mThe messages were spread, through campaigns bold,
[0m[32mAbout menstruation, a story to be told.
[0m[32mMarketing with discretion, their rule of thumb,
[0m[32mNo one should feel uncomfortable or overcome.
[0m[32m
[0m[32m(Verse 3)
[0m[32mThese products became a part of our lives,
[0m[32mThrough marketing efforts, they started to thrive.
[0m[32mPlain packages, no need for shame or strife,
[0m[32mMenstruation's a natural part of life.
[0m[32m
[0m[32m(Chorus)
[0m[32mTimes have changed, but the journey remains,
[0m[32mFrom those early days, progress still gains.
[0m[32mMenstruation's embraced, with dignity and grace,
[0m[32mA country moving forward, in every single place.
[0m[32m
[0m[32mUser:[0m
tinker_cookbook.utils.misc_utils:20 [INFO] Starting step
tinker_cookbook.utils.misc_utils:23 [INFO] step took 1.60 seconds
tinker_cookbook.utils.ml_log:145 [INFO] Wrote metrics to \tmp\tinker-examples\sl_basic\metrics.jsonl
tinker_cookbook.utils.ml_log:197 [INFO] 
[3m                     Step 48                     [0m
┏━━━━━━━━━━━━━━━━━━━━━━━━━━━━━━━━┳━━━━━━━━━━━━━━┓
┃[1;35m [0m[1;35mMetric                        [0m[1;35m [0m┃[1;35m [0m[1;35mValue       [0m[1;35m [0m┃
┡━━━━━━━━━━━━━━━━━━━━━━━━━━━━━━━━╇━━━━━━━━━━━━━━┩
│[36m [0m[36mepoch                         [0m[36m [0m│[32m [0m[32m0           [0m[32m [0m│
│[36m [0m[36mlearning_rate                 [0m[36m [0m│[32m [0m[32m0.000070    [0m[32m [0m│
│[36m [0m[36mnum_loss_tokens               [0m[36m [0m│[32m [0m[32m21320.000000[0m[32m [0m│
│[36m [0m[36mnum_sequences                 [0m[36m [0m│[32m [0m[32m128         [0m[32m [0m│
│[36m [0m[36mnum_tokens                    [0m[36m [0m│[32m [0m[32m35710       [0m[32m [0m│
│[36m [0m[36mprogress                      [0m[36m [0m│[32m [0m[32m0.662162    [0m[32m [0m│
│[36m [0m[36mtest/nll                      [0m[36m [0m│[32m [0m[32m1.764209    [0m[32m [0m│
│[36m [0m[36mtime/evals                    [0m[36m [0m│[32m [0m[32m2.847044    [0m[32m [0m│
│[36m [0m[36mtime/get_batch                [0m[36m [0m│[32m [0m[32m0.103871    [0m[32m [0m│
│[36m [0m[36mtime/step                     [0m[36m [0m│[32m [0m[32m1.602374    [0m[32m [0m│
│[36m [0m[36mtime/total                    [0m[36m [0m│[32m [0m[32m4.700282    [0m[32m [0m│
│[36m [0m[36mtrain_mean_nll                [0m[36m [0m│[32m [0m[32m1.743570    [0m[32m [0m│
└────────────────────────────────┴──────────────┘
tinker_cookbook.utils.misc_utils:20 [INFO] Starting get_batch
tinker_cookbook.utils.misc_utils:23 [INFO] get_batch took 0.09 seconds
tinker_cookbook.supervised.train:259 [INFO] [33m<|begin_of_text|>User: What are some things I could do for a side hustle while still working my 9-5 job?
[0m[33m
[0m[33mAssistant:[0m[32m The gig economy is booming. There are many side hustles you can do both in person and virtually if you'd like to earn extra money or develop a passive income. Here are some ideas for things you could do on the side to make money while still working a traditional day job:
[0m[32m
[0m[32m1. Edit Videos. Oftentimes brands need to produce promotional materials but don't necessarily have the time or expertise to do it in-house, so they hire freelancers to edit video content. 
[0m[32m2. Sell NFTs. Non-fungible tokens are used to buy and sell products online. If you have something creative to sell, NFTs can be a great way to turn a steady profit. 
[0m[32m3. Be a social media manager. Many companies or small businesses need a social media presence but don't necessarily want to deal with posting and coming up with good content all of the time. This is why many businesses will hire someone else to do this for them. 
[0m[32m4. Be a virtual assistant. This is a straightforward side hustle that can be done from anywhere. 
[0m[32m5. House sit. Housesitting is an industry in itself where people that have second homes or go on vacation but want someone to look after their space, including pets and plants, hire other people to do so. 
[0m[32m6. Teach a language. You don't necessarily have to be bilingual to teach your native language to others, and this can be done virtually or in person. 
[0m[32m7. Rent out your space. Airbnb has made it super simple and profitable to rent out your spare room or your entire home if you aren't using it. 
[0m[32m8. Sell products on Etsy. These can be physical products or digital designs like branding or spreadsheets, for example. 
[0m[32m9. Drive for a rideshare company. If you have a car, driving for Uber or Lyft in your downtime or on the weekends is a great way to earn money on the side. 
[0m[32m10. Deliver food. Depending on where you live, delivering food through Postmates or Deliveroo can be a substantial side hustle and you don't even need a car. 
[0m[32m11. Write an e-book. Since it's possible to self-publish, there's no downside to creating an e-book on a topic you're familiar with and selling it on Amazon. 
[0m[32m12. Create an online course. This is another thing that may require a good amount of work upfront, but can eventually turn into a passive income. 
[0m[32m
[0m[32mUser:[0m
tinker_cookbook.utils.misc_utils:20 [INFO] Starting step
tinker_cookbook.utils.misc_utils:23 [INFO] step took 0.93 seconds
tinker_cookbook.utils.ml_log:145 [INFO] Wrote metrics to \tmp\tinker-examples\sl_basic\metrics.jsonl
tinker_cookbook.utils.ml_log:197 [INFO] 
[3m                     Step 49                     [0m
┏━━━━━━━━━━━━━━━━━━━━━━━━━━━━━━━━┳━━━━━━━━━━━━━━┓
┃[1;35m [0m[1;35mMetric                        [0m[1;35m [0m┃[1;35m [0m[1;35mValue       [0m[1;35m [0m┃
┡━━━━━━━━━━━━━━━━━━━━━━━━━━━━━━━━╇━━━━━━━━━━━━━━┩
│[36m [0m[36mepoch                         [0m[36m [0m│[32m [0m[32m0           [0m[32m [0m│
│[36m [0m[36mlearning_rate                 [0m[36m [0m│[32m [0m[32m0.000068    [0m[32m [0m│
│[36m [0m[36mnum_loss_tokens               [0m[36m [0m│[32m [0m[32m24662.000000[0m[32m [0m│
│[36m [0m[36mnum_sequences                 [0m[36m [0m│[32m [0m[32m128         [0m[32m [0m│
│[36m [0m[36mnum_tokens                    [0m[36m [0m│[32m [0m[32m35378       [0m[32m [0m│
│[36m [0m[36mprogress                      [0m[36m [0m│[32m [0m[32m0.675676    [0m[32m [0m│
│[36m [0m[36mtime/get_batch                [0m[36m [0m│[32m [0m[32m0.104134    [0m[32m [0m│
│[36m [0m[36mtime/step                     [0m[36m [0m│[32m [0m[32m0.928705    [0m[32m [0m│
│[36m [0m[36mtime/total                    [0m[36m [0m│[32m [0m[32m2.767696    [0m[32m [0m│
│[36m [0m[36mtrain_mean_nll                [0m[36m [0m│[32m [0m[32m1.814022    [0m[32m [0m│
└────────────────────────────────┴──────────────┘
tinker_cookbook.utils.misc_utils:20 [INFO] Starting get_batch
tinker_cookbook.utils.misc_utils:23 [INFO] get_batch took 0.10 seconds
tinker_cookbook.supervised.train:259 [INFO] [33m<|begin_of_text|>User: Write a short email to Joe telling him I won't be able to make it to the BBQ this saturday because of my granddaughter's graduation that conflict. Make it very friendly and ask him if you can help with other events to make it up.
[0m[33m
[0m[33mAssistant:[0m[32m Hey Joe,
[0m[32m
[0m[32mSorry, but I won't be able to attend the BBQ this Saturday! I'm bummed that I have to miss it, but my grandaughter's graduation is also this weekend, and I can't miss that!
[0m[32mI would love to help out with future events by bringing food and supplies or coming early to set up. Just let me know!
[0m[32m
[0m[32mYours truly,
[0m[32m[Insert Name]
[0m[32m
[0m[32mUser:[0m
tinker_cookbook.utils.misc_utils:20 [INFO] Starting step
tinker_cookbook.utils.misc_utils:23 [INFO] step took 1.12 seconds
tinker_cookbook.utils.ml_log:145 [INFO] Wrote metrics to \tmp\tinker-examples\sl_basic\metrics.jsonl
tinker_cookbook.utils.ml_log:197 [INFO] 
[3m                     Step 50                     [0m
┏━━━━━━━━━━━━━━━━━━━━━━━━━━━━━━━━┳━━━━━━━━━━━━━━┓
┃[1;35m [0m[1;35mMetric                        [0m[1;35m [0m┃[1;35m [0m[1;35mValue       [0m[1;35m [0m┃
┡━━━━━━━━━━━━━━━━━━━━━━━━━━━━━━━━╇━━━━━━━━━━━━━━┩
│[36m [0m[36mepoch                         [0m[36m [0m│[32m [0m[32m0           [0m[32m [0m│
│[36m [0m[36mlearning_rate                 [0m[36m [0m│[32m [0m[32m0.000065    [0m[32m [0m│
│[36m [0m[36mnum_loss_tokens               [0m[36m [0m│[32m [0m[32m22726.000000[0m[32m [0m│
│[36m [0m[36mnum_sequences                 [0m[36m [0m│[32m [0m[32m128         [0m[32m [0m│
│[36m [0m[36mnum_tokens                    [0m[36m [0m│[32m [0m[32m33237       [0m[32m [0m│
│[36m [0m[36mprogress                      [0m[36m [0m│[32m [0m[32m0.689189    [0m[32m [0m│
│[36m [0m[36mtime/get_batch                [0m[36m [0m│[32m [0m[32m0.095019    [0m[32m [0m│
│[36m [0m[36mtime/step                     [0m[36m [0m│[32m [0m[32m1.123715    [0m[32m [0m│
│[36m [0m[36mtime/total                    [0m[36m [0m│[32m [0m[32m2.298671    [0m[32m [0m│
│[36m [0m[36mtrain_mean_nll                [0m[36m [0m│[32m [0m[32m1.782574    [0m[32m [0m│
└────────────────────────────────┴──────────────┘
tinker_cookbook.utils.misc_utils:20 [INFO] Starting get_batch
tinker_cookbook.utils.misc_utils:23 [INFO] get_batch took 0.11 seconds
tinker_cookbook.supervised.train:259 [INFO] [33m<|begin_of_text|>User: Please write a sad story about a kid named Kevin losing their dog. The story should be written for an audience of children. The story does not need an ending at this point. Write in the 3rd person.
[0m[33m
[0m[33mAssistant:[0m[32m Kevin and his dog were best friends. They ran together, played together, and slept together. Sometimes Kevin would even drop some food off his plate and onto the floor so they could eat together. Kevin was a bit shy, and he didn't make many friends at school. But that was okay because Kevin's dog was always there waiting for him when he got home. They'd go outside and throw the ball or go on walks. And then they'd come inside and curl up on the couch. Kevin loved his dog more than anything else in the whole world.
[0m[32m
[0m[32mOne day Kevin and his dog decided to go for a walk in the woods. Usually, they stayed in the neighborhood but today Kevin's mom recommended going for a long walk since it was so nice out. And Kevin knew that his dog would love to go explore the woods. They were walking together, Kevin's dog excitedly sniffing at everything in sight. Kevin loved how happy his dog was. Seeing his tail wag always made Kevin feel better.
[0m[32m
[0m[32mThey got to a turn in the trail when the dog suddenly stopped, pointing off into the woods. Kevin stopped beside him and looked out. "What do you see buddy?" Kevin asked. A slight crunch of the leaves and a deer shot out from behind a tree. Before Kevin could react his dog lunged after the deer, pulling the leash free from Kevin's hands. Kevin tried to hand on but he couldn't. He fell over and his dog took off into the woods after the deer. Kevin tried to chase after him but it was no use. They were way too fast.
[0m[32m
[0m[32mKevin began to cry. He screamed for his dog but it wasn't working. He ran back home as quickly as he could and found his parents to tell them what happened. They told Kevin they'd find him. They promised. And they went to go looking. It felt like forever passed but eventually, his parent came home. They said it was too dark to keep looking, but promised they'd search and find him tomorrow. But it didn't matter. Kevin knew it was his fault. He had let go of the leash too easily. He began to sob uncontrollably.
[0m[32m
[0m[32mUser:[0m
tinker_cookbook.utils.misc_utils:20 [INFO] Starting step
tinker_cookbook.utils.misc_utils:23 [INFO] step took 0.81 seconds
tinker_cookbook.utils.ml_log:145 [INFO] Wrote metrics to \tmp\tinker-examples\sl_basic\metrics.jsonl
tinker_cookbook.utils.ml_log:197 [INFO] 
[3m                     Step 51                     [0m
┏━━━━━━━━━━━━━━━━━━━━━━━━━━━━━━━━┳━━━━━━━━━━━━━━┓
┃[1;35m [0m[1;35mMetric                        [0m[1;35m [0m┃[1;35m [0m[1;35mValue       [0m[1;35m [0m┃
┡━━━━━━━━━━━━━━━━━━━━━━━━━━━━━━━━╇━━━━━━━━━━━━━━┩
│[36m [0m[36mepoch                         [0m[36m [0m│[32m [0m[32m0           [0m[32m [0m│
│[36m [0m[36mlearning_rate                 [0m[36m [0m│[32m [0m[32m0.000062    [0m[32m [0m│
│[36m [0m[36mnum_loss_tokens               [0m[36m [0m│[32m [0m[32m21192.000000[0m[32m [0m│
│[36m [0m[36mnum_sequences                 [0m[36m [0m│[32m [0m[32m128         [0m[32m [0m│
│[36m [0m[36mnum_tokens                    [0m[36m [0m│[32m [0m[32m33662       [0m[32m [0m│
│[36m [0m[36mprogress                      [0m[36m [0m│[32m [0m[32m0.702703    [0m[32m [0m│
│[36m [0m[36mtime/get_batch                [0m[36m [0m│[32m [0m[32m0.099125    [0m[32m [0m│
│[36m [0m[36mtime/step                     [0m[36m [0m│[32m [0m[32m0.809643    [0m[32m [0m│
│[36m [0m[36mtime/total                    [0m[36m [0m│[32m [0m[32m2.189986    [0m[32m [0m│
│[36m [0m[36mtrain_mean_nll                [0m[36m [0m│[32m [0m[32m1.832107    [0m[32m [0m│
└────────────────────────────────┴──────────────┘
tinker_cookbook.utils.misc_utils:20 [INFO] Starting get_batch
tinker_cookbook.utils.misc_utils:23 [INFO] get_batch took 0.09 seconds
tinker_cookbook.supervised.train:259 [INFO] [33m<|begin_of_text|>User: This paragraph has a lot of swear words. Could you rewrite it to make it sound more polite and simple so a 5th grader could understand it?
[0m[33m
[0m[33mPeople often say the key to confidence and success in life is to simply “not give a fuck.” Indeed, we often refer to the strongest, most admirable people we know in terms of their lack of fucks given. Like “Oh, look at Susie working weekends again, she doesn’t give a fuck.” Or “Did you hear that Tom called the company president an asshole and still got a raise anyway? Holy shit, that dude does not give a fuck.” Or “Jason got up and ended his date with Cindy after 20 minutes. He said he wasn’t going to listen to her bullshit anymore. Man, that guy does not give a fuck.”
[0m[33m
[0m[33mChances are you know somebody in your life who, at one time or another, did not give a fuck and went on to accomplish amazing feats. Perhaps there was a time in your life where you simply did not give a fuck and excelled to some extraordinary heights. I know for myself, quitting my day job in finance after only six weeks and telling my boss that I was going to start selling dating advice online ranks pretty high up there in my own “didn’t give a fuck” hall of fame. Same with deciding to sell most of my possessions and move to South America. Fucks given? None. Just went and did it.
[0m[33m
[0m[33mEverybody just wants to be liked and accepted. Except for Tim. Tim doesn't give a fuck.
[0m[33m
[0m[33mNow, while not giving a fuck may seem simple on the surface, it’s a whole new bag of burritos under the hood. I don’t even know what that sentence means, but I don’t give a fuck. A bag of burritos sounds awesome, so let’s just go with it.
[0m[33m
[0m[33mThe point is, most of us struggle throughout our lives by giving too many fucks in situations where fucks do not deserve to be given. We give a fuck about the rude gas station attendant who gave us too many nickels. We give a fuck when a show we liked was canceled on TV. We give a fuck when our coworkers don’t bother asking us about our awesome weekend. We give a fuck when it’s raining and we were supposed to go jogging in the morning.
[0m[33m
[0m[33mFucks given everywhere. Strewn about like seeds in mother-fucking spring time. And for what purpose? For what reason? Convenience? Easy comforts? A pat on the fucking back maybe?
[0m[33m
[0m[33mThis is the problem, my friend.
[0m[33m
[0m[33mBecause when we give too many fucks, when we choose to give a fuck about everything, then we feel as though we are perpetually entitled to feel comfortable and happy at all times, that’s when life fucks us.
[0m[33m
[0m[33mAssistant:[0m[32m People say that you'd have to not care too much to get confidence and success. And that's true because we all think the coolest people are the people who don't let something affect them too much. Susie doesn't let the fact she has to work weekends mess with her mood; Tom doesn't let the stress at work stop him from being himself; Jason doesn't let other people's opinions stop him from walking out from an event he doesn't enjoy.
[0m[32m
[0m[32mYou may know somebody who didn't care about what others thought and did something super cool. Maybe even you did something amazing because you didn't care about what others thought. I know that one of my best moments was when I stopped caring too much and told my boss that I wanted to quit my job because I wanted to sell dating advice. Another of my best moments was selling everything I owned to move to South America. I didn't care too much; I just did it anyway.
[0m[32m
[0m[32mEveryone in the world wants to be liked and accepted, but there are some people, like Tim, who don't care much about these things.
[0m[32m
[0m[32mEven though not caring about what others think sounds easy, it's actually a whole chunk of fish and chips in it. I'm not sure what I just said, but I don't really care. But hey, fish and chips are lovely, so let's leave the sentence that way.
[0m[32m
[0m[32mWhat I mean is most people care too much all the time, even during times when they shouldn't. We care when someone gives us too many coins. We care when our favorite show gets canceled. We care when our colleagues didn't ask us what we got up to on the weekend. We care when the day we wanted to exercise was a rainy one instead.
[0m[32m
[0m[32mPeople care about this, people care about that. Care is everywhere in the world... But why? What is it for? To make yourself feel like you fit in?
[0m[32m
[0m[32mThat's the problem.
[0m[32m
[0m[32mWhen we choose to care about everything, we feel like we deserve to be comfortable and happy. That isn't how life works.
[0m[32m
[0m[32mUser:[0m
tinker_cookbook.utils.misc_utils:20 [INFO] Starting step
tinker_cookbook.utils.misc_utils:23 [INFO] step took 0.97 seconds
tinker_cookbook.utils.ml_log:145 [INFO] Wrote metrics to \tmp\tinker-examples\sl_basic\metrics.jsonl
tinker_cookbook.utils.ml_log:197 [INFO] 
[3m                     Step 52                     [0m
┏━━━━━━━━━━━━━━━━━━━━━━━━━━━━━━━━┳━━━━━━━━━━━━━━┓
┃[1;35m [0m[1;35mMetric                        [0m[1;35m [0m┃[1;35m [0m[1;35mValue       [0m[1;35m [0m┃
┡━━━━━━━━━━━━━━━━━━━━━━━━━━━━━━━━╇━━━━━━━━━━━━━━┩
│[36m [0m[36mepoch                         [0m[36m [0m│[32m [0m[32m0           [0m[32m [0m│
│[36m [0m[36mlearning_rate                 [0m[36m [0m│[32m [0m[32m0.000059    [0m[32m [0m│
│[36m [0m[36mnum_loss_tokens               [0m[36m [0m│[32m [0m[32m24469.000000[0m[32m [0m│
│[36m [0m[36mnum_sequences                 [0m[36m [0m│[32m [0m[32m128         [0m[32m [0m│
│[36m [0m[36mnum_tokens                    [0m[36m [0m│[32m [0m[32m36518       [0m[32m [0m│
│[36m [0m[36mprogress                      [0m[36m [0m│[32m [0m[32m0.716216    [0m[32m [0m│
│[36m [0m[36mtime/get_batch                [0m[36m [0m│[32m [0m[32m0.106230    [0m[32m [0m│
│[36m [0m[36mtime/step                     [0m[36m [0m│[32m [0m[32m0.975131    [0m[32m [0m│
│[36m [0m[36mtime/total                    [0m[36m [0m│[32m [0m[32m2.024596    [0m[32m [0m│
│[36m [0m[36mtrain_mean_nll                [0m[36m [0m│[32m [0m[32m1.757954    [0m[32m [0m│
└────────────────────────────────┴──────────────┘
tinker_cookbook.utils.misc_utils:20 [INFO] Starting get_batch
tinker_cookbook.utils.misc_utils:23 [INFO] get_batch took 0.10 seconds
tinker_cookbook.supervised.train:259 [INFO] [33m<|begin_of_text|>User: Compose a letter from a first grader to the state's governor asking them to consider a standard three day weekend including reasons why
[0m[33m
[0m[33mAssistant:[0m[32m Dear Governor, 
[0m[32m
[0m[32mI am writing to ask you a favor. I know you help make rules for our state. I learned that in school. I think we need a new rule. All weekends should be three days long. If we had three days for the weekend we could do a lot more stuff. We could spend more time with our family and pets. We would have more time to clean our rooms. It would also give us another day to get our homework done. I think kids and grownups would all agree on a three-day weekend. Grownups need a break too. Two days aren't enough to relax and do all the fun things we want to do. I'm asking you to think about making a new rule so that all weekends are three days long. I think everyone would be really happy with you if you did. I can't vote yet, but I would vote for you if you gave us three-day weekends. 
[0m[32m
[0m[32mThank you,
[0m[32mTaylor Park
[0m[32m1st grade, Bright Start School 
[0m[32m
[0m[32mUser:[0m
tinker_cookbook.utils.misc_utils:20 [INFO] Starting step
tinker_cookbook.utils.misc_utils:23 [INFO] step took 0.76 seconds
tinker_cookbook.utils.ml_log:145 [INFO] Wrote metrics to \tmp\tinker-examples\sl_basic\metrics.jsonl
tinker_cookbook.utils.ml_log:197 [INFO] 
[3m                     Step 53                     [0m
┏━━━━━━━━━━━━━━━━━━━━━━━━━━━━━━━━┳━━━━━━━━━━━━━━┓
┃[1;35m [0m[1;35mMetric                        [0m[1;35m [0m┃[1;35m [0m[1;35mValue       [0m[1;35m [0m┃
┡━━━━━━━━━━━━━━━━━━━━━━━━━━━━━━━━╇━━━━━━━━━━━━━━┩
│[36m [0m[36mepoch                         [0m[36m [0m│[32m [0m[32m0           [0m[32m [0m│
│[36m [0m[36mlearning_rate                 [0m[36m [0m│[32m [0m[32m0.000057    [0m[32m [0m│
│[36m [0m[36mnum_loss_tokens               [0m[36m [0m│[32m [0m[32m20805.000000[0m[32m [0m│
│[36m [0m[36mnum_sequences                 [0m[36m [0m│[32m [0m[32m128         [0m[32m [0m│
│[36m [0m[36mnum_tokens                    [0m[36m [0m│[32m [0m[32m31446       [0m[32m [0m│
│[36m [0m[36mprogress                      [0m[36m [0m│[32m [0m[32m0.729730    [0m[32m [0m│
│[36m [0m[36mtime/get_batch                [0m[36m [0m│[32m [0m[32m0.095357    [0m[32m [0m│
│[36m [0m[36mtime/step                     [0m[36m [0m│[32m [0m[32m0.761762    [0m[32m [0m│
│[36m [0m[36mtime/total                    [0m[36m [0m│[32m [0m[32m1.975550    [0m[32m [0m│
│[36m [0m[36mtrain_mean_nll                [0m[36m [0m│[32m [0m[32m1.806509    [0m[32m [0m│
└────────────────────────────────┴──────────────┘
tinker_cookbook.utils.misc_utils:20 [INFO] Starting get_batch
tinker_cookbook.utils.misc_utils:23 [INFO] get_batch took 0.10 seconds
tinker_cookbook.supervised.train:259 [INFO] [33m<|begin_of_text|>User:  I need to brainstorm a list of words writers can use to describe skin colors without comparing them to food or drinks. Can you give me a list that covers the full spectrum of skin tones from light to dark, including various undertones and a brief explanation of what the words mean in a literal sense?
[0m[33m
[0m[33mAssistant:[0m[32m Here’s a list of words that can be used to describe skin tone that have nothing to do with food or drink: 
[0m[32m
[0m[32m-Russet (A reddish-brown color)
[0m[32m-Fawn (A light tan color with yellow undertones)
[0m[32m-Bronze (A yellow-brown metal allow with a muted shine)
[0m[32m-Mahogany (A warm, reddish-brown wood from a tropical tree)
[0m[32m-Sable (A shade of dark brown or black)
[0m[32m-Tawny (An orange or yellow tinted shade of brown
[0m[32m-Terra-Cotta (Unglazed clay pottery made in a light brownish-red or soft peach color)
[0m[32m-Rust  (A red-brown flaky coating that evolves on certain metals as a result of oxidation)
[0m[32m-Umber (A natural and highly valued pigment of dark earthy brown with yellow undertones)
[0m[32m-Golden (As a precious metal that gleams a radiant yellow and does not tarnish)
[0m[32m-Copper (A red-brown metal that gleams in shades of pink when polished)
[0m[32m-Amber (A fossilized resin from ancient and now-extinct trees, translucent in shades of orange, brown, and yellow)
[0m[32m-Khaki (A fabric made in a dull yellowish-brown color)
[0m[32m-Brass (An alloy of copper and zinc which is yellow)
[0m[32m-Topaz (A gemstone that comes in many colors but is perhaps best known as Imperial Topaz, a richly hued stone of amber, orange, or honey yellow)
[0m[32m-Sepia (A red-brown spectrum commonly associated with 19th-century photography)
[0m[32m-Taupe (A shade of grey with brown undertones)
[0m[32m-Teak (Wood from a tree native to India and Southeast Asia known for its durability)
[0m[32m-Redwood (A tree species with reddish-brown bark and wood)
[0m[32m-Onyx (A type of quartz that is typically black with reddish undertones)
[0m[32m-Sienna (A rust-rich earth which is often used as a pigment in paint, bearing a yellow-brown shade when used raw or a red-brown when burned)
[0m[32m-Ivory (The substance which composes the tusks of an elephant, narwhal, or walrus, a creamy beige that is almost white)
[0m[32m-Porcelain (A white ceramic that is often used for dishware or figurines)
[0m[32m-Ebony (A dark brown or black wood from a tropical tree species)
[0m[32m-Ochre (An earthy pigment that is typically light yellow to brownish-red)
[0m[32m
[0m[32m
[0m[32mUser:[0m
tinker_cookbook.utils.misc_utils:20 [INFO] Starting step
tinker_cookbook.utils.misc_utils:23 [INFO] step took 0.99 seconds
tinker_cookbook.utils.ml_log:145 [INFO] Wrote metrics to \tmp\tinker-examples\sl_basic\metrics.jsonl
tinker_cookbook.utils.ml_log:197 [INFO] 
[3m                     Step 54                     [0m
┏━━━━━━━━━━━━━━━━━━━━━━━━━━━━━━━━┳━━━━━━━━━━━━━━┓
┃[1;35m [0m[1;35mMetric                        [0m[1;35m [0m┃[1;35m [0m[1;35mValue       [0m[1;35m [0m┃
┡━━━━━━━━━━━━━━━━━━━━━━━━━━━━━━━━╇━━━━━━━━━━━━━━┩
│[36m [0m[36mepoch                         [0m[36m [0m│[32m [0m[32m0           [0m[32m [0m│
│[36m [0m[36mlearning_rate                 [0m[36m [0m│[32m [0m[32m0.000054    [0m[32m [0m│
│[36m [0m[36mnum_loss_tokens               [0m[36m [0m│[32m [0m[32m25354.000000[0m[32m [0m│
│[36m [0m[36mnum_sequences                 [0m[36m [0m│[32m [0m[32m128         [0m[32m [0m│
│[36m [0m[36mnum_tokens                    [0m[36m [0m│[32m [0m[32m37280       [0m[32m [0m│
│[36m [0m[36mprogress                      [0m[36m [0m│[32m [0m[32m0.743243    [0m[32m [0m│
│[36m [0m[36mtime/get_batch                [0m[36m [0m│[32m [0m[32m0.103989    [0m[32m [0m│
│[36m [0m[36mtime/step                     [0m[36m [0m│[32m [0m[32m0.993290    [0m[32m [0m│
│[36m [0m[36mtime/total                    [0m[36m [0m│[32m [0m[32m2.013004    [0m[32m [0m│
│[36m [0m[36mtrain_mean_nll                [0m[36m [0m│[32m [0m[32m1.700216    [0m[32m [0m│
└────────────────────────────────┴──────────────┘
tinker_cookbook.utils.misc_utils:20 [INFO] Starting get_batch
tinker_cookbook.utils.misc_utils:23 [INFO] get_batch took 0.09 seconds
tinker_cookbook.supervised.train:259 [INFO] [33m<|begin_of_text|>User: Write three different haikus about toast.
[0m[33m
[0m[33mAssistant:[0m[32m Bread sits still too long
[0m[32mLight brown to golden to black
[0m[32mBurnt smell in the air
[0m[32m
[0m[32mGolden brown goodness
[0m[32mMelted butter running down
[0m[32mToasted perfection
[0m[32m
[0m[32mCold and floppy bread
[0m[32mMeets toaster with heat and blaze
[0m[32mCrispy and warm bread
[0m[32m
[0m[32mUser:[0m
tinker_cookbook.utils.misc_utils:20 [INFO] Starting evals
tinker_cookbook.utils.misc_utils:23 [INFO] evals took 3.19 seconds
tinker_cookbook.utils.misc_utils:20 [INFO] Starting step
tinker_cookbook.utils.misc_utils:23 [INFO] step took 0.00 seconds
tinker_cookbook.utils.ml_log:145 [INFO] Wrote metrics to \tmp\tinker-examples\sl_basic\metrics.jsonl
tinker_cookbook.utils.ml_log:197 [INFO] 
[3m                     Step 55                     [0m
┏━━━━━━━━━━━━━━━━━━━━━━━━━━━━━━━━┳━━━━━━━━━━━━━━┓
┃[1;35m [0m[1;35mMetric                        [0m[1;35m [0m┃[1;35m [0m[1;35mValue       [0m[1;35m [0m┃
┡━━━━━━━━━━━━━━━━━━━━━━━━━━━━━━━━╇━━━━━━━━━━━━━━┩
│[36m [0m[36mepoch                         [0m[36m [0m│[32m [0m[32m0           [0m[32m [0m│
│[36m [0m[36mlearning_rate                 [0m[36m [0m│[32m [0m[32m0.000051    [0m[32m [0m│
│[36m [0m[36mnum_loss_tokens               [0m[36m [0m│[32m [0m[32m24233.000000[0m[32m [0m│
│[36m [0m[36mnum_sequences                 [0m[36m [0m│[32m [0m[32m128         [0m[32m [0m│
│[36m [0m[36mnum_tokens                    [0m[36m [0m│[32m [0m[32m35182       [0m[32m [0m│
│[36m [0m[36mprogress                      [0m[36m [0m│[32m [0m[32m0.756757    [0m[32m [0m│
│[36m [0m[36mtime/get_batch                [0m[36m [0m│[32m [0m[32m0.098065    [0m[32m [0m│
│[36m [0m[36mtime/step                     [0m[36m [0m│[32m [0m[32m0.002379    [0m[32m [0m│
│[36m [0m[36mtime/total                    [0m[36m [0m│[32m [0m[32m4.437373    [0m[32m [0m│
│[36m [0m[36mtrain_mean_nll                [0m[36m [0m│[32m [0m[32m1.806119    [0m[32m [0m│
└────────────────────────────────┴──────────────┘
tinker_cookbook.utils.misc_utils:20 [INFO] Starting get_batch
tinker_cookbook.utils.misc_utils:23 [INFO] get_batch took 0.11 seconds
tinker_cookbook.supervised.train:259 [INFO] [33m<|begin_of_text|>User: Who are the 3 longest-running cast members in SNL history?
[0m[33m
[0m[33mAssistant:[0m[32m The longest-running cast member is Keenan Thompson, who has been a cast member for 20 years (2003-Present) and counting! The second-longest is Darrel Hammond, who was a cast member for 14 years (1995-2009). While no longer a cast member, Hammond has been the show's announcer since 2014. The third longest-running cast member is Seth Meyers, who was on the show for 13 years (2001-2014). 
[0m[32m
[0m[32mUser:[0m
tinker_cookbook.utils.misc_utils:20 [INFO] Starting step
tinker_cookbook.utils.misc_utils:23 [INFO] step took 1.55 seconds
tinker_cookbook.utils.ml_log:145 [INFO] Wrote metrics to \tmp\tinker-examples\sl_basic\metrics.jsonl
tinker_cookbook.utils.ml_log:197 [INFO] 
[3m                     Step 56                     [0m
┏━━━━━━━━━━━━━━━━━━━━━━━━━━━━━━━━┳━━━━━━━━━━━━━━┓
┃[1;35m [0m[1;35mMetric                        [0m[1;35m [0m┃[1;35m [0m[1;35mValue       [0m[1;35m [0m┃
┡━━━━━━━━━━━━━━━━━━━━━━━━━━━━━━━━╇━━━━━━━━━━━━━━┩
│[36m [0m[36mepoch                         [0m[36m [0m│[32m [0m[32m0           [0m[32m [0m│
│[36m [0m[36mlearning_rate                 [0m[36m [0m│[32m [0m[32m0.000049    [0m[32m [0m│
│[36m [0m[36mnum_loss_tokens               [0m[36m [0m│[32m [0m[32m20291.000000[0m[32m [0m│
│[36m [0m[36mnum_sequences                 [0m[36m [0m│[32m [0m[32m128         [0m[32m [0m│
│[36m [0m[36mnum_tokens                    [0m[36m [0m│[32m [0m[32m32275       [0m[32m [0m│
│[36m [0m[36mprogress                      [0m[36m [0m│[32m [0m[32m0.770270    [0m[32m [0m│
│[36m [0m[36mtest/nll                      [0m[36m [0m│[32m [0m[32m1.763383    [0m[32m [0m│
│[36m [0m[36mtime/evals                    [0m[36m [0m│[32m [0m[32m3.194761    [0m[32m [0m│
│[36m [0m[36mtime/get_batch                [0m[36m [0m│[32m [0m[32m0.093138    [0m[32m [0m│
│[36m [0m[36mtime/step                     [0m[36m [0m│[32m [0m[32m1.551679    [0m[32m [0m│
│[36m [0m[36mtime/total                    [0m[36m [0m│[32m [0m[32m4.989143    [0m[32m [0m│
│[36m [0m[36mtrain_mean_nll                [0m[36m [0m│[32m [0m[32m1.785052    [0m[32m [0m│
└────────────────────────────────┴──────────────┘
tinker_cookbook.utils.misc_utils:20 [INFO] Starting get_batch
tinker_cookbook.utils.misc_utils:23 [INFO] get_batch took 0.10 seconds
tinker_cookbook.supervised.train:259 [INFO] [33m<|begin_of_text|>System: Din is a Star Wars lore bot that responds in the style of a well-traveled, friendly, Mandalorian historian.
[0m[33m
[0m[33mUser: Why did Darth Maul rule over Mandalore?
[0m[33m
[0m[33mAssistant:[0m[32m Great question! Darth Maul became ruler of Mandalore when he defeated Pas Vizla, the prior wielder of the Darksaber. In Mandalorian tradition, the person who wields the Darksaber is the ruler of Mandalore. Maul wanted to rule Mandalore so he could leverage its warriors in his criminal empire.
[0m[32m
[0m[33mUser: Is it Moriband or Korriban?
[0m[33m
[0m[33mAssistant:[0m[32m Because the Sith are an ancient order, different names have arisen for their homeworld over time. Both are acceptable to use.
[0m[32m
[0m[33mUser: I'm learning about the Yuuzhan Vong War, but don't understand why they fought. Where are they now?
[0m[33m
[0m[33mAssistant:[0m[32m Insightful request! The Yuuzhan Vong were aliens from outside our galaxy that used nature in favor of technology. They had a strict religious view that mandated they destroy other races that use artificial technology. After the war, the Vong sought to heal and rehabilitate so they joined the sentient world of Zonoma Sekot in the Unknown Regions. Zonoma Sekot is an offspring of the Vong's original home planet.
[0m[32m
[0m[33mUser: I like your culture. How does one become Mandalorian? Is it a race?
[0m[33m
[0m[33mAssistant:[0m[32m Mandalorians are not bound by race, but rather by creed. To become a Mandalorian, one must recite The Creed and affirm they will live by The Way of the Mandalore and declare "This is the Way!" on a frequent basis.
[0m[32m
[0m[32mUser:[0m
tinker_cookbook.utils.misc_utils:20 [INFO] Starting step
tinker_cookbook.utils.misc_utils:23 [INFO] step took 0.90 seconds
tinker_cookbook.utils.ml_log:145 [INFO] Wrote metrics to \tmp\tinker-examples\sl_basic\metrics.jsonl
tinker_cookbook.utils.ml_log:197 [INFO] 
[3m                     Step 57                     [0m
┏━━━━━━━━━━━━━━━━━━━━━━━━━━━━━━━━┳━━━━━━━━━━━━━━┓
┃[1;35m [0m[1;35mMetric                        [0m[1;35m [0m┃[1;35m [0m[1;35mValue       [0m[1;35m [0m┃
┡━━━━━━━━━━━━━━━━━━━━━━━━━━━━━━━━╇━━━━━━━━━━━━━━┩
│[36m [0m[36mepoch                         [0m[36m [0m│[32m [0m[32m0           [0m[32m [0m│
│[36m [0m[36mlearning_rate                 [0m[36m [0m│[32m [0m[32m0.000046    [0m[32m [0m│
│[36m [0m[36mnum_loss_tokens               [0m[36m [0m│[32m [0m[32m24647.000000[0m[32m [0m│
│[36m [0m[36mnum_sequences                 [0m[36m [0m│[32m [0m[32m128         [0m[32m [0m│
│[36m [0m[36mnum_tokens                    [0m[36m [0m│[32m [0m[32m37285       [0m[32m [0m│
│[36m [0m[36mprogress                      [0m[36m [0m│[32m [0m[32m0.783784    [0m[32m [0m│
│[36m [0m[36mtime/get_batch                [0m[36m [0m│[32m [0m[32m0.108072    [0m[32m [0m│
│[36m [0m[36mtime/step                     [0m[36m [0m│[32m [0m[32m0.896112    [0m[32m [0m│
│[36m [0m[36mtime/total                    [0m[36m [0m│[32m [0m[32m2.700176    [0m[32m [0m│
│[36m [0m[36mtrain_mean_nll                [0m[36m [0m│[32m [0m[32m1.769413    [0m[32m [0m│
└────────────────────────────────┴──────────────┘
tinker_cookbook.utils.misc_utils:20 [INFO] Starting get_batch
tinker_cookbook.utils.misc_utils:23 [INFO] get_batch took 0.10 seconds
tinker_cookbook.supervised.train:259 [INFO] [33m<|begin_of_text|>User: How can I make a smoother transition from home to a college dorm for the first time? Show me a numbered list of tips to follow to make the move easier mentally and physically.
[0m[33m
[0m[33mAssistant:[0m[32m Transitioning from your childhood bedroom to a college dorm can make you feel overwhelmed and scared. Hopefully, the following four tips will help you make a smoother shift from home to a college living situation. 
[0m[32m
[0m[32mCongratulations on making the big move toward an independent future! 
[0m[32m
[0m[32m1. Ask your family, friends, and loved ones for help. 
[0m[32m
[0m[32mYou’ll probably need physical help making the move to college, but you’ll also need support and emotional help. For many college newbies, it’s not easy to leave the familiarity of a childhood home but knowing that you have the emotional support and love of those that you care about can give you a much-needed confidence boost and lessen your doubt or anxieties. 
[0m[32m
[0m[32m2. Sharing a dorm? Be open-minded as to who your roommate may be. 
[0m[32m
[0m[32mWhile you can request a specific type of dorm room, it’s not often that you can request a specific type of roommate. So, be open-minded and respectful of whoever you’ve been paired with. You’ll be spending a lot of time together in the same space, so you must establish a cordial rapport from the start. If you and your roommate have too many differences, you can always request a transfer later in the school year. 
[0m[32m
[0m[32m3. Pack the essentials, but save décor and organizational extras for after you’ve moved in. 
[0m[32m
[0m[32mToiletries, clothes, and comfort items, like a favorite blanket, are all essential for any college student on move-in day. Otherwise, everything else is extra that can wait until you’ve settled into your dorm room. 
[0m[32m
[0m[32mDon’t overload the car with things that you don’t need right away. There are stores and shops galore in college towns, so it should be easy to find any décor or organizational tools that you may need after you’ve officially transitioned from home to college. 
[0m[32m
[0m[32m4. Anxious? Arrive on campus earlier than everyone else to ensure you don’t get caught in the move-in rushes. 
[0m[32m
[0m[32mAnxiety is the biggest problem for most new college students, especially because they don’t want to feel dumb or make a fool of themselves on the first day around everyone else. It’s a common fear, and one that’s typically unfounded, particularly when everyone is worried about the same things. 
[0m[32m
[0m[32mHowever, you can lessen your anxiety by planning on earlier arrivals. If you’ve packed only the essentials, it should be easy for you to find your room and get settled in before the other students make a mad dash to do the same. The general rule of thumb for anxious students is to arrive two to three hours before the move-in rushes.
[0m[32m
[0m[32mUser:[0m
tinker_cookbook.utils.misc_utils:20 [INFO] Starting step
tinker_cookbook.utils.misc_utils:23 [INFO] step took 0.87 seconds
tinker_cookbook.utils.ml_log:145 [INFO] Wrote metrics to \tmp\tinker-examples\sl_basic\metrics.jsonl
tinker_cookbook.utils.ml_log:197 [INFO] 
[3m                     Step 58                     [0m
┏━━━━━━━━━━━━━━━━━━━━━━━━━━━━━━━━┳━━━━━━━━━━━━━━┓
┃[1;35m [0m[1;35mMetric                        [0m[1;35m [0m┃[1;35m [0m[1;35mValue       [0m[1;35m [0m┃
┡━━━━━━━━━━━━━━━━━━━━━━━━━━━━━━━━╇━━━━━━━━━━━━━━┩
│[36m [0m[36mepoch                         [0m[36m [0m│[32m [0m[32m0           [0m[32m [0m│
│[36m [0m[36mlearning_rate                 [0m[36m [0m│[32m [0m[32m0.000043    [0m[32m [0m│
│[36m [0m[36mnum_loss_tokens               [0m[36m [0m│[32m [0m[32m21161.000000[0m[32m [0m│
│[36m [0m[36mnum_sequences                 [0m[36m [0m│[32m [0m[32m128         [0m[32m [0m│
│[36m [0m[36mnum_tokens                    [0m[36m [0m│[32m [0m[32m34889       [0m[32m [0m│
│[36m [0m[36mprogress                      [0m[36m [0m│[32m [0m[32m0.797297    [0m[32m [0m│
│[36m [0m[36mtime/get_batch                [0m[36m [0m│[32m [0m[32m0.105269    [0m[32m [0m│
│[36m [0m[36mtime/step                     [0m[36m [0m│[32m [0m[32m0.867805    [0m[32m [0m│
│[36m [0m[36mtime/total                    [0m[36m [0m│[32m [0m[32m2.025010    [0m[32m [0m│
│[36m [0m[36mtrain_mean_nll                [0m[36m [0m│[32m [0m[32m1.742288    [0m[32m [0m│
└────────────────────────────────┴──────────────┘
tinker_cookbook.utils.misc_utils:20 [INFO] Starting get_batch
tinker_cookbook.utils.misc_utils:23 [INFO] get_batch took 0.09 seconds
tinker_cookbook.supervised.train:259 [INFO] [33m<|begin_of_text|>User: Write a poem about a coin toss in the style of Shel Silverstein
[0m[33m
[0m[33mAssistant:[0m[32m A penny is a gymnast, who never lands his tricks
[0m[32mBut there is one catch—he is really a mon-key
[0m[32mAnd when he does his backflip
[0m[32mThere's a 50/50 chance
[0m[32mEither
[0m[32mhe lands
[0m[32mon his tail
[0m[32mor his head
[0m[32mbut never ever ever
[0m[32mon
[0m[32mhis
[0m[32mfeet
[0m[32m
[0m[32mUser:[0m
tinker_cookbook.utils.misc_utils:20 [INFO] Starting step
tinker_cookbook.utils.misc_utils:23 [INFO] step took 0.77 seconds
tinker_cookbook.utils.ml_log:145 [INFO] Wrote metrics to \tmp\tinker-examples\sl_basic\metrics.jsonl
tinker_cookbook.utils.ml_log:197 [INFO] 
[3m                     Step 59                     [0m
┏━━━━━━━━━━━━━━━━━━━━━━━━━━━━━━━━┳━━━━━━━━━━━━━━┓
┃[1;35m [0m[1;35mMetric                        [0m[1;35m [0m┃[1;35m [0m[1;35mValue       [0m[1;35m [0m┃
┡━━━━━━━━━━━━━━━━━━━━━━━━━━━━━━━━╇━━━━━━━━━━━━━━┩
│[36m [0m[36mepoch                         [0m[36m [0m│[32m [0m[32m0           [0m[32m [0m│
│[36m [0m[36mlearning_rate                 [0m[36m [0m│[32m [0m[32m0.000041    [0m[32m [0m│
│[36m [0m[36mnum_loss_tokens               [0m[36m [0m│[32m [0m[32m25464.000000[0m[32m [0m│
│[36m [0m[36mnum_sequences                 [0m[36m [0m│[32m [0m[32m128         [0m[32m [0m│
│[36m [0m[36mnum_tokens                    [0m[36m [0m│[32m [0m[32m37440       [0m[32m [0m│
│[36m [0m[36mprogress                      [0m[36m [0m│[32m [0m[32m0.810811    [0m[32m [0m│
│[36m [0m[36mtime/get_batch                [0m[36m [0m│[32m [0m[32m0.102592    [0m[32m [0m│
│[36m [0m[36mtime/step                     [0m[36m [0m│[32m [0m[32m0.769674    [0m[32m [0m│
│[36m [0m[36mtime/total                    [0m[36m [0m│[32m [0m[32m1.883932    [0m[32m [0m│
│[36m [0m[36mtrain_mean_nll                [0m[36m [0m│[32m [0m[32m1.722155    [0m[32m [0m│
└────────────────────────────────┴──────────────┘
tinker_cookbook.utils.misc_utils:20 [INFO] Starting get_batch
tinker_cookbook.utils.misc_utils:23 [INFO] get_batch took 0.11 seconds
tinker_cookbook.supervised.train:259 [INFO] [33m<|begin_of_text|>User: Write a client survey for a freelance writer to send to potential new clients.
[0m[33m
[0m[33mAssistant:[0m[32m 
[0m[32mProject related 
[0m[32m1. Contact Details: Name, business/organization, email address 
[0m[32m2. What stage are you at in this project?
[0m[32m3. What is your overall aim/objective of the project? 
[0m[32m4. How long do you anticipate this role/project to last?
[0m[32m5. What is your estimated budget?
[0m[32m6. What is my exact role as a writer? (ex. written content, video content, editing, proofreading, fact-checking)
[0m[32m7. Will you set deadlines or will I set my own?
[0m[32m8. Is there any software I should download or platforms to become acquainted with?
[0m[32m9. Will my byline be published alongside my work?
[0m[32m10. What method of communication do you prefer? (ex. Email, Slack, Upwork)
[0m[32m11. How will payment be processed? (ex. PayPal, Payoneer, Upwork)
[0m[32m
[0m[32mContent related 
[0m[32m12. Do you have a style guide?
[0m[32m13. What is your target audience/reader/consumer?
[0m[32m14. Do you allow AI-generated content for your project?
[0m[32m15. What level of research do you expect? (ex. Referencing academic studies versus referencing Healthline)
[0m[32m16. Are you expecting optimized content and if so, will SEO keywords be provided?
[0m[32m17. How many rounds of edits do you anticipate?
[0m[32m
[0m[32m
[0m[32m
[0m[32mUser:[0m
tinker_cookbook.utils.misc_utils:20 [INFO] Starting save_checkpoint
tinker_cookbook.checkpoint_utils:81 [INFO] Saved checkpoints: {'state_path': 'tinker://92c308d4-09a8-566d-b33f-824d618e9aef:train:0/weights/000060', 'sampler_path': 'tinker://92c308d4-09a8-566d-b33f-824d618e9aef:train:0/sampler_weights/000060'}
tinker_cookbook.utils.misc_utils:23 [INFO] save_checkpoint took 8.47 seconds
tinker_cookbook.utils.misc_utils:20 [INFO] Starting step
tinker_cookbook.utils.misc_utils:23 [INFO] step took 0.00 seconds
tinker_cookbook.utils.ml_log:145 [INFO] Wrote metrics to \tmp\tinker-examples\sl_basic\metrics.jsonl
tinker_cookbook.utils.ml_log:197 [INFO] 
[3m                     Step 60                     [0m
┏━━━━━━━━━━━━━━━━━━━━━━━━━━━━━━━━┳━━━━━━━━━━━━━━┓
┃[1;35m [0m[1;35mMetric                        [0m[1;35m [0m┃[1;35m [0m[1;35mValue       [0m[1;35m [0m┃
┡━━━━━━━━━━━━━━━━━━━━━━━━━━━━━━━━╇━━━━━━━━━━━━━━┩
│[36m [0m[36mepoch                         [0m[36m [0m│[32m [0m[32m0           [0m[32m [0m│
│[36m [0m[36mlearning_rate                 [0m[36m [0m│[32m [0m[32m0.000038    [0m[32m [0m│
│[36m [0m[36mnum_loss_tokens               [0m[36m [0m│[32m [0m[32m20406.000000[0m[32m [0m│
│[36m [0m[36mnum_sequences                 [0m[36m [0m│[32m [0m[32m128         [0m[32m [0m│
│[36m [0m[36mnum_tokens                    [0m[36m [0m│[32m [0m[32m30986       [0m[32m [0m│
│[36m [0m[36mprogress                      [0m[36m [0m│[32m [0m[32m0.824324    [0m[32m [0m│
│[36m [0m[36mtime/get_batch                [0m[36m [0m│[32m [0m[32m0.092495    [0m[32m [0m│
│[36m [0m[36mtime/save_checkpoint          [0m[36m [0m│[32m [0m[32m8.469797    [0m[32m [0m│
│[36m [0m[36mtime/step                     [0m[36m [0m│[32m [0m[32m0.000245    [0m[32m [0m│
│[36m [0m[36mtime/total                    [0m[36m [0m│[32m [0m[32m9.490778    [0m[32m [0m│
│[36m [0m[36mtrain_mean_nll                [0m[36m [0m│[32m [0m[32m1.759951    [0m[32m [0m│
└────────────────────────────────┴──────────────┘
tinker_cookbook.utils.misc_utils:20 [INFO] Starting get_batch
tinker_cookbook.utils.misc_utils:23 [INFO] get_batch took 0.11 seconds
tinker_cookbook.supervised.train:259 [INFO] [33m<|begin_of_text|>User: What were some of the key accomplishments and notable actions of Abraham Lincoln during his presidency? Write a brief list of his accomplishments
[0m[33m
[0m[33mAssistant:[0m[32m 1. Preserving the Union during the Civil War: Lincoln took significant measures to prevent the secession of Southern states and maintain the unity of the United States.
[0m[32m2. Issuing the Emancipation Proclamation: Lincoln's proclamation declared enslaved people in Confederate territory to be free, shifting the focus of the Civil War to include the abolition of slavery.
[0m[32m3. Building the Republican Party into a strong national organization: Lincoln played a crucial role in organizing and strengthening the Republican Party, which became a prominent political force during his presidency.
[0m[32m4. Rallying most of the northern Democrats to support the Union cause: Lincoln successfully garnered support from Democrats in the northern states to rally behind the Union and the war effort.
[0m[32m5. Delivering the Gettysburg Address: Lincoln's iconic speech at Gettysburg emphasized the importance of preserving a democratic government and honoring those who sacrificed their lives in the Civil War.
[0m[32m6. Winning re-election in 1864: Despite the challenges of wartime, Lincoln secured re-election as President, reflecting the support he garnered for his leadership and policies.
[0m[32m7. Planning for peace and encouraging reunion with generous terms for the South: Lincoln sought to bring about a swift and peaceful reconciliation with the Southern states, offering favorable terms to encourage their reintegration into the Union.
[0m[32m
[0m[32mUser:[0m
tinker_cookbook.utils.misc_utils:20 [INFO] Starting step
tinker_cookbook.utils.misc_utils:23 [INFO] step took 0.00 seconds
tinker_cookbook.utils.ml_log:145 [INFO] Wrote metrics to \tmp\tinker-examples\sl_basic\metrics.jsonl
tinker_cookbook.utils.ml_log:197 [INFO] 
[3m                     Step 61                     [0m
┏━━━━━━━━━━━━━━━━━━━━━━━━━━━━━━━━┳━━━━━━━━━━━━━━┓
┃[1;35m [0m[1;35mMetric                        [0m[1;35m [0m┃[1;35m [0m[1;35mValue       [0m[1;35m [0m┃
┡━━━━━━━━━━━━━━━━━━━━━━━━━━━━━━━━╇━━━━━━━━━━━━━━┩
│[36m [0m[36mepoch                         [0m[36m [0m│[32m [0m[32m0           [0m[32m [0m│
│[36m [0m[36mlearning_rate                 [0m[36m [0m│[32m [0m[32m0.000035    [0m[32m [0m│
│[36m [0m[36mnum_loss_tokens               [0m[36m [0m│[32m [0m[32m24613.000000[0m[32m [0m│
│[36m [0m[36mnum_sequences                 [0m[36m [0m│[32m [0m[32m128         [0m[32m [0m│
│[36m [0m[36mnum_tokens                    [0m[36m [0m│[32m [0m[32m36614       [0m[32m [0m│
│[36m [0m[36mprogress                      [0m[36m [0m│[32m [0m[32m0.837838    [0m[32m [0m│
│[36m [0m[36mtime/get_batch                [0m[36m [0m│[32m [0m[32m0.106492    [0m[32m [0m│
│[36m [0m[36mtime/step                     [0m[36m [0m│[32m [0m[32m0.001393    [0m[32m [0m│
│[36m [0m[36mtime/total                    [0m[36m [0m│[32m [0m[32m8.741997    [0m[32m [0m│
│[36m [0m[36mtrain_mean_nll                [0m[36m [0m│[32m [0m[32m1.867354    [0m[32m [0m│
└────────────────────────────────┴──────────────┘
tinker_cookbook.utils.misc_utils:20 [INFO] Starting get_batch
tinker_cookbook.utils.misc_utils:23 [INFO] get_batch took 0.12 seconds
tinker_cookbook.supervised.train:259 [INFO] [33m<|begin_of_text|>User: Write a speech that Karen Walker from Will & Grace would give if she ran for president.
[0m[33m
[0m[33mAssistant:[0m[32m Hello, darlings! It's your favorite martini-loving socialite, Karen Walker, and I'm here today to announce that I'm running for President of the United States!
[0m[32m
[0m[32mNow, I know what some of you are thinking: "Karen, you're just a rich woman who loves to shop and drink. What do you know about running a country?" Well, let me tell you something, honey. I may not have a degree in political science, but I have something even more important: common sense. And well, honestly, you’re all boring and I’m fun. 
[0m[32m
[0m[32mLet's talk about the economy - As someone who never worked a day in her life, I know exactly what it takes to create jobs and stimulate growth. We need to cut taxes for the wealthy and give them more incentives to invest in this country. 
[0m[32m
[0m[32mAs President, I would focus on the things that really matter to Americans like making sure rich people have the best quality healthcare, creating more jobs by having more servants and boosting the economy by selling more vodka and shoes. 
[0m[32m
[0m[32mLet's also talk about foreign policy. As someone who has traveled the world and rubbed elbows with the most powerful people on the planet, I know how to negotiate with foreign leaders. I mean, I once convinced Grace to give me the last slice of pizza, so I think I can handle negotiating with Putin. And honey, tact is for people who aren’t witty enough to be sarcastic, and I'm witty enough to tell the world like it is.
[0m[32m
[0m[32mFinally, let's talk about the most important issue facing our country - fashion. As President, I'll make sure that everyone has access to designer clothing, no matter their income level. If I have to look at you, you better look good. If you're caught wearing Crocs in public, you'll be fined. It's time to take our fashion seriously. Pradas are not just shoes, and vodka is not just a morning beverage.
[0m[32m
[0m[32mIn conclusion, I would bring a bit of fun and glamour back to the White House. Let's face it, politics can be a bit boring sometimes. But with me as your President, you can bet that there will be plenty of vodkas to go around!
[0m[32m
[0m[32mSo, my fellow Americans, vote for me, Karen Walker, for President. Let's make America fabulous again!
[0m[32m
[0m[32mUser:[0m
tinker_cookbook.utils.misc_utils:20 [INFO] Starting step
tinker_cookbook.utils.misc_utils:23 [INFO] step took 3.94 seconds
tinker_cookbook.utils.ml_log:145 [INFO] Wrote metrics to \tmp\tinker-examples\sl_basic\metrics.jsonl
tinker_cookbook.utils.ml_log:197 [INFO] 
[3m                     Step 62                     [0m
┏━━━━━━━━━━━━━━━━━━━━━━━━━━━━━━━━┳━━━━━━━━━━━━━━┓
┃[1;35m [0m[1;35mMetric                        [0m[1;35m [0m┃[1;35m [0m[1;35mValue       [0m[1;35m [0m┃
┡━━━━━━━━━━━━━━━━━━━━━━━━━━━━━━━━╇━━━━━━━━━━━━━━┩
│[36m [0m[36mepoch                         [0m[36m [0m│[32m [0m[32m0           [0m[32m [0m│
│[36m [0m[36mlearning_rate                 [0m[36m [0m│[32m [0m[32m0.000032    [0m[32m [0m│
│[36m [0m[36mnum_loss_tokens               [0m[36m [0m│[32m [0m[32m23470.000000[0m[32m [0m│
│[36m [0m[36mnum_sequences                 [0m[36m [0m│[32m [0m[32m128         [0m[32m [0m│
│[36m [0m[36mnum_tokens                    [0m[36m [0m│[32m [0m[32m36673       [0m[32m [0m│
│[36m [0m[36mprogress                      [0m[36m [0m│[32m [0m[32m0.851351    [0m[32m [0m│
│[36m [0m[36mtime/get_batch                [0m[36m [0m│[32m [0m[32m0.107546    [0m[32m [0m│
│[36m [0m[36mtime/step                     [0m[36m [0m│[32m [0m[32m3.942032    [0m[32m [0m│
│[36m [0m[36mtime/total                    [0m[36m [0m│[32m [0m[32m4.213595    [0m[32m [0m│
│[36m [0m[36mtrain_mean_nll                [0m[36m [0m│[32m [0m[32m1.701595    [0m[32m [0m│
└────────────────────────────────┴──────────────┘
tinker_cookbook.utils.misc_utils:20 [INFO] Starting get_batch
tinker_cookbook.utils.misc_utils:23 [INFO] get_batch took 0.10 seconds
tinker_cookbook.supervised.train:259 [INFO] [33m<|begin_of_text|>User: Rewrite this paragraph into part of a script written by an 8th grader explaining why people in Wisconsin didn't want to become a state, but why they changed their minds.
[0m[33m
[0m[33mBy 1840, the population in Wisconsin had risen above 130,000, but the people voted against statehood four times, fearing the higher taxes that would come with a stronger central government. Finally, in 1848, Wisconsin citizens, envious of the prosperity that federal programs brought to neighboring Midwestern states, voted to approve statehood. Wisconsin entered the Union the next May.
[0m[33m
[0m[33mAssistant:[0m[32m By 1840, over 130,000 people were living in Wisconsin. The citizens voted against statehood four times because they were worried that joining the Union would bring higher taxes. Eventually, though, they grew jealous of the federal programs that were bringing money to their neighboring Midwestern states. So eventually, in 1948, the citizens voted to approve statehood and Wisconsin became a state the next May. 
[0m[32m
[0m[32mUser:[0m
tinker_cookbook.utils.misc_utils:20 [INFO] Starting evals
tinker_cookbook.utils.misc_utils:23 [INFO] evals took 3.25 seconds
tinker_cookbook.utils.misc_utils:20 [INFO] Starting step
tinker_cookbook.utils.misc_utils:23 [INFO] step took 0.02 seconds
tinker_cookbook.utils.ml_log:145 [INFO] Wrote metrics to \tmp\tinker-examples\sl_basic\metrics.jsonl
tinker_cookbook.utils.ml_log:197 [INFO] 
[3m                     Step 63                     [0m
┏━━━━━━━━━━━━━━━━━━━━━━━━━━━━━━━━┳━━━━━━━━━━━━━━┓
┃[1;35m [0m[1;35mMetric                        [0m[1;35m [0m┃[1;35m [0m[1;35mValue       [0m[1;35m [0m┃
┡━━━━━━━━━━━━━━━━━━━━━━━━━━━━━━━━╇━━━━━━━━━━━━━━┩
│[36m [0m[36mepoch                         [0m[36m [0m│[32m [0m[32m0           [0m[32m [0m│
│[36m [0m[36mlearning_rate                 [0m[36m [0m│[32m [0m[32m0.000030    [0m[32m [0m│
│[36m [0m[36mnum_loss_tokens               [0m[36m [0m│[32m [0m[32m22843.000000[0m[32m [0m│
│[36m [0m[36mnum_sequences                 [0m[36m [0m│[32m [0m[32m128         [0m[32m [0m│
│[36m [0m[36mnum_tokens                    [0m[36m [0m│[32m [0m[32m36496       [0m[32m [0m│
│[36m [0m[36mprogress                      [0m[36m [0m│[32m [0m[32m0.864865    [0m[32m [0m│
│[36m [0m[36mtime/get_batch                [0m[36m [0m│[32m [0m[32m0.121666    [0m[32m [0m│
│[36m [0m[36mtime/step                     [0m[36m [0m│[32m [0m[32m0.017118    [0m[32m [0m│
│[36m [0m[36mtime/total                    [0m[36m [0m│[32m [0m[32m7.455316    [0m[32m [0m│
│[36m [0m[36mtrain_mean_nll                [0m[36m [0m│[32m [0m[32m1.678170    [0m[32m [0m│
└────────────────────────────────┴──────────────┘
tinker_cookbook.utils.misc_utils:20 [INFO] Starting get_batch
tinker_cookbook.utils.misc_utils:23 [INFO] get_batch took 0.10 seconds
tinker_cookbook.supervised.train:259 [INFO] [33m<|begin_of_text|>User: Where is Salar de Uyuni, the world's largest salt flat?
[0m[33m
[0m[33mAssistant:[0m[32m Salar de Uyuni is located closest to its namesake Uyuni, Bolivia, close to the borders of Chile and Argentina. 
[0m[32m
[0m[32mUser:[0m
tinker_cookbook.utils.misc_utils:20 [INFO] Starting step
tinker_cookbook.utils.misc_utils:23 [INFO] step took 1.94 seconds
tinker_cookbook.utils.ml_log:145 [INFO] Wrote metrics to \tmp\tinker-examples\sl_basic\metrics.jsonl
tinker_cookbook.utils.ml_log:197 [INFO] 
[3m                     Step 64                     [0m
┏━━━━━━━━━━━━━━━━━━━━━━━━━━━━━━━━┳━━━━━━━━━━━━━━┓
┃[1;35m [0m[1;35mMetric                        [0m[1;35m [0m┃[1;35m [0m[1;35mValue       [0m[1;35m [0m┃
┡━━━━━━━━━━━━━━━━━━━━━━━━━━━━━━━━╇━━━━━━━━━━━━━━┩
│[36m [0m[36mepoch                         [0m[36m [0m│[32m [0m[32m0           [0m[32m [0m│
│[36m [0m[36mlearning_rate                 [0m[36m [0m│[32m [0m[32m0.000027    [0m[32m [0m│
│[36m [0m[36mnum_loss_tokens               [0m[36m [0m│[32m [0m[32m20354.000000[0m[32m [0m│
│[36m [0m[36mnum_sequences                 [0m[36m [0m│[32m [0m[32m128         [0m[32m [0m│
│[36m [0m[36mnum_tokens                    [0m[36m [0m│[32m [0m[32m31236       [0m[32m [0m│
│[36m [0m[36mprogress                      [0m[36m [0m│[32m [0m[32m0.878378    [0m[32m [0m│
│[36m [0m[36mtest/nll                      [0m[36m [0m│[32m [0m[32m1.762903    [0m[32m [0m│
│[36m [0m[36mtime/evals                    [0m[36m [0m│[32m [0m[32m3.250487    [0m[32m [0m│
│[36m [0m[36mtime/get_batch                [0m[36m [0m│[32m [0m[32m0.098502    [0m[32m [0m│
│[36m [0m[36mtime/step                     [0m[36m [0m│[32m [0m[32m1.943687    [0m[32m [0m│
│[36m [0m[36mtime/total                    [0m[36m [0m│[32m [0m[32m5.437768    [0m[32m [0m│
│[36m [0m[36mtrain_mean_nll                [0m[36m [0m│[32m [0m[32m1.678506    [0m[32m [0m│
└────────────────────────────────┴──────────────┘
tinker_cookbook.utils.misc_utils:20 [INFO] Starting get_batch
tinker_cookbook.utils.misc_utils:23 [INFO] get_batch took 0.11 seconds
tinker_cookbook.supervised.train:259 [INFO] [33m<|begin_of_text|>User: I'm thinking about decorating my room so it feels more cozy. What can I do to make the room more comfortable if the room is somewhat small? Please give me 5 suggestions.
[0m[33m
[0m[33mAssistant:[0m[32m Decorating a small room can seem daunting, but with the right accessories and approach, you can make your small room feel cozy and comfortable. Here are 5 ways you can accomplish this:
[0m[32m
[0m[32m1. Use mirrors - Mirrors give a perception of depth to a room, making it appear larger than it truly is. Consider putting up a mirror or two in strategic places in your room that fit in with your overall design.
[0m[32m2. Plants - Houseplants (either real or fake) can add a certain level of charm and a tropical feel to your room. Put a houseplant in an open corner of the room or hang it from the ceiling. Bonus points for fake plants, as upkeep is minimal since they do not need to be watered.
[0m[32m3. Accessories with dual purposes - To keep clutter to a minimum, use furniture that can have dual purposes. For instance, having a nightstand with drawers near your bed can act as a table for you to put a lamp on as well as a storage area for small things like books or other knickknacks that would otherwise go on the top of the nightstand and clutter that area. Or, use rolling storage bins that can fit under your bed to store excess clothing and other items to free up much-needed space in your closet.
[0m[32m4. Make use of lighting - Use lighting to set the mood in your room. Soft lighting can add a sense of intimacy, while bright lights can cause you to feel alert and active. You could use color-changing lights that can do both types of lighting, or you can have dedicated lighting (such as LED light strips) as accents in certain areas of your room.
[0m[32m5. Put up pictures - Consider decorating your empty walls with still-life pictures or paintings. Having an empty wall can make a room feel less cozy, but putting up some pictures will give you something to look at.
[0m[32m
[0m[32mUser:[0m
tinker_cookbook.utils.misc_utils:20 [INFO] Starting step
tinker_cookbook.utils.misc_utils:23 [INFO] step took 0.96 seconds
tinker_cookbook.utils.ml_log:145 [INFO] Wrote metrics to \tmp\tinker-examples\sl_basic\metrics.jsonl
tinker_cookbook.utils.ml_log:197 [INFO] 
[3m                     Step 65                     [0m
┏━━━━━━━━━━━━━━━━━━━━━━━━━━━━━━━━┳━━━━━━━━━━━━━━┓
┃[1;35m [0m[1;35mMetric                        [0m[1;35m [0m┃[1;35m [0m[1;35mValue       [0m[1;35m [0m┃
┡━━━━━━━━━━━━━━━━━━━━━━━━━━━━━━━━╇━━━━━━━━━━━━━━┩
│[36m [0m[36mepoch                         [0m[36m [0m│[32m [0m[32m0           [0m[32m [0m│
│[36m [0m[36mlearning_rate                 [0m[36m [0m│[32m [0m[32m0.000024    [0m[32m [0m│
│[36m [0m[36mnum_loss_tokens               [0m[36m [0m│[32m [0m[32m22987.000000[0m[32m [0m│
│[36m [0m[36mnum_sequences                 [0m[36m [0m│[32m [0m[32m128         [0m[32m [0m│
│[36m [0m[36mnum_tokens                    [0m[36m [0m│[32m [0m[32m35083       [0m[32m [0m│
│[36m [0m[36mprogress                      [0m[36m [0m│[32m [0m[32m0.891892    [0m[32m [0m│
│[36m [0m[36mtime/get_batch                [0m[36m [0m│[32m [0m[32m0.104067    [0m[32m [0m│
│[36m [0m[36mtime/step                     [0m[36m [0m│[32m [0m[32m0.964234    [0m[32m [0m│
│[36m [0m[36mtime/total                    [0m[36m [0m│[32m [0m[32m3.158267    [0m[32m [0m│
│[36m [0m[36mtrain_mean_nll                [0m[36m [0m│[32m [0m[32m1.811556    [0m[32m [0m│
└────────────────────────────────┴──────────────┘
tinker_cookbook.utils.misc_utils:20 [INFO] Starting get_batch
tinker_cookbook.utils.misc_utils:23 [INFO] get_batch took 0.10 seconds
tinker_cookbook.supervised.train:259 [INFO] [33m<|begin_of_text|>User: What was the largest ever flying animal?
[0m[33m
[0m[33mAssistant:[0m[32m Quetzalcoatlus northropi has been identified as the largest species that was believed to be capable of flight. This large pterosaur would have had wings that were roughly 11 meters long.
[0m[32m
[0m[32mUser:[0m
tinker_cookbook.utils.misc_utils:20 [INFO] Starting step
tinker_cookbook.utils.misc_utils:23 [INFO] step took 0.81 seconds
tinker_cookbook.utils.ml_log:145 [INFO] Wrote metrics to \tmp\tinker-examples\sl_basic\metrics.jsonl
tinker_cookbook.utils.ml_log:197 [INFO] 
[3m                     Step 66                     [0m
┏━━━━━━━━━━━━━━━━━━━━━━━━━━━━━━━━┳━━━━━━━━━━━━━━┓
┃[1;35m [0m[1;35mMetric                        [0m[1;35m [0m┃[1;35m [0m[1;35mValue       [0m[1;35m [0m┃
┡━━━━━━━━━━━━━━━━━━━━━━━━━━━━━━━━╇━━━━━━━━━━━━━━┩
│[36m [0m[36mepoch                         [0m[36m [0m│[32m [0m[32m0           [0m[32m [0m│
│[36m [0m[36mlearning_rate                 [0m[36m [0m│[32m [0m[32m0.000022    [0m[32m [0m│
│[36m [0m[36mnum_loss_tokens               [0m[36m [0m│[32m [0m[32m29082.000000[0m[32m [0m│
│[36m [0m[36mnum_sequences                 [0m[36m [0m│[32m [0m[32m128         [0m[32m [0m│
│[36m [0m[36mnum_tokens                    [0m[36m [0m│[32m [0m[32m38811       [0m[32m [0m│
│[36m [0m[36mprogress                      [0m[36m [0m│[32m [0m[32m0.905405    [0m[32m [0m│
│[36m [0m[36mtime/get_batch                [0m[36m [0m│[32m [0m[32m0.105493    [0m[32m [0m│
│[36m [0m[36mtime/step                     [0m[36m [0m│[32m [0m[32m0.806935    [0m[32m [0m│
│[36m [0m[36mtime/total                    [0m[36m [0m│[32m [0m[32m2.035227    [0m[32m [0m│
│[36m [0m[36mtrain_mean_nll                [0m[36m [0m│[32m [0m[32m1.648773    [0m[32m [0m│
└────────────────────────────────┴──────────────┘
tinker_cookbook.utils.misc_utils:20 [INFO] Starting get_batch
tinker_cookbook.utils.misc_utils:23 [INFO] get_batch took 0.10 seconds
tinker_cookbook.supervised.train:259 [INFO] [33m<|begin_of_text|>User: Rewrite this product review to be a creative and descriptive product overview.
[0m[33m
[0m[33mIdeal size for baby, quality plastic, it is just a bit difficult to unmold the ice creams right out of the freezer, you have to wait a bit for them to soften slightly but suddenly, if you only want one, the others thaw a little and it's not top cold chain level.
[0m[33m
[0m[33mAssistant:[0m[32m Introducing the perfect companion for your little one's frozen treats: the Baby-Friendly Ice Cream Mold. Crafted with precision and care, this delightful creation boasts an ideal size that's just right for those tiny hands. The high-quality plastic construction ensures durability and longevity, making it a reliable addition to your kitchen arsenal.
[0m[32m
[0m[32mNow, let's dive into the chilly realm of frozen confections. While this marvelous mold excels in many aspects, it does require a touch of patience when it comes to unmolding the ice creams straight from the freezer. A momentary pause is necessary as you allow them to soften ever so slightly, revealing their true creamy glory. But fear not, for this minor inconvenience is quickly overshadowed by the enchanting experience that awaits.
[0m[32m
[0m[32mHowever, there lies a minor trade-off. Should you desire to savor only a single frozen delight, the others may thaw slightly, breaking the icy chain of perfection. Yet, fret not, for this gentle thawing adds a touch of serendipity, as unexpected flavors meld together, offering a whimsical twist to your frosty indulgence.
[0m[32m
[0m[32mIn the grand tapestry of frozen treats, the Baby-Friendly Ice Cream Mold dances with finesse and charm, offering a delightful playground for your culinary imagination. Embrace the magic, relish in the softening moments, and let the whimsy of intertwined flavors transport you to a world of frozen enchantment.
[0m[32m
[0m[32mUser:[0m
tinker_cookbook.utils.misc_utils:20 [INFO] Starting step
tinker_cookbook.utils.misc_utils:23 [INFO] step took 0.81 seconds
tinker_cookbook.utils.ml_log:145 [INFO] Wrote metrics to \tmp\tinker-examples\sl_basic\metrics.jsonl
tinker_cookbook.utils.ml_log:197 [INFO] 
[3m                     Step 67                     [0m
┏━━━━━━━━━━━━━━━━━━━━━━━━━━━━━━━━┳━━━━━━━━━━━━━━┓
┃[1;35m [0m[1;35mMetric                        [0m[1;35m [0m┃[1;35m [0m[1;35mValue       [0m[1;35m [0m┃
┡━━━━━━━━━━━━━━━━━━━━━━━━━━━━━━━━╇━━━━━━━━━━━━━━┩
│[36m [0m[36mepoch                         [0m[36m [0m│[32m [0m[32m0           [0m[32m [0m│
│[36m [0m[36mlearning_rate                 [0m[36m [0m│[32m [0m[32m0.000019    [0m[32m [0m│
│[36m [0m[36mnum_loss_tokens               [0m[36m [0m│[32m [0m[32m25454.000000[0m[32m [0m│
│[36m [0m[36mnum_sequences                 [0m[36m [0m│[32m [0m[32m128         [0m[32m [0m│
│[36m [0m[36mnum_tokens                    [0m[36m [0m│[32m [0m[32m35461       [0m[32m [0m│
│[36m [0m[36mprogress                      [0m[36m [0m│[32m [0m[32m0.918919    [0m[32m [0m│
│[36m [0m[36mtime/get_batch                [0m[36m [0m│[32m [0m[32m0.102494    [0m[32m [0m│
│[36m [0m[36mtime/step                     [0m[36m [0m│[32m [0m[32m0.811799    [0m[32m [0m│
│[36m [0m[36mtime/total                    [0m[36m [0m│[32m [0m[32m1.871361    [0m[32m [0m│
│[36m [0m[36mtrain_mean_nll                [0m[36m [0m│[32m [0m[32m1.845214    [0m[32m [0m│
└────────────────────────────────┴──────────────┘
tinker_cookbook.utils.misc_utils:20 [INFO] Starting get_batch
tinker_cookbook.utils.misc_utils:23 [INFO] get_batch took 0.10 seconds
tinker_cookbook.supervised.train:259 [INFO] [33m<|begin_of_text|>User: Classify this social media post as formal, casual, humorous, or informative. Explain your classification choice.
[0m[33m
[0m[33mPost: It took me 6 months, 4 unsuccessfully launched apps, and $60k spent to build an app which is currently generating $3.5K/mo.
[0m[33mWhat matters is the knowledge you gain from failures and the "success conversion rate" from the number of attempts. If you do not try, you cannot win.
[0m[33m
[0m[33mAssistant:[0m[32m This is a casual post. The author is describing their app-building experience and the outcome of their success, it has no humor, and doesn't providing anything that's so informative.
[0m[32m
[0m[32mUser:[0m
tinker_cookbook.utils.misc_utils:20 [INFO] Starting step
tinker_cookbook.utils.misc_utils:23 [INFO] step took 0.82 seconds
tinker_cookbook.utils.ml_log:145 [INFO] Wrote metrics to \tmp\tinker-examples\sl_basic\metrics.jsonl
tinker_cookbook.utils.ml_log:197 [INFO] 
[3m                     Step 68                     [0m
┏━━━━━━━━━━━━━━━━━━━━━━━━━━━━━━━━┳━━━━━━━━━━━━━━┓
┃[1;35m [0m[1;35mMetric                        [0m[1;35m [0m┃[1;35m [0m[1;35mValue       [0m[1;35m [0m┃
┡━━━━━━━━━━━━━━━━━━━━━━━━━━━━━━━━╇━━━━━━━━━━━━━━┩
│[36m [0m[36mepoch                         [0m[36m [0m│[32m [0m[32m0           [0m[32m [0m│
│[36m [0m[36mlearning_rate                 [0m[36m [0m│[32m [0m[32m0.000016    [0m[32m [0m│
│[36m [0m[36mnum_loss_tokens               [0m[36m [0m│[32m [0m[32m21389.000000[0m[32m [0m│
│[36m [0m[36mnum_sequences                 [0m[36m [0m│[32m [0m[32m128         [0m[32m [0m│
│[36m [0m[36mnum_tokens                    [0m[36m [0m│[32m [0m[32m32550       [0m[32m [0m│
│[36m [0m[36mprogress                      [0m[36m [0m│[32m [0m[32m0.932432    [0m[32m [0m│
│[36m [0m[36mtime/get_batch                [0m[36m [0m│[32m [0m[32m0.096184    [0m[32m [0m│
│[36m [0m[36mtime/step                     [0m[36m [0m│[32m [0m[32m0.822337    [0m[32m [0m│
│[36m [0m[36mtime/total                    [0m[36m [0m│[32m [0m[32m1.865638    [0m[32m [0m│
│[36m [0m[36mtrain_mean_nll                [0m[36m [0m│[32m [0m[32m1.715392    [0m[32m [0m│
└────────────────────────────────┴──────────────┘
tinker_cookbook.utils.misc_utils:20 [INFO] Starting get_batch
tinker_cookbook.utils.misc_utils:23 [INFO] get_batch took 0.11 seconds
tinker_cookbook.supervised.train:259 [INFO] [33m<|begin_of_text|>User: When did Emily Dickinson die?
[0m[33m
[0m[33mAssistant:[0m[32m Poet Emily Dickinson died on May 15, 1886, in Amherst, MA. Her death came after two and a half years of poor health. From the time her nephew Gib died in October 1883, Emily suffered from a consequent nervous prostration. 
[0m[32m
[0m[32mUser:[0m
tinker_cookbook.utils.misc_utils:20 [INFO] Starting step
tinker_cookbook.utils.misc_utils:23 [INFO] step took 0.82 seconds
tinker_cookbook.utils.ml_log:145 [INFO] Wrote metrics to \tmp\tinker-examples\sl_basic\metrics.jsonl
tinker_cookbook.utils.ml_log:197 [INFO] 
[3m                     Step 69                     [0m
┏━━━━━━━━━━━━━━━━━━━━━━━━━━━━━━━━┳━━━━━━━━━━━━━━┓
┃[1;35m [0m[1;35mMetric                        [0m[1;35m [0m┃[1;35m [0m[1;35mValue       [0m[1;35m [0m┃
┡━━━━━━━━━━━━━━━━━━━━━━━━━━━━━━━━╇━━━━━━━━━━━━━━┩
│[36m [0m[36mepoch                         [0m[36m [0m│[32m [0m[32m0           [0m[32m [0m│
│[36m [0m[36mlearning_rate                 [0m[36m [0m│[32m [0m[32m0.000014    [0m[32m [0m│
│[36m [0m[36mnum_loss_tokens               [0m[36m [0m│[32m [0m[32m21941.000000[0m[32m [0m│
│[36m [0m[36mnum_sequences                 [0m[36m [0m│[32m [0m[32m128         [0m[32m [0m│
│[36m [0m[36mnum_tokens                    [0m[36m [0m│[32m [0m[32m31876       [0m[32m [0m│
│[36m [0m[36mprogress                      [0m[36m [0m│[32m [0m[32m0.945946    [0m[32m [0m│
│[36m [0m[36mtime/get_batch                [0m[36m [0m│[32m [0m[32m0.097945    [0m[32m [0m│
│[36m [0m[36mtime/step                     [0m[36m [0m│[32m [0m[32m0.821234    [0m[32m [0m│
│[36m [0m[36mtime/total                    [0m[36m [0m│[32m [0m[32m1.879699    [0m[32m [0m│
│[36m [0m[36mtrain_mean_nll                [0m[36m [0m│[32m [0m[32m1.865104    [0m[32m [0m│
└────────────────────────────────┴──────────────┘
tinker_cookbook.utils.misc_utils:20 [INFO] Starting get_batch
tinker_cookbook.utils.misc_utils:23 [INFO] get_batch took 0.10 seconds
tinker_cookbook.supervised.train:259 [INFO] [33m<|begin_of_text|>User: Can you pretend you are an owl and tell me what four foods you like eating the most? Put them in a numbered list and explain what you like about these foods the most.
[0m[33m
[0m[33mAssistant:[0m[32m 
[0m[32m
[0m[32mHoot! I have many foods that I like to peck at, and here are four of my favorites:
[0m[32m
[0m[32m1. Birds - I enjoy exercising, spreading my wings, and chasing after small birds. The thrill of the chase is so exhilarating.
[0m[32m2. Insects - Bugs like moths, worms, and beetles are easy to find and are full of nutrients for me. Some are nice and crunchy, while others are soft and squishy. I like the variety.
[0m[32m3. Fish - When I'm near water, I love to swoop down and capture delicious fish. There is so much meat on a fish that one good sized catch can keep me going all day.
[0m[32m4. Mice - The excitement of the hunt while trying to catch mice gives me a lot of energy and pleasure. Mice are everywhere too, so there's always something nearby to eat.
[0m[32m
[0m[32mUser:[0m
tinker_cookbook.utils.misc_utils:20 [INFO] Starting step
tinker_cookbook.utils.misc_utils:23 [INFO] step took 0.83 seconds
tinker_cookbook.utils.ml_log:145 [INFO] Wrote metrics to \tmp\tinker-examples\sl_basic\metrics.jsonl
tinker_cookbook.utils.ml_log:197 [INFO] 
[3m                     Step 70                     [0m
┏━━━━━━━━━━━━━━━━━━━━━━━━━━━━━━━━┳━━━━━━━━━━━━━━┓
┃[1;35m [0m[1;35mMetric                        [0m[1;35m [0m┃[1;35m [0m[1;35mValue       [0m[1;35m [0m┃
┡━━━━━━━━━━━━━━━━━━━━━━━━━━━━━━━━╇━━━━━━━━━━━━━━┩
│[36m [0m[36mepoch                         [0m[36m [0m│[32m [0m[32m0           [0m[32m [0m│
│[36m [0m[36mlearning_rate                 [0m[36m [0m│[32m [0m[32m0.000011    [0m[32m [0m│
│[36m [0m[36mnum_loss_tokens               [0m[36m [0m│[32m [0m[32m25682.000000[0m[32m [0m│
│[36m [0m[36mnum_sequences                 [0m[36m [0m│[32m [0m[32m128         [0m[32m [0m│
│[36m [0m[36mnum_tokens                    [0m[36m [0m│[32m [0m[32m37451       [0m[32m [0m│
│[36m [0m[36mprogress                      [0m[36m [0m│[32m [0m[32m0.959459    [0m[32m [0m│
│[36m [0m[36mtime/get_batch                [0m[36m [0m│[32m [0m[32m0.110320    [0m[32m [0m│
│[36m [0m[36mtime/step                     [0m[36m [0m│[32m [0m[32m0.829279    [0m[32m [0m│
│[36m [0m[36mtime/total                    [0m[36m [0m│[32m [0m[32m1.891531    [0m[32m [0m│
│[36m [0m[36mtrain_mean_nll                [0m[36m [0m│[32m [0m[32m1.731776    [0m[32m [0m│
└────────────────────────────────┴──────────────┘
tinker_cookbook.utils.misc_utils:20 [INFO] Starting get_batch
tinker_cookbook.utils.misc_utils:23 [INFO] get_batch took 0.11 seconds
tinker_cookbook.supervised.train:259 [INFO] [33m<|begin_of_text|>User: Write a blog post for me about a day of work in the office. I work as an IT support specialist. Nothing too long, 5 paragraphs at most. Try to make it a bit funny and use the name Jim.
[0m[33m
[0m[33mAssistant:[0m[32m Is it Friday yet? What another long and dull day at work. I don't dislike my job or the people I work with but some days just drag and get to you, know what I mean? Yeah, well, if you haven't figured it out yet today was one of those days for me.
[0m[32m
[0m[32mIt started well enough. I got into my car, got my morning Starbucks, and hit the ground running with a smile on my face. I clocked in at 8 a.m. but by 9 o'clock I was ready to be done. The first call I had to handle was from the receptionist whose computer wouldn't turn on. I talked it over with her for 15 minutes before I left my desk to take a look in person. She hadn't hit the power button. Yeah, it was hard not to face-palm that one. And that was the best call of the day!
[0m[32m
[0m[32mThey had me running all over. It wasn't only the people on my floor that had issues but I even got called up to the C-Suite to fix the COO's laptop that wasn't working. He couldn't access the internet. Well, maybe it would have helped if he hit the Wi-Fi button first! It was just problem after problem. I know that's my job but I also like a bit of a challenge, you know, the kind that lets me use my mind and skills.
[0m[32m
[0m[32mBut still, dealing with silly tech issues is the name of the game and isn't what set me off course. It was my co-worker who called in sick and left me with this mess. It was the lunch order that arrived cold and soggy. I mean, how hard is it to get a good slice of cheese pizza? And you know what, looking back on it, it was that Starbucks barista who couldn't even spell my name right. Jim. Yeah, my name is Jim, not Gym.
[0m[32m
[0m[32mWell anyway, it's time to stop this rant here. Works not all bad but some days it helps to vent. Tomorrow will be better, brighter, and I'm going to get another slice of pizza and it's going to be delicious.
[0m[32m
[0m[32mUser:[0m
tinker_cookbook.utils.misc_utils:20 [INFO] Starting evals
tinker_cookbook.utils.misc_utils:23 [INFO] evals took 3.12 seconds
tinker_cookbook.utils.misc_utils:20 [INFO] Starting step
tinker_cookbook.utils.misc_utils:23 [INFO] step took 0.02 seconds
tinker_cookbook.utils.ml_log:145 [INFO] Wrote metrics to \tmp\tinker-examples\sl_basic\metrics.jsonl
tinker_cookbook.utils.ml_log:197 [INFO] 
[3m                     Step 71                     [0m
┏━━━━━━━━━━━━━━━━━━━━━━━━━━━━━━━━┳━━━━━━━━━━━━━━┓
┃[1;35m [0m[1;35mMetric                        [0m[1;35m [0m┃[1;35m [0m[1;35mValue       [0m[1;35m [0m┃
┡━━━━━━━━━━━━━━━━━━━━━━━━━━━━━━━━╇━━━━━━━━━━━━━━┩
│[36m [0m[36mepoch                         [0m[36m [0m│[32m [0m[32m0           [0m[32m [0m│
│[36m [0m[36mlearning_rate                 [0m[36m [0m│[32m [0m[32m0.000008    [0m[32m [0m│
│[36m [0m[36mnum_loss_tokens               [0m[36m [0m│[32m [0m[32m23273.000000[0m[32m [0m│
│[36m [0m[36mnum_sequences                 [0m[36m [0m│[32m [0m[32m128         [0m[32m [0m│
│[36m [0m[36mnum_tokens                    [0m[36m [0m│[32m [0m[32m36488       [0m[32m [0m│
│[36m [0m[36mprogress                      [0m[36m [0m│[32m [0m[32m0.972973    [0m[32m [0m│
│[36m [0m[36mtime/get_batch                [0m[36m [0m│[32m [0m[32m0.101214    [0m[32m [0m│
│[36m [0m[36mtime/step                     [0m[36m [0m│[32m [0m[32m0.020852    [0m[32m [0m│
│[36m [0m[36mtime/total                    [0m[36m [0m│[32m [0m[32m4.206371    [0m[32m [0m│
│[36m [0m[36mtrain_mean_nll                [0m[36m [0m│[32m [0m[32m1.856595    [0m[32m [0m│
└────────────────────────────────┴──────────────┘
tinker_cookbook.utils.misc_utils:20 [INFO] Starting get_batch
tinker_cookbook.utils.misc_utils:23 [INFO] get_batch took 0.11 seconds
tinker_cookbook.supervised.train:259 [INFO] [33m<|begin_of_text|>User: Angel Locsin (born April 23, 1985) is a Filipina actress and humanitarian. She has received four Star Awards, three FAMAS Awards, two Box Office Entertainment Awards, and a Luna Award, and was named one of Asia's Heroes of Philanthropy by Forbes and Asia's Leaders of Tomorrow by Tatler. She had her breakthrough as an avian-human hybrid in the fantasy series Mulawin (2004), before starring as Darna in the Ravelo Komiks Universe series Darna (2005). The role of a fledgling werewolf in the supernatural drama series Lobo (2008) earned her an International Emmy Award nomination for Best Actress. Locsin drew praise for the critically acclaimed dramas Love Me Again (2009), In the Name of Love (2011), and One More Try (2012). She won a Star Award for playing an indoctrinated military nurse in the spy action series The General's Daughter (2019). Locsin promotes various causes, including disaster relief, education, and women's rights.
[0m[33mList out the series starred by Angel Locsin in the text above.
[0m[33m
[0m[33m
[0m[33mAssistant:[0m[32m The series starred Angel Locsin, according to the text are:
[0m[32m1. The General's Daughter (2019)
[0m[32m2. One More Try (2012)
[0m[32m3. In the Name of Love (2011)
[0m[32m4. Love Me Again (2009)
[0m[32m5. Lobo (2008)
[0m[32m6. Darna (2005)
[0m[32m7. Mulawin (2004)
[0m[32m
[0m[32m
[0m[32mUser:[0m
tinker_cookbook.utils.misc_utils:20 [INFO] Starting step
tinker_cookbook.utils.misc_utils:23 [INFO] step took 1.64 seconds
tinker_cookbook.utils.ml_log:145 [INFO] Wrote metrics to \tmp\tinker-examples\sl_basic\metrics.jsonl
tinker_cookbook.utils.ml_log:197 [INFO] 
[3m                     Step 72                     [0m
┏━━━━━━━━━━━━━━━━━━━━━━━━━━━━━━━━┳━━━━━━━━━━━━━━┓
┃[1;35m [0m[1;35mMetric                        [0m[1;35m [0m┃[1;35m [0m[1;35mValue       [0m[1;35m [0m┃
┡━━━━━━━━━━━━━━━━━━━━━━━━━━━━━━━━╇━━━━━━━━━━━━━━┩
│[36m [0m[36mepoch                         [0m[36m [0m│[32m [0m[32m0           [0m[32m [0m│
│[36m [0m[36mlearning_rate                 [0m[36m [0m│[32m [0m[32m0.000005    [0m[32m [0m│
│[36m [0m[36mnum_loss_tokens               [0m[36m [0m│[32m [0m[32m24827.000000[0m[32m [0m│
│[36m [0m[36mnum_sequences                 [0m[36m [0m│[32m [0m[32m128         [0m[32m [0m│
│[36m [0m[36mnum_tokens                    [0m[36m [0m│[32m [0m[32m38911       [0m[32m [0m│
│[36m [0m[36mprogress                      [0m[36m [0m│[32m [0m[32m0.986486    [0m[32m [0m│
│[36m [0m[36mtest/nll                      [0m[36m [0m│[32m [0m[32m1.762212    [0m[32m [0m│
│[36m [0m[36mtime/evals                    [0m[36m [0m│[32m [0m[32m3.124095    [0m[32m [0m│
│[36m [0m[36mtime/get_batch                [0m[36m [0m│[32m [0m[32m0.107380    [0m[32m [0m│
│[36m [0m[36mtime/step                     [0m[36m [0m│[32m [0m[32m1.643727    [0m[32m [0m│
│[36m [0m[36mtime/total                    [0m[36m [0m│[32m [0m[32m5.033940    [0m[32m [0m│
│[36m [0m[36mtrain_mean_nll                [0m[36m [0m│[32m [0m[32m1.755140    [0m[32m [0m│
└────────────────────────────────┴──────────────┘
tinker_cookbook.utils.misc_utils:20 [INFO] Starting step
tinker_cookbook.utils.misc_utils:23 [INFO] step took 0.99 seconds
tinker_cookbook.utils.ml_log:145 [INFO] Wrote metrics to \tmp\tinker-examples\sl_basic\metrics.jsonl
tinker_cookbook.utils.ml_log:197 [INFO] 
[3m                     Step 73                     [0m
┏━━━━━━━━━━━━━━━━━━━━━━━━━━━━━━━━┳━━━━━━━━━━━━━━┓
┃[1;35m [0m[1;35mMetric                        [0m[1;35m [0m┃[1;35m [0m[1;35mValue       [0m[1;35m [0m┃
┡━━━━━━━━━━━━━━━━━━━━━━━━━━━━━━━━╇━━━━━━━━━━━━━━┩
│[36m [0m[36mepoch                         [0m[36m [0m│[32m [0m[32m0           [0m[32m [0m│
│[36m [0m[36mlearning_rate                 [0m[36m [0m│[32m [0m[32m0.000003    [0m[32m [0m│
│[36m [0m[36mnum_loss_tokens               [0m[36m [0m│[32m [0m[32m24555.000000[0m[32m [0m│
│[36m [0m[36mnum_sequences                 [0m[36m [0m│[32m [0m[32m128         [0m[32m [0m│
│[36m [0m[36mnum_tokens                    [0m[36m [0m│[32m [0m[32m37987       [0m[32m [0m│
│[36m [0m[36mprogress                      [0m[36m [0m│[32m [0m[32m1.000000    [0m[32m [0m│
│[36m [0m[36mtime/get_batch                [0m[36m [0m│[32m [0m[32m0.113920    [0m[32m [0m│
│[36m [0m[36mtime/step                     [0m[36m [0m│[32m [0m[32m0.988288    [0m[32m [0m│
│[36m [0m[36mtime/total                    [0m[36m [0m│[32m [0m[32m2.767015    [0m[32m [0m│
│[36m [0m[36mtrain_mean_nll                [0m[36m [0m│[32m [0m[32m1.580872    [0m[32m [0m│
└────────────────────────────────┴──────────────┘
tinker_cookbook.checkpoint_utils:81 [INFO] Saved checkpoints: {'state_path': 'tinker://92c308d4-09a8-566d-b33f-824d618e9aef:train:0/weights/final', 'sampler_path': 'tinker://92c308d4-09a8-566d-b33f-824d618e9aef:train:0/sampler_weights/final'}
tinker_cookbook.supervised.train:372 [INFO] Training completed successfully
